[Licensing::Module] Trying to connect to existing licensing client channel...
Built from '6000.0/respin/6000.0.63f1-b423dd65e13f' branch; Version is '6000.0.63f1 (9438f9b77a46) revision 9713913'; Using compiler version '193933523'; Build Type 'Release'
[Licensing::IpcConnector] Successfully connected to: "LicenseClient-NEC" at "2026-01-29T05:57:47.5127838Z"
OS: 'Windows 11  (10.0.26100) 64bit Professional' Language: 'ko' Physical Memory: 32607 MB
BatchMode: 1, IsHumanControllingUs: 0, StartBugReporterOnCrash: 0, Is64bit: 1
Date: 2026-01-29T05:57:47Z

COMMAND LINE ARGUMENTS:
C:\Program Files\Unity\Hub\Editor\6000.0.63f1\Editor\Unity.exe
-adb2
-batchMode
-noUpm
-name
AssetImportWorker0
-projectPath
D:/Unity_Workspace/CapStoneDemo
-logFile
Logs/AssetImportWorker0.log
-srvPort
54914
-licensingIpc
LicenseClient-NEC
-job-worker-count
9
-background-job-worker-count
8
-gc-helper-count
1
-name
AssetImport
Successfully changed project path to: D:/Unity_Workspace/CapStoneDemo
D:/Unity_Workspace/CapStoneDemo
[UnityMemory] Configuration Parameters - Can be set up in boot.config
    "memorysetup-bucket-allocator-granularity=16"
    "memorysetup-bucket-allocator-bucket-count=8"
    "memorysetup-bucket-allocator-block-size=33554432"
    "memorysetup-bucket-allocator-block-count=8"
    "memorysetup-main-allocator-block-size=16777216"
    "memorysetup-thread-allocator-block-size=16777216"
    "memorysetup-gfx-main-allocator-block-size=16777216"
    "memorysetup-gfx-thread-allocator-block-size=16777216"
    "memorysetup-cache-allocator-block-size=4194304"
    "memorysetup-typetree-allocator-block-size=2097152"
    "memorysetup-profiler-bucket-allocator-granularity=16"
    "memorysetup-profiler-bucket-allocator-bucket-count=8"
    "memorysetup-profiler-bucket-allocator-block-size=33554432"
    "memorysetup-profiler-bucket-allocator-block-count=8"
    "memorysetup-profiler-allocator-block-size=16777216"
    "memorysetup-profiler-editor-allocator-block-size=1048576"
    "memorysetup-temp-allocator-size-main=16777216"
    "memorysetup-job-temp-allocator-block-size=2097152"
    "memorysetup-job-temp-allocator-block-size-background=1048576"
    "memorysetup-job-temp-allocator-reduction-small-platforms=262144"
    "memorysetup-allocator-temp-initial-block-size-main=262144"
    "memorysetup-allocator-temp-initial-block-size-worker=262144"
    "memorysetup-temp-allocator-size-background-worker=32768"
    "memorysetup-temp-allocator-size-job-worker=262144"
    "memorysetup-temp-allocator-size-preload-manager=33554432"
    "memorysetup-temp-allocator-size-nav-mesh-worker=65536"
    "memorysetup-temp-allocator-size-audio-worker=65536"
    "memorysetup-temp-allocator-size-cloud-worker=32768"
    "memorysetup-temp-allocator-size-gi-baking-worker=262144"
    "memorysetup-temp-allocator-size-gi-baking-worker=262144"
    "memorysetup-temp-allocator-size-gi-baking-worker=262144"
    "memorysetup-temp-allocator-size-gi-baking-worker=262144"
    "memorysetup-temp-allocator-size-gi-baking-worker=262144"
    "memorysetup-temp-allocator-size-gfx=262144"
Player connection [20688]  Target information:

Player connection [20688]  * "[IP] 192.168.75.229 [Port] 0 [Flags] 2 [Guid] 2968996349 [EditorId] 2968996349 [Version] 1048832 [Id] WindowsEditor(7,DESKTOP-I45K88P) [Debug] 1 [PackageName] WindowsEditor [ProjectName] Editor" 

Player connection [20688] Host joined multi-casting on [225.0.0.222:54997]...
Player connection [20688] Host joined alternative multi-casting on [225.0.0.222:34997]...
JobSystem: Creating JobQueue using job-worker-count value 9
Input System module state changed to: Initialized.
[Physics::Module] Initialized fallback backend.
[Physics::Module] Id: 0xdecafbad
Library Redirect Path: Library/
[Physics::Module] Selected backend.
[Physics::Module] Name: PhysX
[Physics::Module] Id: 0xf2b8ea05
[Physics::Module] SDK Version: 4.1.2
[Physics::Module] Integration Version: 1.0.0
[Physics::Module] Threading Mode: Multi-Threaded
Refreshing native plugins compatible for Editor in 0.77 ms, found 3 plugins.
Preloading 0 native plugins for Editor in 0.00 ms.
Initialize engine version: 6000.0.63f1 (9438f9b77a46)
[Subsystems] Discovering subsystems at path C:/Program Files/Unity/Hub/Editor/6000.0.63f1/Editor/Data/Resources/UnitySubsystems
[Subsystems] Discovering subsystems at path D:/Unity_Workspace/CapStoneDemo/Assets
GfxDevice: creating device client; kGfxThreadingModeNonThreaded
Direct3D:
    Version:  Direct3D 11.0 [level 11.1]
    Renderer: NVIDIA GeForce RTX 3060 (ID=0x2504)
    Vendor:   NVIDIA
    VRAM:     12115 MB
    Driver:   32.0.15.6603
Initialize mono
Mono path[0] = 'C:/Program Files/Unity/Hub/Editor/6000.0.63f1/Editor/Data/Managed'
Mono path[1] = 'C:/Program Files/Unity/Hub/Editor/6000.0.63f1/Editor/Data/MonoBleedingEdge/lib/mono/unityjit-win32'
Mono config path = 'C:/Program Files/Unity/Hub/Editor/6000.0.63f1/Editor/Data/MonoBleedingEdge/etc'
Using monoOptions --debugger-agent=transport=dt_socket,embedding=1,server=y,suspend=n,address=127.0.0.1:56216
Begin MonoManager ReloadAssembly
Registering precompiled unity dll's ...
Register platform support module: C:/Program Files/Unity/Hub/Editor/6000.0.63f1/Editor/Data/PlaybackEngines/WindowsStandaloneSupport/UnityEditor.WindowsStandalone.Extensions.dll
[Licensing::Module] Licensing is not yet initialized.
[Licensing::Client] Error: HandshakeResponse reported an error:
	ResponseCode: 505
	ResponseStatus: Unsupported protocol version '1.17.4'.
[Licensing::Module] Error: Failed to handshake to channel: "LicenseClient-NEC"
[Licensing::IpcConnector] LicenseClient-NEC channel disconnected successfully.
[Licensing::IpcConnector] Successfully connected to: "LicenseClient-NEC-6000.0.63" at "2026-01-29T05:57:49.3241388Z"
[Licensing::Client] Handshaking with LicensingClient:
  Version:                 1.17.4+4293ba1
  Session Id:              cf28766e0fc24157ba60552d06d1f9a6
  Correlation Id:          59014d103ea4bae504e03bbc91393672
  External correlation Id: 4535866711827627153
  Machine Id:              oPTHJJF8rkvgsFn4IqTr2a5z/WM=
[Licensing::Module] Successfully connected to LicensingClient on channel: "LicenseClient-NEC-6000.0.63" (connect: 0.00s, validation: 0.00s, handshake: 1.71s)
[Licensing::IpcConnector] Successfully connected to: "LicenseClient-NEC-6000.0.63-notifications" at "2026-01-29T05:57:51.0395306Z"
[Licensing::Module] Licensing Background thread has ended after 3.53s
[Licensing::Module] Licensing is initialized (took 3.00s).
[Licensing::Client] Successfully resolved entitlement details
[Licensing::Module] License group:
  Id: 14569097725949-UnityPersXXXX
  Product: Unity Personal
  Type: Assigned
  Expiration: Unlimited
Register platform support module: C:/Program Files/Unity/Hub/Editor/6000.0.63f1/Editor/Data/PlaybackEngines/AndroidPlayer/UnityEditor.Android.Extensions.dll
Registered in 3.004398 seconds.
- Loaded All Assemblies, in  3.279 seconds
Native extension for Android target not found
Android Extension - Scanning For ADB Devices 443 ms
Native extension for WindowsStandalone target not found
Mono: successfully reloaded assembly
- Finished resetting the current domain, in  0.683 seconds
Domain Reload Profiling: 3960ms
	BeginReloadAssembly (99ms)
		ExecutionOrderSort (0ms)
		DisableScriptedObjects (0ms)
		BackupInstance (0ms)
		ReleaseScriptingObjects (0ms)
		CreateAndSetChildDomain (0ms)
	RebuildCommonClasses (30ms)
	RebuildNativeTypeToScriptingClass (10ms)
	initialDomainReloadingComplete (3035ms)
	LoadAllAssembliesAndSetupDomain (104ms)
		LoadAssemblies (97ms)
		RebuildTransferFunctionScriptingTraits (0ms)
		AnalyzeDomain (101ms)
			TypeCache.Refresh (100ms)
				TypeCache.ScanAssembly (91ms)
			BuildScriptInfoCaches (0ms)
			ResolveRequiredComponents (0ms)
	FinalizeReload (683ms)
		ReleaseScriptCaches (0ms)
		RebuildScriptCaches (0ms)
		SetupLoadedEditorAssemblies (657ms)
			LogAssemblyErrors (0ms)
			InitializePlatformSupportModulesInManaged (503ms)
			SetLoadedEditorAssemblies (3ms)
			BeforeProcessingInitializeOnLoad (36ms)
			ProcessInitializeOnLoadAttributes (77ms)
			ProcessInitializeOnLoadMethodAttributes (38ms)
			AfterProcessingInitializeOnLoad (0ms)
			EditorAssembliesLoaded (0ms)
		ExecutionOrderSort2 (0ms)
		AwakeInstancesAfterBackupRestoration (0ms)
========================================================================
Worker process is ready to serve import requests
Import Worker Mode flag is 0x00
Begin MonoManager ReloadAssembly
[Licensing::Client] Successfully resolved entitlement details
- Loaded All Assemblies, in  0.434 seconds
Refreshing native plugins compatible for Editor in 0.38 ms, found 3 plugins.
Native extension for Android target not found
Native extension for WindowsStandalone target not found
Package Manager log level set to [2]
[Package Manager] Failed to launch server process. Reason: Unity was launched with the -noUpm command-line argument
[Package Manager] Unable to send message (not connected to server process).
[Package Manager] Cannot connect to Unity Package Manager local server
Mono: successfully reloaded assembly
- Finished resetting the current domain, in  0.438 seconds
Domain Reload Profiling: 872ms
	BeginReloadAssembly (124ms)
		ExecutionOrderSort (0ms)
		DisableScriptedObjects (4ms)
		BackupInstance (0ms)
		ReleaseScriptingObjects (0ms)
		CreateAndSetChildDomain (19ms)
	RebuildCommonClasses (24ms)
	RebuildNativeTypeToScriptingClass (8ms)
	initialDomainReloadingComplete (25ms)
	LoadAllAssembliesAndSetupDomain (252ms)
		LoadAssemblies (198ms)
		RebuildTransferFunctionScriptingTraits (0ms)
		AnalyzeDomain (126ms)
			TypeCache.Refresh (103ms)
				TypeCache.ScanAssembly (94ms)
			BuildScriptInfoCaches (17ms)
			ResolveRequiredComponents (3ms)
	FinalizeReload (439ms)
		ReleaseScriptCaches (0ms)
		RebuildScriptCaches (0ms)
		SetupLoadedEditorAssemblies (359ms)
			LogAssemblyErrors (0ms)
			InitializePlatformSupportModulesInManaged (8ms)
			SetLoadedEditorAssemblies (3ms)
			BeforeProcessingInitializeOnLoad (54ms)
			ProcessInitializeOnLoadAttributes (275ms)
			ProcessInitializeOnLoadMethodAttributes (16ms)
			AfterProcessingInitializeOnLoad (3ms)
			EditorAssembliesLoaded (0ms)
		ExecutionOrderSort2 (0ms)
		AwakeInstancesAfterBackupRestoration (10ms)
Launched and connected shader compiler UnityShaderCompiler.exe after 0.03 seconds
Refreshing native plugins compatible for Editor in 0.39 ms, found 3 plugins.
Preloading 0 native plugins for Editor in 0.00 ms.
Unloading 12 Unused Serialized files (Serialized files now loaded: 0)
Unloading 3691 unused Assets / (3.0 MB). Loaded Objects now: 4220.
Memory consumption went from 90.4 MB to 87.4 MB.
Total: 3.971100 ms (FindLiveObjects: 0.228900 ms CreateObjectMapping: 0.107800 ms MarkObjects: 2.769700 ms  DeleteObjects: 0.863900 ms)

========================================================================
Received Import Request.
  Time since last request: 634249.766680 seconds.
  path: Assets/Animator/TutorialSceneAni
  artifactKey: Guid(0262121a6e22ef547b83b4cd6c2533d2) Importer(815301076,1909f56bfc062723c751e8b465ee728b)
Start importing Assets/Animator/TutorialSceneAni using Guid(0262121a6e22ef547b83b4cd6c2533d2) Importer(815301076,1909f56bfc062723c751e8b465ee728b) (PreviewImporter) -> (artifact id: '3181267488c8a0f86062e473a172b590') in 0.0033584 seconds
Number of updated asset objects reloaded before import = 0Number of asset objects unloaded after import = 0

========================================================================
Received Import Request.
  Time since last request: 2.339475 seconds.
  path: Assets/Animator/CheckClueScene_ManToilet/FilpNotesAni.controller
  artifactKey: Guid(98b6babb8f8f53c4095b5009e10dd490) Importer(815301076,1909f56bfc062723c751e8b465ee728b)
Start importing Assets/Animator/CheckClueScene_ManToilet/FilpNotesAni.controller using Guid(98b6babb8f8f53c4095b5009e10dd490) Importer(815301076,1909f56bfc062723c751e8b465ee728b) (PreviewImporter) -> (artifact id: 'ce3a7750e6e5e3a40e88924531d25b44') in 0.008625 seconds
Number of updated asset objects reloaded before import = 0Number of asset objects unloaded after import = 12

========================================================================
Received Import Request.
  Time since last request: 9.355969 seconds.
  path: Assets/Animator/CheckClueScene_ManToilet/FlipNotesNext_right_Ani.anim
  artifactKey: Guid(49788c4c65050a44499300351fb64c00) Importer(815301076,1909f56bfc062723c751e8b465ee728b)
Start importing Assets/Animator/CheckClueScene_ManToilet/FlipNotesNext_right_Ani.anim using Guid(49788c4c65050a44499300351fb64c00) Importer(815301076,1909f56bfc062723c751e8b465ee728b) (PreviewImporter) -> (artifact id: '4c9ee386b84c8cef72fa5eabfb3c5a48') in 0.0017416 seconds
Number of updated asset objects reloaded before import = 0Number of asset objects unloaded after import = 1

========================================================================
Received Import Request.
  Time since last request: 0.338631 seconds.
  path: Assets/Animator/CheckClueScene_ManToilet/NoteBtn.controller
  artifactKey: Guid(209ca7bd5be106d48bffbb30b826bc9b) Importer(815301076,1909f56bfc062723c751e8b465ee728b)
Start importing Assets/Animator/CheckClueScene_ManToilet/NoteBtn.controller using Guid(209ca7bd5be106d48bffbb30b826bc9b) Importer(815301076,1909f56bfc062723c751e8b465ee728b) (PreviewImporter) -> (artifact id: '07ce9fd760e1272f5df69501808224e1') in 0.0011163 seconds
Number of updated asset objects reloaded before import = 0Number of asset objects unloaded after import = 8

========================================================================
Received Import Request.
  Time since last request: 4.494512 seconds.
  path: Assets/Animator/CheckClueScene_ManToilet/NoteBtnChange_idle.anim
  artifactKey: Guid(ce8623a68bd6eee42ae884a5e4546aa9) Importer(815301076,1909f56bfc062723c751e8b465ee728b)
Start importing Assets/Animator/CheckClueScene_ManToilet/NoteBtnChange_idle.anim using Guid(ce8623a68bd6eee42ae884a5e4546aa9) Importer(815301076,1909f56bfc062723c751e8b465ee728b) (PreviewImporter) -> (artifact id: 'dd705c7f0f86ce0965fd588a67885f3a') in 0.000744 seconds
Number of updated asset objects reloaded before import = 0Number of asset objects unloaded after import = 1

========================================================================
Received Import Request.
  Time since last request: 2.034489 seconds.
  path: Assets/Animator/CheckClueScene_ManToilet/NoteBtnChange.anim
  artifactKey: Guid(abd475c377a28c141b51358d061d3fd3) Importer(815301076,1909f56bfc062723c751e8b465ee728b)
Start importing Assets/Animator/CheckClueScene_ManToilet/NoteBtnChange.anim using Guid(abd475c377a28c141b51358d061d3fd3) Importer(815301076,1909f56bfc062723c751e8b465ee728b) (PreviewImporter) -> (artifact id: '27f2e4f99a628033a0ebe7ebcf4a8d08') in 0.0007959 seconds
Number of updated asset objects reloaded before import = 0Number of asset objects unloaded after import = 1

========================================================================
Received Import Request.
  Time since last request: 2.926626 seconds.
  path: Assets/Animator/CheckClueScene_ManToilet/FlipNotesAni.anim
  artifactKey: Guid(c054cec7068df3646a89878170f209a1) Importer(815301076,1909f56bfc062723c751e8b465ee728b)
Start importing Assets/Animator/CheckClueScene_ManToilet/FlipNotesAni.anim using Guid(c054cec7068df3646a89878170f209a1) Importer(815301076,1909f56bfc062723c751e8b465ee728b) (PreviewImporter) -> (artifact id: '69bd7398f6ec28cde2ab77a61bf0b97f') in 0.0007755 seconds
Number of updated asset objects reloaded before import = 0Number of asset objects unloaded after import = 1

========================================================================
Received Import Request.
  Time since last request: 66.963429 seconds.
  path: Assets/Animator/LoadingNote_ManToilet.controller
  artifactKey: Guid(2d7077d172307c840a249a6ac02bc07c) Importer(815301076,1909f56bfc062723c751e8b465ee728b)
Start importing Assets/Animator/LoadingNote_ManToilet.controller using Guid(2d7077d172307c840a249a6ac02bc07c) Importer(815301076,1909f56bfc062723c751e8b465ee728b) (PreviewImporter) -> (artifact id: '4e99507ba1cdf7a17fb5473ded66687a') in 0.0010738 seconds
Number of updated asset objects reloaded before import = 0Number of asset objects unloaded after import = 4

========================================================================
Received Import Request.
  Time since last request: 0.382017 seconds.
  path: Assets/Animator/FilpFile_title_Ani.anim
  artifactKey: Guid(264c56a20454725439f53b4f88dd9093) Importer(815301076,1909f56bfc062723c751e8b465ee728b)
Start importing Assets/Animator/FilpFile_title_Ani.anim using Guid(264c56a20454725439f53b4f88dd9093) Importer(815301076,1909f56bfc062723c751e8b465ee728b) (PreviewImporter) -> (artifact id: '26c21277b2a115bb4aaf298873582610') in 0.0008107 seconds
Number of updated asset objects reloaded before import = 0Number of asset objects unloaded after import = 1

========================================================================
Received Import Request.
  Time since last request: 0.578111 seconds.
  path: Assets/Animator/FilpFile_inside_Next_Ani.anim
  artifactKey: Guid(39988aad47b283c48be5ccc4f2a49e20) Importer(815301076,1909f56bfc062723c751e8b465ee728b)
Start importing Assets/Animator/FilpFile_inside_Next_Ani.anim using Guid(39988aad47b283c48be5ccc4f2a49e20) Importer(815301076,1909f56bfc062723c751e8b465ee728b) (PreviewImporter) -> (artifact id: '73c450f7fb149cc4b6d9446ad4f22145') in 0.0008206 seconds
Number of updated asset objects reloaded before import = 0Number of asset objects unloaded after import = 1

========================================================================
Received Import Request.
  Time since last request: 1.849255 seconds.
  path: Assets/Animator/LoadingNoteAni-ManToilet.anim
  artifactKey: Guid(126403f9c36fea14eb4781229a7a5a56) Importer(815301076,1909f56bfc062723c751e8b465ee728b)
Start importing Assets/Animator/LoadingNoteAni-ManToilet.anim using Guid(126403f9c36fea14eb4781229a7a5a56) Importer(815301076,1909f56bfc062723c751e8b465ee728b) (PreviewImporter) -> (artifact id: '8452bf2d3df78ec7a32d76d502f54961') in 0.0008209 seconds
Number of updated asset objects reloaded before import = 0Number of asset objects unloaded after import = 1

========================================================================
Received Import Request.
  Time since last request: 0.485221 seconds.
  path: Assets/Animator/LoadingNoteAni-Storage.anim
  artifactKey: Guid(a191f812cac51e645a4a331b3718722d) Importer(815301076,1909f56bfc062723c751e8b465ee728b)
Start importing Assets/Animator/LoadingNoteAni-Storage.anim using Guid(a191f812cac51e645a4a331b3718722d) Importer(815301076,1909f56bfc062723c751e8b465ee728b) (PreviewImporter) -> (artifact id: '3f5f00ad94e8d3a1f6a8ca06d5c546eb') in 0.0008303 seconds
Number of updated asset objects reloaded before import = 0Number of asset objects unloaded after import = 1

========================================================================
Received Import Request.
  Time since last request: 0.534596 seconds.
  path: Assets/Animator/LoadingNoteAni-backStage.anim
  artifactKey: Guid(3e2aa8eadf23e324b8c35069c9288f6f) Importer(815301076,1909f56bfc062723c751e8b465ee728b)
Start importing Assets/Animator/LoadingNoteAni-backStage.anim using Guid(3e2aa8eadf23e324b8c35069c9288f6f) Importer(815301076,1909f56bfc062723c751e8b465ee728b) (PreviewImporter) -> (artifact id: '36db72aeda5dce8fb3154e36a7904217') in 0.0010037 seconds
Number of updated asset objects reloaded before import = 0Number of asset objects unloaded after import = 1

========================================================================
Received Import Request.
  Time since last request: 0.332136 seconds.
  path: Assets/Animator/LoadingNoteAni-Map.anim
  artifactKey: Guid(8b21cf646b428c24597a4e7eb187a3c4) Importer(815301076,1909f56bfc062723c751e8b465ee728b)
Start importing Assets/Animator/LoadingNoteAni-Map.anim using Guid(8b21cf646b428c24597a4e7eb187a3c4) Importer(815301076,1909f56bfc062723c751e8b465ee728b) (PreviewImporter) -> (artifact id: '9e7ddd9b179c6291b3db3aa17cf3dd2e') in 0.0007996 seconds
Number of updated asset objects reloaded before import = 0Number of asset objects unloaded after import = 1

========================================================================
Received Import Request.
  Time since last request: 0.316268 seconds.
  path: Assets/Animator/LoadingNote_Storage.controller
  artifactKey: Guid(c24656d09bed052459c0138f954dcca6) Importer(815301076,1909f56bfc062723c751e8b465ee728b)
Start importing Assets/Animator/LoadingNote_Storage.controller using Guid(c24656d09bed052459c0138f954dcca6) Importer(815301076,1909f56bfc062723c751e8b465ee728b) (PreviewImporter) -> (artifact id: '7228d4a976e8371efe5f5d10756cdf01') in 0.0009252 seconds
Number of updated asset objects reloaded before import = 0Number of asset objects unloaded after import = 4

========================================================================
Received Import Request.
  Time since last request: 0.344927 seconds.
  path: Assets/Animator/LoadingNote_Map.controller
  artifactKey: Guid(f35f97ca70d74584abce853082f5a646) Importer(815301076,1909f56bfc062723c751e8b465ee728b)
Start importing Assets/Animator/LoadingNote_Map.controller using Guid(f35f97ca70d74584abce853082f5a646) Importer(815301076,1909f56bfc062723c751e8b465ee728b) (PreviewImporter) -> (artifact id: '92b270bd71a2f952e885d0eb9e6e2fab') in 0.0009212 seconds
Number of updated asset objects reloaded before import = 0Number of asset objects unloaded after import = 4

========================================================================
Received Import Request.
  Time since last request: 6.149866 seconds.
  path: Assets/Animator/FilpFile_inside_Ani.anim
  artifactKey: Guid(032d5bec49158bd4cbb566566a9d6063) Importer(815301076,1909f56bfc062723c751e8b465ee728b)
Start importing Assets/Animator/FilpFile_inside_Ani.anim using Guid(032d5bec49158bd4cbb566566a9d6063) Importer(815301076,1909f56bfc062723c751e8b465ee728b) (PreviewImporter) -> (artifact id: '2eabb89509fc38003ba5b7a913feebaa') in 0.0007722 seconds
Number of updated asset objects reloaded before import = 0Number of asset objects unloaded after import = 1

========================================================================
Received Prepare
Refreshing native plugins compatible for Editor in 0.79 ms, found 3 plugins.
Preloading 0 native plugins for Editor in 0.00 ms.
Unloading 12 Unused Serialized files (Serialized files now loaded: 0)
Unloading 3684 unused Assets / (2.3 MB). Loaded Objects now: 4223.
Memory consumption went from 90.0 MB to 87.6 MB.
Total: 7.112400 ms (FindLiveObjects: 0.445200 ms CreateObjectMapping: 0.167400 ms MarkObjects: 5.288700 ms  DeleteObjects: 1.210200 ms)

Prepare: number of updated asset objects reloaded= 0
========================================================================
Received Prepare
Refreshing native plugins compatible for Editor in 1.09 ms, found 3 plugins.
Preloading 0 native plugins for Editor in 0.00 ms.
Unloading 12 Unused Serialized files (Serialized files now loaded: 0)
Unloading 3684 unused Assets / (3.0 MB). Loaded Objects now: 4223.
Memory consumption went from 90.0 MB to 87.0 MB.
Total: 7.875800 ms (FindLiveObjects: 0.439300 ms CreateObjectMapping: 0.156800 ms MarkObjects: 5.765100 ms  DeleteObjects: 1.513200 ms)

Prepare: number of updated asset objects reloaded= 0
========================================================================
Received Prepare
Begin MonoManager ReloadAssembly
[Licensing::Client] Successfully resolved entitlement details
- Loaded All Assemblies, in  0.705 seconds
Refreshing native plugins compatible for Editor in 0.64 ms, found 3 plugins.
Native extension for Android target not found
Native extension for WindowsStandalone target not found
[Package Manager] Failed to launch server process. Reason: Unity was launched with the -noUpm command-line argument
[Package Manager] Unable to send message (not connected to server process).
[Package Manager] Cannot connect to Unity Package Manager local server
Mono: successfully reloaded assembly
- Finished resetting the current domain, in  0.759 seconds
Domain Reload Profiling: 1464ms
	BeginReloadAssembly (241ms)
		ExecutionOrderSort (0ms)
		DisableScriptedObjects (7ms)
		BackupInstance (0ms)
		ReleaseScriptingObjects (0ms)
		CreateAndSetChildDomain (50ms)
	RebuildCommonClasses (42ms)
	RebuildNativeTypeToScriptingClass (15ms)
	initialDomainReloadingComplete (32ms)
	LoadAllAssembliesAndSetupDomain (373ms)
		LoadAssemblies (346ms)
		RebuildTransferFunctionScriptingTraits (0ms)
		AnalyzeDomain (155ms)
			TypeCache.Refresh (12ms)
				TypeCache.ScanAssembly (1ms)
			BuildScriptInfoCaches (132ms)
			ResolveRequiredComponents (6ms)
	FinalizeReload (760ms)
		ReleaseScriptCaches (0ms)
		RebuildScriptCaches (0ms)
		SetupLoadedEditorAssemblies (611ms)
			LogAssemblyErrors (0ms)
			InitializePlatformSupportModulesInManaged (13ms)
			SetLoadedEditorAssemblies (4ms)
			BeforeProcessingInitializeOnLoad (107ms)
			ProcessInitializeOnLoadAttributes (450ms)
			ProcessInitializeOnLoadMethodAttributes (28ms)
			AfterProcessingInitializeOnLoad (9ms)
			EditorAssembliesLoaded (0ms)
		ExecutionOrderSort2 (0ms)
		AwakeInstancesAfterBackupRestoration (21ms)
Refreshing native plugins compatible for Editor in 0.82 ms, found 3 plugins.
Preloading 0 native plugins for Editor in 0.00 ms.
Unloading 12 Unused Serialized files (Serialized files now loaded: 0)
Unloading 3689 unused Assets / (2.8 MB). Loaded Objects now: 4224.
Memory consumption went from 91.2 MB to 88.4 MB.
Total: 6.475500 ms (FindLiveObjects: 0.426600 ms CreateObjectMapping: 0.152000 ms MarkObjects: 4.388600 ms  DeleteObjects: 1.507300 ms)

Prepare: number of updated asset objects reloaded= 0
========================================================================
Received Prepare
Refreshing native plugins compatible for Editor in 1.23 ms, found 3 plugins.
Preloading 0 native plugins for Editor in 0.00 ms.
Unloading 12 Unused Serialized files (Serialized files now loaded: 0)
Unloading 3684 unused Assets / (2.7 MB). Loaded Objects now: 4224.
Memory consumption went from 91.4 MB to 88.7 MB.
Total: 6.458000 ms (FindLiveObjects: 0.431600 ms CreateObjectMapping: 0.162000 ms MarkObjects: 4.569100 ms  DeleteObjects: 1.293900 ms)

Prepare: number of updated asset objects reloaded= 0
========================================================================
Received Prepare
Begin MonoManager ReloadAssembly
[Licensing::Client] Successfully resolved entitlement details
- Loaded All Assemblies, in  2.151 seconds
Refreshing native plugins compatible for Editor in 0.34 ms, found 3 plugins.
Native extension for Android target not found
Native extension for WindowsStandalone target not found
[Package Manager] Failed to launch server process. Reason: Unity was launched with the -noUpm command-line argument
[Package Manager] Unable to send message (not connected to server process).
[Package Manager] Cannot connect to Unity Package Manager local server
Mono: successfully reloaded assembly
- Finished resetting the current domain, in  0.410 seconds
Domain Reload Profiling: 2561ms
	BeginReloadAssembly (174ms)
		ExecutionOrderSort (0ms)
		DisableScriptedObjects (6ms)
		BackupInstance (0ms)
		ReleaseScriptingObjects (0ms)
		CreateAndSetChildDomain (33ms)
	RebuildCommonClasses (23ms)
	RebuildNativeTypeToScriptingClass (8ms)
	initialDomainReloadingComplete (17ms)
	LoadAllAssembliesAndSetupDomain (1929ms)
		LoadAssemblies (1932ms)
		RebuildTransferFunctionScriptingTraits (0ms)
		AnalyzeDomain (88ms)
			TypeCache.Refresh (7ms)
				TypeCache.ScanAssembly (1ms)
			BuildScriptInfoCaches (74ms)
			ResolveRequiredComponents (3ms)
	FinalizeReload (410ms)
		ReleaseScriptCaches (0ms)
		RebuildScriptCaches (0ms)
		SetupLoadedEditorAssemblies (333ms)
			LogAssemblyErrors (0ms)
			InitializePlatformSupportModulesInManaged (7ms)
			SetLoadedEditorAssemblies (3ms)
			BeforeProcessingInitializeOnLoad (53ms)
			ProcessInitializeOnLoadAttributes (249ms)
			ProcessInitializeOnLoadMethodAttributes (16ms)
			AfterProcessingInitializeOnLoad (4ms)
			EditorAssembliesLoaded (0ms)
		ExecutionOrderSort2 (0ms)
		AwakeInstancesAfterBackupRestoration (10ms)
Refreshing native plugins compatible for Editor in 0.34 ms, found 3 plugins.
Preloading 0 native plugins for Editor in 0.00 ms.
Unloading 12 Unused Serialized files (Serialized files now loaded: 0)
Unloading 3689 unused Assets / (2.8 MB). Loaded Objects now: 4225.
Memory consumption went from 91.2 MB to 88.4 MB.
Total: 3.799600 ms (FindLiveObjects: 0.268600 ms CreateObjectMapping: 0.111100 ms MarkObjects: 2.628000 ms  DeleteObjects: 0.791200 ms)

Prepare: number of updated asset objects reloaded= 0
========================================================================
Received Prepare
Begin MonoManager ReloadAssembly
- Loaded All Assemblies, in  0.384 seconds
Refreshing native plugins compatible for Editor in 0.38 ms, found 3 plugins.
Native extension for Android target not found
Native extension for WindowsStandalone target not found
[Package Manager] Failed to launch server process. Reason: Unity was launched with the -noUpm command-line argument
[Package Manager] Unable to send message (not connected to server process).
[Package Manager] Cannot connect to Unity Package Manager local server
Mono: successfully reloaded assembly
- Finished resetting the current domain, in  0.408 seconds
Domain Reload Profiling: 793ms
	BeginReloadAssembly (129ms)
		ExecutionOrderSort (0ms)
		DisableScriptedObjects (4ms)
		BackupInstance (0ms)
		ReleaseScriptingObjects (0ms)
		CreateAndSetChildDomain (24ms)
	RebuildCommonClasses (23ms)
	RebuildNativeTypeToScriptingClass (8ms)
	initialDomainReloadingComplete (18ms)
	LoadAllAssembliesAndSetupDomain (206ms)
		LoadAssemblies (186ms)
		RebuildTransferFunctionScriptingTraits (0ms)
		AnalyzeDomain (88ms)
			TypeCache.Refresh (4ms)
				TypeCache.ScanAssembly (0ms)
			BuildScriptInfoCaches (76ms)
			ResolveRequiredComponents (4ms)
	FinalizeReload (408ms)
		ReleaseScriptCaches (0ms)
		RebuildScriptCaches (0ms)
		SetupLoadedEditorAssemblies (329ms)
			LogAssemblyErrors (0ms)
			InitializePlatformSupportModulesInManaged (7ms)
			SetLoadedEditorAssemblies (3ms)
			BeforeProcessingInitializeOnLoad (53ms)
			ProcessInitializeOnLoadAttributes (248ms)
			ProcessInitializeOnLoadMethodAttributes (15ms)
			AfterProcessingInitializeOnLoad (4ms)
			EditorAssembliesLoaded (0ms)
		ExecutionOrderSort2 (0ms)
		AwakeInstancesAfterBackupRestoration (11ms)
Refreshing native plugins compatible for Editor in 0.42 ms, found 3 plugins.
Preloading 0 native plugins for Editor in 0.00 ms.
Unloading 12 Unused Serialized files (Serialized files now loaded: 0)
Unloading 3689 unused Assets / (2.9 MB). Loaded Objects now: 4226.
Memory consumption went from 91.2 MB to 88.3 MB.
Total: 3.758300 ms (FindLiveObjects: 0.234000 ms CreateObjectMapping: 0.124600 ms MarkObjects: 2.556900 ms  DeleteObjects: 0.842400 ms)

Prepare: number of updated asset objects reloaded= 0
========================================================================
Received Prepare
Refreshing native plugins compatible for Editor in 0.75 ms, found 3 plugins.
Preloading 0 native plugins for Editor in 0.00 ms.
Unloading 12 Unused Serialized files (Serialized files now loaded: 0)
Unloading 3684 unused Assets / (2.7 MB). Loaded Objects now: 4226.
Memory consumption went from 91.4 MB to 88.7 MB.
Total: 5.969900 ms (FindLiveObjects: 0.423800 ms CreateObjectMapping: 0.158000 ms MarkObjects: 4.208100 ms  DeleteObjects: 1.179300 ms)

Prepare: number of updated asset objects reloaded= 0
========================================================================
Received Prepare
Begin MonoManager ReloadAssembly
[Licensing::Client] Successfully resolved entitlement details
- Loaded All Assemblies, in  0.708 seconds
Refreshing native plugins compatible for Editor in 0.69 ms, found 3 plugins.
Native extension for Android target not found
Native extension for WindowsStandalone target not found
[Package Manager] Failed to launch server process. Reason: Unity was launched with the -noUpm command-line argument
[Package Manager] Unable to send message (not connected to server process).
[Package Manager] Cannot connect to Unity Package Manager local server
Mono: successfully reloaded assembly
- Finished resetting the current domain, in  0.751 seconds
Domain Reload Profiling: 1457ms
	BeginReloadAssembly (236ms)
		ExecutionOrderSort (0ms)
		DisableScriptedObjects (7ms)
		BackupInstance (0ms)
		ReleaseScriptingObjects (0ms)
		CreateAndSetChildDomain (47ms)
	RebuildCommonClasses (40ms)
	RebuildNativeTypeToScriptingClass (15ms)
	initialDomainReloadingComplete (32ms)
	LoadAllAssembliesAndSetupDomain (383ms)
		LoadAssemblies (343ms)
		RebuildTransferFunctionScriptingTraits (0ms)
		AnalyzeDomain (169ms)
			TypeCache.Refresh (10ms)
				TypeCache.ScanAssembly (1ms)
			BuildScriptInfoCaches (148ms)
			ResolveRequiredComponents (6ms)
	FinalizeReload (751ms)
		ReleaseScriptCaches (0ms)
		RebuildScriptCaches (0ms)
		SetupLoadedEditorAssemblies (602ms)
			LogAssemblyErrors (0ms)
			InitializePlatformSupportModulesInManaged (15ms)
			SetLoadedEditorAssemblies (4ms)
			BeforeProcessingInitializeOnLoad (103ms)
			ProcessInitializeOnLoadAttributes (447ms)
			ProcessInitializeOnLoadMethodAttributes (26ms)
			AfterProcessingInitializeOnLoad (7ms)
			EditorAssembliesLoaded (0ms)
		ExecutionOrderSort2 (0ms)
		AwakeInstancesAfterBackupRestoration (21ms)
Refreshing native plugins compatible for Editor in 0.89 ms, found 3 plugins.
Preloading 0 native plugins for Editor in 0.00 ms.
Unloading 12 Unused Serialized files (Serialized files now loaded: 0)
Unloading 3689 unused Assets / (2.9 MB). Loaded Objects now: 4227.
Memory consumption went from 91.2 MB to 88.4 MB.
Total: 6.131400 ms (FindLiveObjects: 0.421100 ms CreateObjectMapping: 0.142900 ms MarkObjects: 4.300300 ms  DeleteObjects: 1.266400 ms)

Prepare: number of updated asset objects reloaded= 0
========================================================================
Received Prepare
Refreshing native plugins compatible for Editor in 0.79 ms, found 3 plugins.
Preloading 0 native plugins for Editor in 0.00 ms.
Unloading 12 Unused Serialized files (Serialized files now loaded: 0)
Unloading 3684 unused Assets / (2.8 MB). Loaded Objects now: 4227.
Memory consumption went from 91.4 MB to 88.6 MB.
Total: 6.272400 ms (FindLiveObjects: 0.426100 ms CreateObjectMapping: 0.158400 ms MarkObjects: 4.371300 ms  DeleteObjects: 1.315700 ms)

Prepare: number of updated asset objects reloaded= 0
========================================================================
Received Prepare
Begin MonoManager ReloadAssembly
- Loaded All Assemblies, in  0.703 seconds
Refreshing native plugins compatible for Editor in 1.01 ms, found 3 plugins.
Native extension for Android target not found
Native extension for WindowsStandalone target not found
[Package Manager] Failed to launch server process. Reason: Unity was launched with the -noUpm command-line argument
[Package Manager] Unable to send message (not connected to server process).
[Package Manager] Cannot connect to Unity Package Manager local server
Mono: successfully reloaded assembly
- Finished resetting the current domain, in  0.738 seconds
Domain Reload Profiling: 1440ms
	BeginReloadAssembly (234ms)
		ExecutionOrderSort (0ms)
		DisableScriptedObjects (8ms)
		BackupInstance (0ms)
		ReleaseScriptingObjects (0ms)
		CreateAndSetChildDomain (46ms)
	RebuildCommonClasses (41ms)
	RebuildNativeTypeToScriptingClass (15ms)
	initialDomainReloadingComplete (32ms)
	LoadAllAssembliesAndSetupDomain (381ms)
		LoadAssemblies (345ms)
		RebuildTransferFunctionScriptingTraits (0ms)
		AnalyzeDomain (164ms)
			TypeCache.Refresh (13ms)
				TypeCache.ScanAssembly (2ms)
			BuildScriptInfoCaches (140ms)
			ResolveRequiredComponents (6ms)
	FinalizeReload (739ms)
		ReleaseScriptCaches (0ms)
		RebuildScriptCaches (0ms)
		SetupLoadedEditorAssemblies (589ms)
			LogAssemblyErrors (0ms)
			InitializePlatformSupportModulesInManaged (14ms)
			SetLoadedEditorAssemblies (4ms)
			BeforeProcessingInitializeOnLoad (98ms)
			ProcessInitializeOnLoadAttributes (439ms)
			ProcessInitializeOnLoadMethodAttributes (26ms)
			AfterProcessingInitializeOnLoad (8ms)
			EditorAssembliesLoaded (0ms)
		ExecutionOrderSort2 (0ms)
		AwakeInstancesAfterBackupRestoration (20ms)
Refreshing native plugins compatible for Editor in 0.75 ms, found 3 plugins.
Preloading 0 native plugins for Editor in 0.00 ms.
Unloading 12 Unused Serialized files (Serialized files now loaded: 0)
Unloading 3689 unused Assets / (2.8 MB). Loaded Objects now: 4228.
Memory consumption went from 91.2 MB to 88.4 MB.
Total: 5.945300 ms (FindLiveObjects: 0.476600 ms CreateObjectMapping: 0.165000 ms MarkObjects: 4.058700 ms  DeleteObjects: 1.244300 ms)

Prepare: number of updated asset objects reloaded= 0
========================================================================
Received Prepare
Refreshing native plugins compatible for Editor in 1.01 ms, found 3 plugins.
Preloading 0 native plugins for Editor in 0.00 ms.
Unloading 12 Unused Serialized files (Serialized files now loaded: 0)
Unloading 3684 unused Assets / (2.8 MB). Loaded Objects now: 4228.
Memory consumption went from 91.4 MB to 88.6 MB.
Total: 6.063500 ms (FindLiveObjects: 0.433200 ms CreateObjectMapping: 0.177200 ms MarkObjects: 4.181300 ms  DeleteObjects: 1.271300 ms)

Prepare: number of updated asset objects reloaded= 0
========================================================================
Received Prepare
Refreshing native plugins compatible for Editor in 0.94 ms, found 3 plugins.
Preloading 0 native plugins for Editor in 0.00 ms.
Unloading 12 Unused Serialized files (Serialized files now loaded: 0)
Unloading 3684 unused Assets / (2.8 MB). Loaded Objects now: 4228.
Memory consumption went from 91.4 MB to 88.6 MB.
Total: 6.500800 ms (FindLiveObjects: 0.428500 ms CreateObjectMapping: 0.159600 ms MarkObjects: 4.586700 ms  DeleteObjects: 1.325300 ms)

Prepare: number of updated asset objects reloaded= 0
========================================================================
Received Prepare
Refreshing native plugins compatible for Editor in 0.88 ms, found 3 plugins.
Preloading 0 native plugins for Editor in 0.00 ms.
Unloading 12 Unused Serialized files (Serialized files now loaded: 0)
Unloading 3684 unused Assets / (2.4 MB). Loaded Objects now: 4228.
Memory consumption went from 91.4 MB to 89.0 MB.
Total: 5.827700 ms (FindLiveObjects: 0.427700 ms CreateObjectMapping: 0.164700 ms MarkObjects: 4.043500 ms  DeleteObjects: 1.191100 ms)

Prepare: number of updated asset objects reloaded= 0
========================================================================
Received Prepare
Begin MonoManager ReloadAssembly
- Loaded All Assemblies, in  0.472 seconds
Refreshing native plugins compatible for Editor in 0.42 ms, found 3 plugins.
Native extension for Android target not found
Native extension for WindowsStandalone target not found
[Package Manager] Failed to launch server process. Reason: Unity was launched with the -noUpm command-line argument
[Package Manager] Unable to send message (not connected to server process).
[Package Manager] Cannot connect to Unity Package Manager local server
Mono: successfully reloaded assembly
- Finished resetting the current domain, in  0.428 seconds
Domain Reload Profiling: 901ms
	BeginReloadAssembly (148ms)
		ExecutionOrderSort (0ms)
		DisableScriptedObjects (5ms)
		BackupInstance (0ms)
		ReleaseScriptingObjects (0ms)
		CreateAndSetChildDomain (25ms)
	RebuildCommonClasses (29ms)
	RebuildNativeTypeToScriptingClass (8ms)
	initialDomainReloadingComplete (19ms)
	LoadAllAssembliesAndSetupDomain (268ms)
		LoadAssemblies (236ms)
		RebuildTransferFunctionScriptingTraits (0ms)
		AnalyzeDomain (114ms)
			TypeCache.Refresh (7ms)
				TypeCache.ScanAssembly (1ms)
			BuildScriptInfoCaches (98ms)
			ResolveRequiredComponents (5ms)
	FinalizeReload (428ms)
		ReleaseScriptCaches (0ms)
		RebuildScriptCaches (0ms)
		SetupLoadedEditorAssemblies (339ms)
			LogAssemblyErrors (0ms)
			InitializePlatformSupportModulesInManaged (8ms)
			SetLoadedEditorAssemblies (3ms)
			BeforeProcessingInitializeOnLoad (52ms)
			ProcessInitializeOnLoadAttributes (259ms)
			ProcessInitializeOnLoadMethodAttributes (15ms)
			AfterProcessingInitializeOnLoad (3ms)
			EditorAssembliesLoaded (0ms)
		ExecutionOrderSort2 (0ms)
		AwakeInstancesAfterBackupRestoration (9ms)
Refreshing native plugins compatible for Editor in 0.39 ms, found 3 plugins.
Preloading 0 native plugins for Editor in 0.00 ms.
Unloading 12 Unused Serialized files (Serialized files now loaded: 0)
Unloading 3689 unused Assets / (2.8 MB). Loaded Objects now: 4229.
Memory consumption went from 91.2 MB to 88.4 MB.
Total: 4.668900 ms (FindLiveObjects: 0.223300 ms CreateObjectMapping: 0.102800 ms MarkObjects: 3.404600 ms  DeleteObjects: 0.937500 ms)

Prepare: number of updated asset objects reloaded= 0
========================================================================
Received Prepare
Refreshing native plugins compatible for Editor in 0.75 ms, found 3 plugins.
Preloading 0 native plugins for Editor in 0.00 ms.
Unloading 12 Unused Serialized files (Serialized files now loaded: 0)
Unloading 3684 unused Assets / (2.7 MB). Loaded Objects now: 4229.
Memory consumption went from 91.4 MB to 88.7 MB.
Total: 6.631200 ms (FindLiveObjects: 0.419200 ms CreateObjectMapping: 0.163800 ms MarkObjects: 4.769100 ms  DeleteObjects: 1.278100 ms)

Prepare: number of updated asset objects reloaded= 0
========================================================================
Received Prepare
Refreshing native plugins compatible for Editor in 0.72 ms, found 3 plugins.
Preloading 0 native plugins for Editor in 0.00 ms.
Unloading 12 Unused Serialized files (Serialized files now loaded: 0)
Unloading 3684 unused Assets / (2.9 MB). Loaded Objects now: 4229.
Memory consumption went from 91.4 MB to 88.5 MB.
Total: 6.374700 ms (FindLiveObjects: 0.446300 ms CreateObjectMapping: 0.165000 ms MarkObjects: 4.416900 ms  DeleteObjects: 1.345800 ms)

Prepare: number of updated asset objects reloaded= 0
========================================================================
Received Prepare
Begin MonoManager ReloadAssembly
[Licensing::Client] Successfully resolved entitlement details
- Loaded All Assemblies, in  0.470 seconds
Refreshing native plugins compatible for Editor in 0.45 ms, found 3 plugins.
Native extension for Android target not found
Native extension for WindowsStandalone target not found
[Package Manager] Failed to launch server process. Reason: Unity was launched with the -noUpm command-line argument
[Package Manager] Unable to send message (not connected to server process).
[Package Manager] Cannot connect to Unity Package Manager local server
Mono: successfully reloaded assembly
- Finished resetting the current domain, in  0.481 seconds
Domain Reload Profiling: 952ms
	BeginReloadAssembly (162ms)
		ExecutionOrderSort (0ms)
		DisableScriptedObjects (5ms)
		BackupInstance (0ms)
		ReleaseScriptingObjects (0ms)
		CreateAndSetChildDomain (29ms)
	RebuildCommonClasses (31ms)
	RebuildNativeTypeToScriptingClass (12ms)
	initialDomainReloadingComplete (19ms)
	LoadAllAssembliesAndSetupDomain (246ms)
		LoadAssemblies (243ms)
		RebuildTransferFunctionScriptingTraits (0ms)
		AnalyzeDomain (93ms)
			TypeCache.Refresh (6ms)
				TypeCache.ScanAssembly (1ms)
			BuildScriptInfoCaches (80ms)
			ResolveRequiredComponents (3ms)
	FinalizeReload (481ms)
		ReleaseScriptCaches (0ms)
		RebuildScriptCaches (0ms)
		SetupLoadedEditorAssemblies (385ms)
			LogAssemblyErrors (0ms)
			InitializePlatformSupportModulesInManaged (10ms)
			SetLoadedEditorAssemblies (4ms)
			BeforeProcessingInitializeOnLoad (74ms)
			ProcessInitializeOnLoadAttributes (279ms)
			ProcessInitializeOnLoadMethodAttributes (14ms)
			AfterProcessingInitializeOnLoad (3ms)
			EditorAssembliesLoaded (0ms)
		ExecutionOrderSort2 (0ms)
		AwakeInstancesAfterBackupRestoration (10ms)
Refreshing native plugins compatible for Editor in 0.49 ms, found 3 plugins.
Preloading 0 native plugins for Editor in 0.00 ms.
Unloading 12 Unused Serialized files (Serialized files now loaded: 0)
Unloading 3689 unused Assets / (2.9 MB). Loaded Objects now: 4230.
Memory consumption went from 91.2 MB to 88.3 MB.
Total: 3.764600 ms (FindLiveObjects: 0.229600 ms CreateObjectMapping: 0.102100 ms MarkObjects: 2.601600 ms  DeleteObjects: 0.830500 ms)

Prepare: number of updated asset objects reloaded= 0
========================================================================
Received Prepare
Begin MonoManager ReloadAssembly
- Loaded All Assemblies, in  0.391 seconds
Refreshing native plugins compatible for Editor in 0.37 ms, found 3 plugins.
Native extension for Android target not found
Native extension for WindowsStandalone target not found
[Package Manager] Failed to launch server process. Reason: Unity was launched with the -noUpm command-line argument
[Package Manager] Unable to send message (not connected to server process).
[Package Manager] Cannot connect to Unity Package Manager local server
Mono: successfully reloaded assembly
- Finished resetting the current domain, in  0.433 seconds
Domain Reload Profiling: 825ms
	BeginReloadAssembly (130ms)
		ExecutionOrderSort (0ms)
		DisableScriptedObjects (3ms)
		BackupInstance (0ms)
		ReleaseScriptingObjects (0ms)
		CreateAndSetChildDomain (23ms)
	RebuildCommonClasses (23ms)
	RebuildNativeTypeToScriptingClass (8ms)
	initialDomainReloadingComplete (18ms)
	LoadAllAssembliesAndSetupDomain (214ms)
		LoadAssemblies (190ms)
		RebuildTransferFunctionScriptingTraits (0ms)
		AnalyzeDomain (93ms)
			TypeCache.Refresh (5ms)
				TypeCache.ScanAssembly (0ms)
			BuildScriptInfoCaches (80ms)
			ResolveRequiredComponents (3ms)
	FinalizeReload (434ms)
		ReleaseScriptCaches (0ms)
		RebuildScriptCaches (0ms)
		SetupLoadedEditorAssemblies (353ms)
			LogAssemblyErrors (0ms)
			InitializePlatformSupportModulesInManaged (8ms)
			SetLoadedEditorAssemblies (3ms)
			BeforeProcessingInitializeOnLoad (54ms)
			ProcessInitializeOnLoadAttributes (268ms)
			ProcessInitializeOnLoadMethodAttributes (16ms)
			AfterProcessingInitializeOnLoad (4ms)
			EditorAssembliesLoaded (0ms)
		ExecutionOrderSort2 (0ms)
		AwakeInstancesAfterBackupRestoration (11ms)
Refreshing native plugins compatible for Editor in 0.39 ms, found 3 plugins.
Preloading 0 native plugins for Editor in 0.00 ms.
Unloading 12 Unused Serialized files (Serialized files now loaded: 0)
Unloading 3689 unused Assets / (2.9 MB). Loaded Objects now: 4231.
Memory consumption went from 91.2 MB to 88.3 MB.
Total: 3.977600 ms (FindLiveObjects: 0.234400 ms CreateObjectMapping: 0.110100 ms MarkObjects: 2.792200 ms  DeleteObjects: 0.840100 ms)

Prepare: number of updated asset objects reloaded= 0
========================================================================
Received Import Request.
  Time since last request: 799.336116 seconds.
  path: Assets/Scenes/Test_CheckClueScene_Background.unity
  artifactKey: Guid(14cda65a0134bc64d806c5da60bbef80) Importer(815301076,1909f56bfc062723c751e8b465ee728b)
Start importing Assets/Scenes/Test_CheckClueScene_Background.unity using Guid(14cda65a0134bc64d806c5da60bbef80) Importer(815301076,1909f56bfc062723c751e8b465ee728b) (PreviewImporter) -> (artifact id: 'fec7f5859906102674ae428afe608a89') in 0.0453424 seconds
Number of updated asset objects reloaded before import = 0Number of asset objects unloaded after import = 0

========================================================================
Received Prepare
Refreshing native plugins compatible for Editor in 0.74 ms, found 3 plugins.
Preloading 0 native plugins for Editor in 0.00 ms.
Unloading 12 Unused Serialized files (Serialized files now loaded: 0)
Unloading 3684 unused Assets / (2.9 MB). Loaded Objects now: 4231.
Memory consumption went from 91.4 MB to 88.6 MB.
Total: 6.982800 ms (FindLiveObjects: 0.456700 ms CreateObjectMapping: 0.171100 ms MarkObjects: 5.026800 ms  DeleteObjects: 1.326900 ms)

Prepare: number of updated asset objects reloaded= 0
========================================================================
Received Prepare
Begin MonoManager ReloadAssembly
[Licensing::Client] Successfully resolved entitlement details
- Loaded All Assemblies, in  0.506 seconds
Refreshing native plugins compatible for Editor in 0.33 ms, found 3 plugins.
Native extension for Android target not found
Native extension for WindowsStandalone target not found
[Package Manager] Failed to launch server process. Reason: Unity was launched with the -noUpm command-line argument
[Package Manager] Unable to send message (not connected to server process).
[Package Manager] Cannot connect to Unity Package Manager local server
Mono: successfully reloaded assembly
- Finished resetting the current domain, in  0.426 seconds
Domain Reload Profiling: 933ms
	BeginReloadAssembly (197ms)
		ExecutionOrderSort (0ms)
		DisableScriptedObjects (8ms)
		BackupInstance (0ms)
		ReleaseScriptingObjects (0ms)
		CreateAndSetChildDomain (34ms)
	RebuildCommonClasses (25ms)
	RebuildNativeTypeToScriptingClass (8ms)
	initialDomainReloadingComplete (21ms)
	LoadAllAssembliesAndSetupDomain (255ms)
		LoadAssemblies (259ms)
		RebuildTransferFunctionScriptingTraits (0ms)
		AnalyzeDomain (102ms)
			TypeCache.Refresh (7ms)
				TypeCache.ScanAssembly (1ms)
			BuildScriptInfoCaches (88ms)
			ResolveRequiredComponents (3ms)
	FinalizeReload (426ms)
		ReleaseScriptCaches (0ms)
		RebuildScriptCaches (0ms)
		SetupLoadedEditorAssemblies (345ms)
			LogAssemblyErrors (0ms)
			InitializePlatformSupportModulesInManaged (8ms)
			SetLoadedEditorAssemblies (3ms)
			BeforeProcessingInitializeOnLoad (58ms)
			ProcessInitializeOnLoadAttributes (255ms)
			ProcessInitializeOnLoadMethodAttributes (18ms)
			AfterProcessingInitializeOnLoad (4ms)
			EditorAssembliesLoaded (0ms)
		ExecutionOrderSort2 (0ms)
		AwakeInstancesAfterBackupRestoration (10ms)
Refreshing native plugins compatible for Editor in 0.41 ms, found 3 plugins.
Preloading 0 native plugins for Editor in 0.00 ms.
Unloading 12 Unused Serialized files (Serialized files now loaded: 0)
Unloading 3689 unused Assets / (2.9 MB). Loaded Objects now: 4232.
Memory consumption went from 91.2 MB to 88.3 MB.
Total: 3.999100 ms (FindLiveObjects: 0.231200 ms CreateObjectMapping: 0.099200 ms MarkObjects: 2.805800 ms  DeleteObjects: 0.862000 ms)

Prepare: number of updated asset objects reloaded= 0
========================================================================
Received Prepare
Refreshing native plugins compatible for Editor in 0.74 ms, found 3 plugins.
Preloading 0 native plugins for Editor in 0.00 ms.
Unloading 12 Unused Serialized files (Serialized files now loaded: 0)
Unloading 3684 unused Assets / (2.9 MB). Loaded Objects now: 4232.
Memory consumption went from 91.4 MB to 88.6 MB.
Total: 6.159000 ms (FindLiveObjects: 0.433900 ms CreateObjectMapping: 0.159700 ms MarkObjects: 4.310400 ms  DeleteObjects: 1.254200 ms)

Prepare: number of updated asset objects reloaded= 0
========================================================================
Received Prepare
Begin MonoManager ReloadAssembly
- Loaded All Assemblies, in  0.681 seconds
Refreshing native plugins compatible for Editor in 0.91 ms, found 3 plugins.
Native extension for Android target not found
Native extension for WindowsStandalone target not found
[Package Manager] Failed to launch server process. Reason: Unity was launched with the -noUpm command-line argument
[Package Manager] Unable to send message (not connected to server process).
[Package Manager] Cannot connect to Unity Package Manager local server
Mono: successfully reloaded assembly
- Finished resetting the current domain, in  0.737 seconds
Domain Reload Profiling: 1417ms
	BeginReloadAssembly (229ms)
		ExecutionOrderSort (0ms)
		DisableScriptedObjects (7ms)
		BackupInstance (0ms)
		ReleaseScriptingObjects (0ms)
		CreateAndSetChildDomain (46ms)
	RebuildCommonClasses (41ms)
	RebuildNativeTypeToScriptingClass (15ms)
	initialDomainReloadingComplete (33ms)
	LoadAllAssembliesAndSetupDomain (362ms)
		LoadAssemblies (331ms)
		RebuildTransferFunctionScriptingTraits (0ms)
		AnalyzeDomain (155ms)
			TypeCache.Refresh (10ms)
				TypeCache.ScanAssembly (1ms)
			BuildScriptInfoCaches (134ms)
			ResolveRequiredComponents (6ms)
	FinalizeReload (738ms)
		ReleaseScriptCaches (0ms)
		RebuildScriptCaches (0ms)
		SetupLoadedEditorAssemblies (594ms)
			LogAssemblyErrors (0ms)
			InitializePlatformSupportModulesInManaged (13ms)
			SetLoadedEditorAssemblies (4ms)
			BeforeProcessingInitializeOnLoad (105ms)
			ProcessInitializeOnLoadAttributes (438ms)
			ProcessInitializeOnLoadMethodAttributes (27ms)
			AfterProcessingInitializeOnLoad (7ms)
			EditorAssembliesLoaded (0ms)
		ExecutionOrderSort2 (0ms)
		AwakeInstancesAfterBackupRestoration (19ms)
Refreshing native plugins compatible for Editor in 0.74 ms, found 3 plugins.
Preloading 0 native plugins for Editor in 0.00 ms.
Unloading 12 Unused Serialized files (Serialized files now loaded: 0)
Unloading 3689 unused Assets / (2.8 MB). Loaded Objects now: 4233.
Memory consumption went from 91.2 MB to 88.4 MB.
Total: 6.171700 ms (FindLiveObjects: 0.423100 ms CreateObjectMapping: 0.219300 ms MarkObjects: 4.281600 ms  DeleteObjects: 1.246900 ms)

Prepare: number of updated asset objects reloaded= 0
========================================================================
Received Prepare
Refreshing native plugins compatible for Editor in 0.68 ms, found 3 plugins.
Preloading 0 native plugins for Editor in 0.00 ms.
Unloading 12 Unused Serialized files (Serialized files now loaded: 0)
Unloading 3684 unused Assets / (2.9 MB). Loaded Objects now: 4233.
Memory consumption went from 91.4 MB to 88.6 MB.
Total: 5.906400 ms (FindLiveObjects: 0.445800 ms CreateObjectMapping: 0.187300 ms MarkObjects: 4.042200 ms  DeleteObjects: 1.230800 ms)

Prepare: number of updated asset objects reloaded= 0
========================================================================
Received Prepare
Begin MonoManager ReloadAssembly
- Loaded All Assemblies, in  0.700 seconds
Refreshing native plugins compatible for Editor in 0.62 ms, found 3 plugins.
Native extension for Android target not found
Native extension for WindowsStandalone target not found
[Package Manager] Failed to launch server process. Reason: Unity was launched with the -noUpm command-line argument
[Package Manager] Unable to send message (not connected to server process).
[Package Manager] Cannot connect to Unity Package Manager local server
Mono: successfully reloaded assembly
- Finished resetting the current domain, in  0.728 seconds
Domain Reload Profiling: 1426ms
	BeginReloadAssembly (229ms)
		ExecutionOrderSort (0ms)
		DisableScriptedObjects (7ms)
		BackupInstance (0ms)
		ReleaseScriptingObjects (0ms)
		CreateAndSetChildDomain (49ms)
	RebuildCommonClasses (42ms)
	RebuildNativeTypeToScriptingClass (15ms)
	initialDomainReloadingComplete (32ms)
	LoadAllAssembliesAndSetupDomain (378ms)
		LoadAssemblies (348ms)
		RebuildTransferFunctionScriptingTraits (0ms)
		AnalyzeDomain (155ms)
			TypeCache.Refresh (11ms)
				TypeCache.ScanAssembly (1ms)
			BuildScriptInfoCaches (134ms)
			ResolveRequiredComponents (6ms)
	FinalizeReload (729ms)
		ReleaseScriptCaches (0ms)
		RebuildScriptCaches (0ms)
		SetupLoadedEditorAssemblies (584ms)
			LogAssemblyErrors (0ms)
			InitializePlatformSupportModulesInManaged (14ms)
			SetLoadedEditorAssemblies (5ms)
			BeforeProcessingInitializeOnLoad (99ms)
			ProcessInitializeOnLoadAttributes (431ms)
			ProcessInitializeOnLoadMethodAttributes (28ms)
			AfterProcessingInitializeOnLoad (7ms)
			EditorAssembliesLoaded (0ms)
		ExecutionOrderSort2 (0ms)
		AwakeInstancesAfterBackupRestoration (20ms)
Refreshing native plugins compatible for Editor in 0.73 ms, found 3 plugins.
Preloading 0 native plugins for Editor in 0.00 ms.
Unloading 12 Unused Serialized files (Serialized files now loaded: 0)
Unloading 3689 unused Assets / (2.9 MB). Loaded Objects now: 4234.
Memory consumption went from 91.3 MB to 88.3 MB.
Total: 6.299600 ms (FindLiveObjects: 0.439300 ms CreateObjectMapping: 0.161300 ms MarkObjects: 4.349000 ms  DeleteObjects: 1.349200 ms)

Prepare: number of updated asset objects reloaded= 0
========================================================================
Received Prepare
Refreshing native plugins compatible for Editor in 0.77 ms, found 3 plugins.
Preloading 0 native plugins for Editor in 0.00 ms.
Unloading 12 Unused Serialized files (Serialized files now loaded: 0)
Unloading 3684 unused Assets / (2.8 MB). Loaded Objects now: 4234.
Memory consumption went from 91.4 MB to 88.6 MB.
Total: 6.261900 ms (FindLiveObjects: 0.417100 ms CreateObjectMapping: 0.157400 ms MarkObjects: 4.455400 ms  DeleteObjects: 1.231200 ms)

Prepare: number of updated asset objects reloaded= 0
========================================================================
Received Prepare
Begin MonoManager ReloadAssembly
- Loaded All Assemblies, in  0.723 seconds
Refreshing native plugins compatible for Editor in 0.70 ms, found 3 plugins.
Native extension for Android target not found
Native extension for WindowsStandalone target not found
[Package Manager] Failed to launch server process. Reason: Unity was launched with the -noUpm command-line argument
[Package Manager] Unable to send message (not connected to server process).
[Package Manager] Cannot connect to Unity Package Manager local server
Mono: successfully reloaded assembly
- Finished resetting the current domain, in  0.765 seconds
Domain Reload Profiling: 1486ms
	BeginReloadAssembly (248ms)
		ExecutionOrderSort (0ms)
		DisableScriptedObjects (7ms)
		BackupInstance (0ms)
		ReleaseScriptingObjects (0ms)
		CreateAndSetChildDomain (46ms)
	RebuildCommonClasses (48ms)
	RebuildNativeTypeToScriptingClass (15ms)
	initialDomainReloadingComplete (34ms)
	LoadAllAssembliesAndSetupDomain (376ms)
		LoadAssemblies (364ms)
		RebuildTransferFunctionScriptingTraits (0ms)
		AnalyzeDomain (156ms)
			TypeCache.Refresh (11ms)
				TypeCache.ScanAssembly (1ms)
			BuildScriptInfoCaches (134ms)
			ResolveRequiredComponents (6ms)
	FinalizeReload (765ms)
		ReleaseScriptCaches (0ms)
		RebuildScriptCaches (0ms)
		SetupLoadedEditorAssemblies (623ms)
			LogAssemblyErrors (0ms)
			InitializePlatformSupportModulesInManaged (13ms)
			SetLoadedEditorAssemblies (4ms)
			BeforeProcessingInitializeOnLoad (104ms)
			ProcessInitializeOnLoadAttributes (465ms)
			ProcessInitializeOnLoadMethodAttributes (26ms)
			AfterProcessingInitializeOnLoad (10ms)
			EditorAssembliesLoaded (0ms)
		ExecutionOrderSort2 (0ms)
		AwakeInstancesAfterBackupRestoration (20ms)
Refreshing native plugins compatible for Editor in 0.80 ms, found 3 plugins.
Preloading 0 native plugins for Editor in 0.00 ms.
Unloading 12 Unused Serialized files (Serialized files now loaded: 0)
Unloading 3689 unused Assets / (2.9 MB). Loaded Objects now: 4235.
Memory consumption went from 91.3 MB to 88.4 MB.
Total: 6.493400 ms (FindLiveObjects: 0.430900 ms CreateObjectMapping: 0.148900 ms MarkObjects: 4.602400 ms  DeleteObjects: 1.310100 ms)

Prepare: number of updated asset objects reloaded= 0
========================================================================
Received Prepare
Refreshing native plugins compatible for Editor in 0.79 ms, found 3 plugins.
Preloading 0 native plugins for Editor in 0.00 ms.
Unloading 12 Unused Serialized files (Serialized files now loaded: 0)
Unloading 3684 unused Assets / (2.8 MB). Loaded Objects now: 4235.
Memory consumption went from 91.4 MB to 88.7 MB.
Total: 5.783500 ms (FindLiveObjects: 0.420100 ms CreateObjectMapping: 0.148100 ms MarkObjects: 4.086600 ms  DeleteObjects: 1.127900 ms)

Prepare: number of updated asset objects reloaded= 0
========================================================================
Received Prepare
Begin MonoManager ReloadAssembly
[Licensing::Client] Successfully resolved entitlement details
- Loaded All Assemblies, in  0.686 seconds
Refreshing native plugins compatible for Editor in 0.92 ms, found 3 plugins.
Native extension for Android target not found
Native extension for WindowsStandalone target not found
[Package Manager] Failed to launch server process. Reason: Unity was launched with the -noUpm command-line argument
[Package Manager] Unable to send message (not connected to server process).
[Package Manager] Cannot connect to Unity Package Manager local server
Mono: successfully reloaded assembly
- Finished resetting the current domain, in  0.738 seconds
Domain Reload Profiling: 1423ms
	BeginReloadAssembly (222ms)
		ExecutionOrderSort (0ms)
		DisableScriptedObjects (8ms)
		BackupInstance (0ms)
		ReleaseScriptingObjects (0ms)
		CreateAndSetChildDomain (46ms)
	RebuildCommonClasses (39ms)
	RebuildNativeTypeToScriptingClass (16ms)
	initialDomainReloadingComplete (34ms)
	LoadAllAssembliesAndSetupDomain (373ms)
		LoadAssemblies (327ms)
		RebuildTransferFunctionScriptingTraits (0ms)
		AnalyzeDomain (163ms)
			TypeCache.Refresh (12ms)
				TypeCache.ScanAssembly (1ms)
			BuildScriptInfoCaches (140ms)
			ResolveRequiredComponents (6ms)
	FinalizeReload (738ms)
		ReleaseScriptCaches (0ms)
		RebuildScriptCaches (0ms)
		SetupLoadedEditorAssemblies (590ms)
			LogAssemblyErrors (0ms)
			InitializePlatformSupportModulesInManaged (14ms)
			SetLoadedEditorAssemblies (5ms)
			BeforeProcessingInitializeOnLoad (105ms)
			ProcessInitializeOnLoadAttributes (432ms)
			ProcessInitializeOnLoadMethodAttributes (26ms)
			AfterProcessingInitializeOnLoad (8ms)
			EditorAssembliesLoaded (0ms)
		ExecutionOrderSort2 (0ms)
		AwakeInstancesAfterBackupRestoration (21ms)
Refreshing native plugins compatible for Editor in 0.89 ms, found 3 plugins.
Preloading 0 native plugins for Editor in 0.00 ms.
Unloading 12 Unused Serialized files (Serialized files now loaded: 0)
Unloading 3689 unused Assets / (2.8 MB). Loaded Objects now: 4236.
Memory consumption went from 91.3 MB to 88.5 MB.
Total: 6.067800 ms (FindLiveObjects: 0.413800 ms CreateObjectMapping: 0.146900 ms MarkObjects: 4.261000 ms  DeleteObjects: 1.245400 ms)

Prepare: number of updated asset objects reloaded= 0
========================================================================
Received Prepare
Refreshing native plugins compatible for Editor in 0.79 ms, found 3 plugins.
Preloading 0 native plugins for Editor in 0.00 ms.
Unloading 12 Unused Serialized files (Serialized files now loaded: 0)
Unloading 3684 unused Assets / (2.9 MB). Loaded Objects now: 4236.
Memory consumption went from 91.5 MB to 88.6 MB.
Total: 6.705500 ms (FindLiveObjects: 0.422700 ms CreateObjectMapping: 0.173000 ms MarkObjects: 4.824300 ms  DeleteObjects: 1.284500 ms)

Prepare: number of updated asset objects reloaded= 0
========================================================================
Received Prepare
Begin MonoManager ReloadAssembly
- Loaded All Assemblies, in  0.701 seconds
Refreshing native plugins compatible for Editor in 0.66 ms, found 3 plugins.
Native extension for Android target not found
Native extension for WindowsStandalone target not found
[Package Manager] Failed to launch server process. Reason: Unity was launched with the -noUpm command-line argument
[Package Manager] Unable to send message (not connected to server process).
[Package Manager] Cannot connect to Unity Package Manager local server
Mono: successfully reloaded assembly
- Finished resetting the current domain, in  0.747 seconds
Domain Reload Profiling: 1448ms
	BeginReloadAssembly (226ms)
		ExecutionOrderSort (0ms)
		DisableScriptedObjects (6ms)
		BackupInstance (0ms)
		ReleaseScriptingObjects (0ms)
		CreateAndSetChildDomain (48ms)
	RebuildCommonClasses (41ms)
	RebuildNativeTypeToScriptingClass (15ms)
	initialDomainReloadingComplete (38ms)
	LoadAllAssembliesAndSetupDomain (380ms)
		LoadAssemblies (346ms)
		RebuildTransferFunctionScriptingTraits (0ms)
		AnalyzeDomain (157ms)
			TypeCache.Refresh (12ms)
				TypeCache.ScanAssembly (1ms)
			BuildScriptInfoCaches (134ms)
			ResolveRequiredComponents (6ms)
	FinalizeReload (748ms)
		ReleaseScriptCaches (0ms)
		RebuildScriptCaches (0ms)
		SetupLoadedEditorAssemblies (603ms)
			LogAssemblyErrors (0ms)
			InitializePlatformSupportModulesInManaged (13ms)
			SetLoadedEditorAssemblies (4ms)
			BeforeProcessingInitializeOnLoad (99ms)
			ProcessInitializeOnLoadAttributes (453ms)
			ProcessInitializeOnLoadMethodAttributes (27ms)
			AfterProcessingInitializeOnLoad (7ms)
			EditorAssembliesLoaded (0ms)
		ExecutionOrderSort2 (0ms)
		AwakeInstancesAfterBackupRestoration (20ms)
Refreshing native plugins compatible for Editor in 0.71 ms, found 3 plugins.
Preloading 0 native plugins for Editor in 0.00 ms.
Unloading 12 Unused Serialized files (Serialized files now loaded: 0)
Unloading 3689 unused Assets / (2.8 MB). Loaded Objects now: 4237.
Memory consumption went from 91.3 MB to 88.5 MB.
Total: 5.782100 ms (FindLiveObjects: 0.412900 ms CreateObjectMapping: 0.149600 ms MarkObjects: 4.066800 ms  DeleteObjects: 1.152000 ms)

Prepare: number of updated asset objects reloaded= 0
========================================================================
Received Prepare
Refreshing native plugins compatible for Editor in 0.92 ms, found 3 plugins.
Preloading 0 native plugins for Editor in 0.00 ms.
Unloading 12 Unused Serialized files (Serialized files now loaded: 0)
Unloading 3684 unused Assets / (2.8 MB). Loaded Objects now: 4237.
Memory consumption went from 91.5 MB to 88.6 MB.
Total: 6.217800 ms (FindLiveObjects: 0.423300 ms CreateObjectMapping: 0.160000 ms MarkObjects: 4.367800 ms  DeleteObjects: 1.265800 ms)

Prepare: number of updated asset objects reloaded= 0
========================================================================
Received Prepare
Begin MonoManager ReloadAssembly
- Loaded All Assemblies, in  0.689 seconds
Refreshing native plugins compatible for Editor in 0.92 ms, found 3 plugins.
Native extension for Android target not found
Native extension for WindowsStandalone target not found
[Package Manager] Failed to launch server process. Reason: Unity was launched with the -noUpm command-line argument
[Package Manager] Unable to send message (not connected to server process).
[Package Manager] Cannot connect to Unity Package Manager local server
Mono: successfully reloaded assembly
- Finished resetting the current domain, in  0.740 seconds
Domain Reload Profiling: 1428ms
	BeginReloadAssembly (223ms)
		ExecutionOrderSort (0ms)
		DisableScriptedObjects (7ms)
		BackupInstance (0ms)
		ReleaseScriptingObjects (0ms)
		CreateAndSetChildDomain (43ms)
	RebuildCommonClasses (40ms)
	RebuildNativeTypeToScriptingClass (15ms)
	initialDomainReloadingComplete (31ms)
	LoadAllAssembliesAndSetupDomain (378ms)
		LoadAssemblies (344ms)
		RebuildTransferFunctionScriptingTraits (0ms)
		AnalyzeDomain (157ms)
			TypeCache.Refresh (10ms)
				TypeCache.ScanAssembly (1ms)
			BuildScriptInfoCaches (136ms)
			ResolveRequiredComponents (6ms)
	FinalizeReload (740ms)
		ReleaseScriptCaches (0ms)
		RebuildScriptCaches (0ms)
		SetupLoadedEditorAssemblies (592ms)
			LogAssemblyErrors (0ms)
			InitializePlatformSupportModulesInManaged (15ms)
			SetLoadedEditorAssemblies (5ms)
			BeforeProcessingInitializeOnLoad (101ms)
			ProcessInitializeOnLoadAttributes (437ms)
			ProcessInitializeOnLoadMethodAttributes (27ms)
			AfterProcessingInitializeOnLoad (7ms)
			EditorAssembliesLoaded (0ms)
		ExecutionOrderSort2 (0ms)
		AwakeInstancesAfterBackupRestoration (20ms)
Refreshing native plugins compatible for Editor in 0.76 ms, found 3 plugins.
Preloading 0 native plugins for Editor in 0.00 ms.
Unloading 12 Unused Serialized files (Serialized files now loaded: 0)
Unloading 3689 unused Assets / (2.8 MB). Loaded Objects now: 4238.
Memory consumption went from 91.3 MB to 88.4 MB.
Total: 6.565600 ms (FindLiveObjects: 0.428900 ms CreateObjectMapping: 0.177300 ms MarkObjects: 4.666000 ms  DeleteObjects: 1.292500 ms)

Prepare: number of updated asset objects reloaded= 0
========================================================================
Received Prepare
Refreshing native plugins compatible for Editor in 0.77 ms, found 3 plugins.
Preloading 0 native plugins for Editor in 0.00 ms.
Unloading 12 Unused Serialized files (Serialized files now loaded: 0)
Unloading 3684 unused Assets / (3.1 MB). Loaded Objects now: 4238.
Memory consumption went from 91.5 MB to 88.4 MB.
Total: 6.618500 ms (FindLiveObjects: 0.458500 ms CreateObjectMapping: 0.239300 ms MarkObjects: 4.296400 ms  DeleteObjects: 1.623100 ms)

Prepare: number of updated asset objects reloaded= 0
========================================================================
Received Prepare
Begin MonoManager ReloadAssembly
[Licensing::Client] Successfully resolved entitlement details
- Loaded All Assemblies, in  0.700 seconds
Refreshing native plugins compatible for Editor in 0.77 ms, found 3 plugins.
Native extension for Android target not found
Native extension for WindowsStandalone target not found
[Package Manager] Failed to launch server process. Reason: Unity was launched with the -noUpm command-line argument
[Package Manager] Unable to send message (not connected to server process).
[Package Manager] Cannot connect to Unity Package Manager local server
Mono: successfully reloaded assembly
- Finished resetting the current domain, in  0.752 seconds
Domain Reload Profiling: 1451ms
	BeginReloadAssembly (229ms)
		ExecutionOrderSort (0ms)
		DisableScriptedObjects (8ms)
		BackupInstance (0ms)
		ReleaseScriptingObjects (0ms)
		CreateAndSetChildDomain (46ms)
	RebuildCommonClasses (41ms)
	RebuildNativeTypeToScriptingClass (14ms)
	initialDomainReloadingComplete (35ms)
	LoadAllAssembliesAndSetupDomain (380ms)
		LoadAssemblies (344ms)
		RebuildTransferFunctionScriptingTraits (0ms)
		AnalyzeDomain (157ms)
			TypeCache.Refresh (11ms)
				TypeCache.ScanAssembly (1ms)
			BuildScriptInfoCaches (136ms)
			ResolveRequiredComponents (6ms)
	FinalizeReload (752ms)
		ReleaseScriptCaches (0ms)
		RebuildScriptCaches (0ms)
		SetupLoadedEditorAssemblies (601ms)
			LogAssemblyErrors (0ms)
			InitializePlatformSupportModulesInManaged (12ms)
			SetLoadedEditorAssemblies (4ms)
			BeforeProcessingInitializeOnLoad (94ms)
			ProcessInitializeOnLoadAttributes (454ms)
			ProcessInitializeOnLoadMethodAttributes (29ms)
			AfterProcessingInitializeOnLoad (8ms)
			EditorAssembliesLoaded (0ms)
		ExecutionOrderSort2 (0ms)
		AwakeInstancesAfterBackupRestoration (20ms)
Refreshing native plugins compatible for Editor in 0.89 ms, found 3 plugins.
Preloading 0 native plugins for Editor in 0.00 ms.
Unloading 12 Unused Serialized files (Serialized files now loaded: 0)
Unloading 3689 unused Assets / (3.0 MB). Loaded Objects now: 4239.
Memory consumption went from 91.3 MB to 88.3 MB.
Total: 6.195800 ms (FindLiveObjects: 0.443200 ms CreateObjectMapping: 0.165700 ms MarkObjects: 4.269100 ms  DeleteObjects: 1.317200 ms)

Prepare: number of updated asset objects reloaded= 0
========================================================================
Received Prepare
Refreshing native plugins compatible for Editor in 0.68 ms, found 3 plugins.
Preloading 0 native plugins for Editor in 0.00 ms.
Unloading 12 Unused Serialized files (Serialized files now loaded: 0)
Unloading 3684 unused Assets / (2.8 MB). Loaded Objects now: 4239.
Memory consumption went from 91.5 MB to 88.7 MB.
Total: 6.042400 ms (FindLiveObjects: 0.423900 ms CreateObjectMapping: 0.180700 ms MarkObjects: 4.174600 ms  DeleteObjects: 1.262800 ms)

Prepare: number of updated asset objects reloaded= 0
========================================================================
Received Prepare
Refreshing native plugins compatible for Editor in 0.77 ms, found 3 plugins.
Preloading 0 native plugins for Editor in 0.00 ms.
Unloading 12 Unused Serialized files (Serialized files now loaded: 0)
Unloading 3684 unused Assets / (2.7 MB). Loaded Objects now: 4239.
Memory consumption went from 91.5 MB to 88.7 MB.
Total: 6.188900 ms (FindLiveObjects: 0.467400 ms CreateObjectMapping: 0.192000 ms MarkObjects: 4.291200 ms  DeleteObjects: 1.237500 ms)

Prepare: number of updated asset objects reloaded= 0
========================================================================
Received Prepare
Begin MonoManager ReloadAssembly
- Loaded All Assemblies, in  0.721 seconds
Refreshing native plugins compatible for Editor in 0.77 ms, found 3 plugins.
Native extension for Android target not found
Native extension for WindowsStandalone target not found
[Package Manager] Failed to launch server process. Reason: Unity was launched with the -noUpm command-line argument
[Package Manager] Unable to send message (not connected to server process).
[Package Manager] Cannot connect to Unity Package Manager local server
Mono: successfully reloaded assembly
- Finished resetting the current domain, in  0.741 seconds
Domain Reload Profiling: 1460ms
	BeginReloadAssembly (225ms)
		ExecutionOrderSort (0ms)
		DisableScriptedObjects (7ms)
		BackupInstance (0ms)
		ReleaseScriptingObjects (0ms)
		CreateAndSetChildDomain (43ms)
	RebuildCommonClasses (45ms)
	RebuildNativeTypeToScriptingClass (16ms)
	initialDomainReloadingComplete (36ms)
	LoadAllAssembliesAndSetupDomain (396ms)
		LoadAssemblies (363ms)
		RebuildTransferFunctionScriptingTraits (0ms)
		AnalyzeDomain (156ms)
			TypeCache.Refresh (11ms)
				TypeCache.ScanAssembly (1ms)
			BuildScriptInfoCaches (135ms)
			ResolveRequiredComponents (6ms)
	FinalizeReload (742ms)
		ReleaseScriptCaches (0ms)
		RebuildScriptCaches (0ms)
		SetupLoadedEditorAssemblies (589ms)
			LogAssemblyErrors (0ms)
			InitializePlatformSupportModulesInManaged (12ms)
			SetLoadedEditorAssemblies (4ms)
			BeforeProcessingInitializeOnLoad (102ms)
			ProcessInitializeOnLoadAttributes (430ms)
			ProcessInitializeOnLoadMethodAttributes (27ms)
			AfterProcessingInitializeOnLoad (14ms)
			EditorAssembliesLoaded (0ms)
		ExecutionOrderSort2 (0ms)
		AwakeInstancesAfterBackupRestoration (21ms)
Refreshing native plugins compatible for Editor in 0.76 ms, found 3 plugins.
Preloading 0 native plugins for Editor in 0.00 ms.
Unloading 12 Unused Serialized files (Serialized files now loaded: 0)
Unloading 3689 unused Assets / (2.8 MB). Loaded Objects now: 4240.
Memory consumption went from 91.3 MB to 88.4 MB.
Total: 6.195700 ms (FindLiveObjects: 0.434500 ms CreateObjectMapping: 0.150800 ms MarkObjects: 4.360000 ms  DeleteObjects: 1.249800 ms)

Prepare: number of updated asset objects reloaded= 0
========================================================================
Received Prepare
Refreshing native plugins compatible for Editor in 0.74 ms, found 3 plugins.
Preloading 0 native plugins for Editor in 0.00 ms.
Unloading 12 Unused Serialized files (Serialized files now loaded: 0)
Unloading 3684 unused Assets / (2.8 MB). Loaded Objects now: 4240.
Memory consumption went from 91.5 MB to 88.7 MB.
Total: 6.185100 ms (FindLiveObjects: 0.432800 ms CreateObjectMapping: 0.172000 ms MarkObjects: 4.191600 ms  DeleteObjects: 1.387400 ms)

Prepare: number of updated asset objects reloaded= 0
========================================================================
Received Prepare
Begin MonoManager ReloadAssembly
- Loaded All Assemblies, in  0.686 seconds
Refreshing native plugins compatible for Editor in 0.66 ms, found 3 plugins.
Native extension for Android target not found
Native extension for WindowsStandalone target not found
[Package Manager] Failed to launch server process. Reason: Unity was launched with the -noUpm command-line argument
[Package Manager] Unable to send message (not connected to server process).
[Package Manager] Cannot connect to Unity Package Manager local server
Mono: successfully reloaded assembly
- Finished resetting the current domain, in  0.751 seconds
Domain Reload Profiling: 1436ms
	BeginReloadAssembly (220ms)
		ExecutionOrderSort (0ms)
		DisableScriptedObjects (8ms)
		BackupInstance (0ms)
		ReleaseScriptingObjects (0ms)
		CreateAndSetChildDomain (44ms)
	RebuildCommonClasses (39ms)
	RebuildNativeTypeToScriptingClass (15ms)
	initialDomainReloadingComplete (31ms)
	LoadAllAssembliesAndSetupDomain (379ms)
		LoadAssemblies (336ms)
		RebuildTransferFunctionScriptingTraits (0ms)
		AnalyzeDomain (161ms)
			TypeCache.Refresh (10ms)
				TypeCache.ScanAssembly (1ms)
			BuildScriptInfoCaches (140ms)
			ResolveRequiredComponents (6ms)
	FinalizeReload (751ms)
		ReleaseScriptCaches (0ms)
		RebuildScriptCaches (0ms)
		SetupLoadedEditorAssemblies (610ms)
			LogAssemblyErrors (0ms)
			InitializePlatformSupportModulesInManaged (13ms)
			SetLoadedEditorAssemblies (5ms)
			BeforeProcessingInitializeOnLoad (114ms)
			ProcessInitializeOnLoadAttributes (437ms)
			ProcessInitializeOnLoadMethodAttributes (26ms)
			AfterProcessingInitializeOnLoad (14ms)
			EditorAssembliesLoaded (0ms)
		ExecutionOrderSort2 (0ms)
		AwakeInstancesAfterBackupRestoration (20ms)
Refreshing native plugins compatible for Editor in 0.76 ms, found 3 plugins.
Preloading 0 native plugins for Editor in 0.00 ms.
Unloading 12 Unused Serialized files (Serialized files now loaded: 0)
Unloading 3689 unused Assets / (2.9 MB). Loaded Objects now: 4241.
Memory consumption went from 91.3 MB to 88.4 MB.
Total: 6.156900 ms (FindLiveObjects: 0.475900 ms CreateObjectMapping: 0.280300 ms MarkObjects: 4.087400 ms  DeleteObjects: 1.312500 ms)

Prepare: number of updated asset objects reloaded= 0
========================================================================
Received Prepare
Refreshing native plugins compatible for Editor in 0.70 ms, found 3 plugins.
Preloading 0 native plugins for Editor in 0.00 ms.
Unloading 12 Unused Serialized files (Serialized files now loaded: 0)
Unloading 3684 unused Assets / (3.1 MB). Loaded Objects now: 4241.
Memory consumption went from 91.5 MB to 88.4 MB.
Total: 6.406800 ms (FindLiveObjects: 0.437300 ms CreateObjectMapping: 0.153500 ms MarkObjects: 4.373300 ms  DeleteObjects: 1.442000 ms)

Prepare: number of updated asset objects reloaded= 0
========================================================================
Received Prepare
Refreshing native plugins compatible for Editor in 0.71 ms, found 3 plugins.
Preloading 0 native plugins for Editor in 0.00 ms.
Unloading 12 Unused Serialized files (Serialized files now loaded: 0)
Unloading 3684 unused Assets / (2.9 MB). Loaded Objects now: 4241.
Memory consumption went from 91.5 MB to 88.6 MB.
Total: 6.059500 ms (FindLiveObjects: 0.426000 ms CreateObjectMapping: 0.181900 ms MarkObjects: 4.185300 ms  DeleteObjects: 1.265700 ms)

Prepare: number of updated asset objects reloaded= 0
========================================================================
Received Prepare
Refreshing native plugins compatible for Editor in 0.83 ms, found 3 plugins.
Preloading 0 native plugins for Editor in 0.00 ms.
Unloading 12 Unused Serialized files (Serialized files now loaded: 0)
Unloading 3684 unused Assets / (2.9 MB). Loaded Objects now: 4241.
Memory consumption went from 91.5 MB to 88.5 MB.
Total: 6.761600 ms (FindLiveObjects: 0.454600 ms CreateObjectMapping: 0.261400 ms MarkObjects: 4.625400 ms  DeleteObjects: 1.419400 ms)

Prepare: number of updated asset objects reloaded= 0
========================================================================
Received Prepare
Begin MonoManager ReloadAssembly
[Licensing::Client] Successfully resolved entitlement details
- Loaded All Assemblies, in  0.744 seconds
Refreshing native plugins compatible for Editor in 0.70 ms, found 3 plugins.
Native extension for Android target not found
Native extension for WindowsStandalone target not found
[Package Manager] Failed to launch server process. Reason: Unity was launched with the -noUpm command-line argument
[Package Manager] Unable to send message (not connected to server process).
[Package Manager] Cannot connect to Unity Package Manager local server
Mono: successfully reloaded assembly
- Finished resetting the current domain, in  0.734 seconds
Domain Reload Profiling: 1477ms
	BeginReloadAssembly (237ms)
		ExecutionOrderSort (0ms)
		DisableScriptedObjects (7ms)
		BackupInstance (0ms)
		ReleaseScriptingObjects (0ms)
		CreateAndSetChildDomain (45ms)
	RebuildCommonClasses (50ms)
	RebuildNativeTypeToScriptingClass (16ms)
	initialDomainReloadingComplete (43ms)
	LoadAllAssembliesAndSetupDomain (397ms)
		LoadAssemblies (361ms)
		RebuildTransferFunctionScriptingTraits (0ms)
		AnalyzeDomain (166ms)
			TypeCache.Refresh (12ms)
				TypeCache.ScanAssembly (1ms)
			BuildScriptInfoCaches (143ms)
			ResolveRequiredComponents (6ms)
	FinalizeReload (734ms)
		ReleaseScriptCaches (0ms)
		RebuildScriptCaches (0ms)
		SetupLoadedEditorAssemblies (591ms)
			LogAssemblyErrors (0ms)
			InitializePlatformSupportModulesInManaged (19ms)
			SetLoadedEditorAssemblies (6ms)
			BeforeProcessingInitializeOnLoad (107ms)
			ProcessInitializeOnLoadAttributes (419ms)
			ProcessInitializeOnLoadMethodAttributes (26ms)
			AfterProcessingInitializeOnLoad (14ms)
			EditorAssembliesLoaded (0ms)
		ExecutionOrderSort2 (0ms)
		AwakeInstancesAfterBackupRestoration (22ms)
Refreshing native plugins compatible for Editor in 0.89 ms, found 3 plugins.
Preloading 0 native plugins for Editor in 0.00 ms.
Unloading 12 Unused Serialized files (Serialized files now loaded: 0)
Unloading 3689 unused Assets / (2.7 MB). Loaded Objects now: 4242.
Memory consumption went from 91.3 MB to 88.6 MB.
Total: 6.270700 ms (FindLiveObjects: 0.566200 ms CreateObjectMapping: 0.196300 ms MarkObjects: 4.256200 ms  DeleteObjects: 1.251600 ms)

Prepare: number of updated asset objects reloaded= 0
========================================================================
Received Prepare
Refreshing native plugins compatible for Editor in 1.46 ms, found 3 plugins.
Preloading 0 native plugins for Editor in 0.00 ms.
Unloading 12 Unused Serialized files (Serialized files now loaded: 0)
Unloading 3684 unused Assets / (2.9 MB). Loaded Objects now: 4242.
Memory consumption went from 91.5 MB to 88.6 MB.
Total: 7.079800 ms (FindLiveObjects: 0.447700 ms CreateObjectMapping: 0.193800 ms MarkObjects: 5.071900 ms  DeleteObjects: 1.365300 ms)

Prepare: number of updated asset objects reloaded= 0
========================================================================
Received Prepare
Begin MonoManager ReloadAssembly
- Loaded All Assemblies, in  0.683 seconds
Refreshing native plugins compatible for Editor in 1.21 ms, found 3 plugins.
Native extension for Android target not found
Native extension for WindowsStandalone target not found
[Package Manager] Failed to launch server process. Reason: Unity was launched with the -noUpm command-line argument
[Package Manager] Unable to send message (not connected to server process).
[Package Manager] Cannot connect to Unity Package Manager local server
Mono: successfully reloaded assembly
- Finished resetting the current domain, in  0.762 seconds
Domain Reload Profiling: 1444ms
	BeginReloadAssembly (221ms)
		ExecutionOrderSort (0ms)
		DisableScriptedObjects (7ms)
		BackupInstance (0ms)
		ReleaseScriptingObjects (0ms)
		CreateAndSetChildDomain (46ms)
	RebuildCommonClasses (39ms)
	RebuildNativeTypeToScriptingClass (14ms)
	initialDomainReloadingComplete (33ms)
	LoadAllAssembliesAndSetupDomain (374ms)
		LoadAssemblies (340ms)
		RebuildTransferFunctionScriptingTraits (0ms)
		AnalyzeDomain (154ms)
			TypeCache.Refresh (10ms)
				TypeCache.ScanAssembly (1ms)
			BuildScriptInfoCaches (133ms)
			ResolveRequiredComponents (6ms)
	FinalizeReload (762ms)
		ReleaseScriptCaches (0ms)
		RebuildScriptCaches (0ms)
		SetupLoadedEditorAssemblies (616ms)
			LogAssemblyErrors (0ms)
			InitializePlatformSupportModulesInManaged (12ms)
			SetLoadedEditorAssemblies (5ms)
			BeforeProcessingInitializeOnLoad (113ms)
			ProcessInitializeOnLoadAttributes (446ms)
			ProcessInitializeOnLoadMethodAttributes (31ms)
			AfterProcessingInitializeOnLoad (9ms)
			EditorAssembliesLoaded (0ms)
		ExecutionOrderSort2 (0ms)
		AwakeInstancesAfterBackupRestoration (21ms)
Refreshing native plugins compatible for Editor in 1.06 ms, found 3 plugins.
Preloading 0 native plugins for Editor in 0.00 ms.
Unloading 12 Unused Serialized files (Serialized files now loaded: 0)
Unloading 3689 unused Assets / (2.9 MB). Loaded Objects now: 4243.
Memory consumption went from 91.3 MB to 88.4 MB.
Total: 7.380000 ms (FindLiveObjects: 0.483300 ms CreateObjectMapping: 0.188800 ms MarkObjects: 5.291400 ms  DeleteObjects: 1.415000 ms)

Prepare: number of updated asset objects reloaded= 0
========================================================================
Received Prepare
Refreshing native plugins compatible for Editor in 0.70 ms, found 3 plugins.
Preloading 0 native plugins for Editor in 0.00 ms.
Unloading 12 Unused Serialized files (Serialized files now loaded: 0)
Unloading 3684 unused Assets / (2.8 MB). Loaded Objects now: 4243.
Memory consumption went from 91.5 MB to 88.6 MB.
Total: 6.050300 ms (FindLiveObjects: 0.433400 ms CreateObjectMapping: 0.163100 ms MarkObjects: 4.234900 ms  DeleteObjects: 1.218400 ms)

Prepare: number of updated asset objects reloaded= 0
========================================================================
Received Prepare
Begin MonoManager ReloadAssembly
- Loaded All Assemblies, in  0.684 seconds
Refreshing native plugins compatible for Editor in 1.08 ms, found 3 plugins.
Native extension for Android target not found
Native extension for WindowsStandalone target not found
[Package Manager] Failed to launch server process. Reason: Unity was launched with the -noUpm command-line argument
[Package Manager] Unable to send message (not connected to server process).
[Package Manager] Cannot connect to Unity Package Manager local server
Mono: successfully reloaded assembly
- Finished resetting the current domain, in  0.760 seconds
Domain Reload Profiling: 1443ms
	BeginReloadAssembly (224ms)
		ExecutionOrderSort (0ms)
		DisableScriptedObjects (7ms)
		BackupInstance (0ms)
		ReleaseScriptingObjects (0ms)
		CreateAndSetChildDomain (42ms)
	RebuildCommonClasses (45ms)
	RebuildNativeTypeToScriptingClass (15ms)
	initialDomainReloadingComplete (31ms)
	LoadAllAssembliesAndSetupDomain (369ms)
		LoadAssemblies (336ms)
		RebuildTransferFunctionScriptingTraits (0ms)
		AnalyzeDomain (157ms)
			TypeCache.Refresh (11ms)
				TypeCache.ScanAssembly (1ms)
			BuildScriptInfoCaches (136ms)
			ResolveRequiredComponents (6ms)
	FinalizeReload (760ms)
		ReleaseScriptCaches (0ms)
		RebuildScriptCaches (0ms)
		SetupLoadedEditorAssemblies (614ms)
			LogAssemblyErrors (0ms)
			InitializePlatformSupportModulesInManaged (13ms)
			SetLoadedEditorAssemblies (4ms)
			BeforeProcessingInitializeOnLoad (105ms)
			ProcessInitializeOnLoadAttributes (451ms)
			ProcessInitializeOnLoadMethodAttributes (26ms)
			AfterProcessingInitializeOnLoad (14ms)
			EditorAssembliesLoaded (0ms)
		ExecutionOrderSort2 (0ms)
		AwakeInstancesAfterBackupRestoration (24ms)
Refreshing native plugins compatible for Editor in 0.94 ms, found 3 plugins.
Preloading 0 native plugins for Editor in 0.00 ms.
Unloading 12 Unused Serialized files (Serialized files now loaded: 0)
Unloading 3689 unused Assets / (2.4 MB). Loaded Objects now: 4244.
Memory consumption went from 91.3 MB to 88.9 MB.
Total: 6.577300 ms (FindLiveObjects: 0.427100 ms CreateObjectMapping: 0.157500 ms MarkObjects: 4.579000 ms  DeleteObjects: 1.412100 ms)

Prepare: number of updated asset objects reloaded= 0
========================================================================
Received Prepare
Refreshing native plugins compatible for Editor in 0.73 ms, found 3 plugins.
Preloading 0 native plugins for Editor in 0.00 ms.
Unloading 12 Unused Serialized files (Serialized files now loaded: 0)
Unloading 3684 unused Assets / (2.9 MB). Loaded Objects now: 4244.
Memory consumption went from 91.5 MB to 88.5 MB.
Total: 6.345300 ms (FindLiveObjects: 0.444000 ms CreateObjectMapping: 0.154100 ms MarkObjects: 4.302500 ms  DeleteObjects: 1.443600 ms)

Prepare: number of updated asset objects reloaded= 0
========================================================================
Received Prepare
Begin MonoManager ReloadAssembly
- Loaded All Assemblies, in  0.715 seconds
Refreshing native plugins compatible for Editor in 0.62 ms, found 3 plugins.
Native extension for Android target not found
Native extension for WindowsStandalone target not found
[Package Manager] Failed to launch server process. Reason: Unity was launched with the -noUpm command-line argument
[Package Manager] Unable to send message (not connected to server process).
[Package Manager] Cannot connect to Unity Package Manager local server
Mono: successfully reloaded assembly
- Finished resetting the current domain, in  0.758 seconds
Domain Reload Profiling: 1471ms
	BeginReloadAssembly (230ms)
		ExecutionOrderSort (0ms)
		DisableScriptedObjects (8ms)
		BackupInstance (0ms)
		ReleaseScriptingObjects (0ms)
		CreateAndSetChildDomain (45ms)
	RebuildCommonClasses (45ms)
	RebuildNativeTypeToScriptingClass (19ms)
	initialDomainReloadingComplete (33ms)
	LoadAllAssembliesAndSetupDomain (386ms)
		LoadAssemblies (364ms)
		RebuildTransferFunctionScriptingTraits (0ms)
		AnalyzeDomain (151ms)
			TypeCache.Refresh (11ms)
				TypeCache.ScanAssembly (1ms)
			BuildScriptInfoCaches (128ms)
			ResolveRequiredComponents (6ms)
	FinalizeReload (758ms)
		ReleaseScriptCaches (0ms)
		RebuildScriptCaches (0ms)
		SetupLoadedEditorAssemblies (613ms)
			LogAssemblyErrors (0ms)
			InitializePlatformSupportModulesInManaged (17ms)
			SetLoadedEditorAssemblies (4ms)
			BeforeProcessingInitializeOnLoad (104ms)
			ProcessInitializeOnLoadAttributes (455ms)
			ProcessInitializeOnLoadMethodAttributes (26ms)
			AfterProcessingInitializeOnLoad (8ms)
			EditorAssembliesLoaded (0ms)
		ExecutionOrderSort2 (0ms)
		AwakeInstancesAfterBackupRestoration (20ms)
Refreshing native plugins compatible for Editor in 0.71 ms, found 3 plugins.
Preloading 0 native plugins for Editor in 0.00 ms.
Unloading 12 Unused Serialized files (Serialized files now loaded: 0)
Unloading 3689 unused Assets / (2.8 MB). Loaded Objects now: 4245.
Memory consumption went from 91.3 MB to 88.5 MB.
Total: 6.238600 ms (FindLiveObjects: 0.430800 ms CreateObjectMapping: 0.158300 ms MarkObjects: 4.062100 ms  DeleteObjects: 1.586800 ms)

Prepare: number of updated asset objects reloaded= 0
========================================================================
Received Prepare
Refreshing native plugins compatible for Editor in 0.82 ms, found 3 plugins.
Preloading 0 native plugins for Editor in 0.00 ms.
Unloading 12 Unused Serialized files (Serialized files now loaded: 0)
Unloading 3684 unused Assets / (2.3 MB). Loaded Objects now: 4245.
Memory consumption went from 91.5 MB to 89.1 MB.
Total: 6.528200 ms (FindLiveObjects: 0.566500 ms CreateObjectMapping: 0.281400 ms MarkObjects: 4.395300 ms  DeleteObjects: 1.284300 ms)

Prepare: number of updated asset objects reloaded= 0
========================================================================
Received Prepare
Begin MonoManager ReloadAssembly
- Loaded All Assemblies, in  0.692 seconds
Refreshing native plugins compatible for Editor in 0.61 ms, found 3 plugins.
Native extension for Android target not found
Native extension for WindowsStandalone target not found
[Package Manager] Failed to launch server process. Reason: Unity was launched with the -noUpm command-line argument
[Package Manager] Unable to send message (not connected to server process).
[Package Manager] Cannot connect to Unity Package Manager local server
Mono: successfully reloaded assembly
- Finished resetting the current domain, in  0.761 seconds
Domain Reload Profiling: 1452ms
	BeginReloadAssembly (222ms)
		ExecutionOrderSort (0ms)
		DisableScriptedObjects (7ms)
		BackupInstance (0ms)
		ReleaseScriptingObjects (0ms)
		CreateAndSetChildDomain (43ms)
	RebuildCommonClasses (34ms)
	RebuildNativeTypeToScriptingClass (15ms)
	initialDomainReloadingComplete (37ms)
	LoadAllAssembliesAndSetupDomain (382ms)
		LoadAssemblies (348ms)
		RebuildTransferFunctionScriptingTraits (0ms)
		AnalyzeDomain (158ms)
			TypeCache.Refresh (11ms)
				TypeCache.ScanAssembly (1ms)
			BuildScriptInfoCaches (137ms)
			ResolveRequiredComponents (6ms)
	FinalizeReload (761ms)
		ReleaseScriptCaches (0ms)
		RebuildScriptCaches (0ms)
		SetupLoadedEditorAssemblies (615ms)
			LogAssemblyErrors (0ms)
			InitializePlatformSupportModulesInManaged (14ms)
			SetLoadedEditorAssemblies (4ms)
			BeforeProcessingInitializeOnLoad (108ms)
			ProcessInitializeOnLoadAttributes (452ms)
			ProcessInitializeOnLoadMethodAttributes (26ms)
			AfterProcessingInitializeOnLoad (11ms)
			EditorAssembliesLoaded (0ms)
		ExecutionOrderSort2 (0ms)
		AwakeInstancesAfterBackupRestoration (20ms)
Refreshing native plugins compatible for Editor in 0.79 ms, found 3 plugins.
Preloading 0 native plugins for Editor in 0.00 ms.
Unloading 12 Unused Serialized files (Serialized files now loaded: 0)
Unloading 3689 unused Assets / (3.0 MB). Loaded Objects now: 4246.
Memory consumption went from 91.3 MB to 88.3 MB.
Total: 6.290600 ms (FindLiveObjects: 0.463200 ms CreateObjectMapping: 0.157500 ms MarkObjects: 4.204300 ms  DeleteObjects: 1.464800 ms)

Prepare: number of updated asset objects reloaded= 0
========================================================================
Received Prepare
Refreshing native plugins compatible for Editor in 0.74 ms, found 3 plugins.
Preloading 0 native plugins for Editor in 0.00 ms.
Unloading 12 Unused Serialized files (Serialized files now loaded: 0)
Unloading 3684 unused Assets / (2.8 MB). Loaded Objects now: 4246.
Memory consumption went from 91.5 MB to 88.7 MB.
Total: 6.243900 ms (FindLiveObjects: 0.444400 ms CreateObjectMapping: 0.168100 ms MarkObjects: 4.342600 ms  DeleteObjects: 1.287800 ms)

Prepare: number of updated asset objects reloaded= 0
========================================================================
Received Prepare
Begin MonoManager ReloadAssembly
[Licensing::Client] Successfully resolved entitlement details
- Loaded All Assemblies, in  0.690 seconds
Refreshing native plugins compatible for Editor in 0.59 ms, found 3 plugins.
Native extension for Android target not found
Native extension for WindowsStandalone target not found
[Package Manager] Failed to launch server process. Reason: Unity was launched with the -noUpm command-line argument
[Package Manager] Unable to send message (not connected to server process).
[Package Manager] Cannot connect to Unity Package Manager local server
Mono: successfully reloaded assembly
- Finished resetting the current domain, in  0.745 seconds
Domain Reload Profiling: 1434ms
	BeginReloadAssembly (228ms)
		ExecutionOrderSort (0ms)
		DisableScriptedObjects (7ms)
		BackupInstance (0ms)
		ReleaseScriptingObjects (0ms)
		CreateAndSetChildDomain (46ms)
	RebuildCommonClasses (39ms)
	RebuildNativeTypeToScriptingClass (15ms)
	initialDomainReloadingComplete (39ms)
	LoadAllAssembliesAndSetupDomain (368ms)
		LoadAssemblies (333ms)
		RebuildTransferFunctionScriptingTraits (0ms)
		AnalyzeDomain (159ms)
			TypeCache.Refresh (13ms)
				TypeCache.ScanAssembly (1ms)
			BuildScriptInfoCaches (136ms)
			ResolveRequiredComponents (6ms)
	FinalizeReload (745ms)
		ReleaseScriptCaches (0ms)
		RebuildScriptCaches (0ms)
		SetupLoadedEditorAssemblies (605ms)
			LogAssemblyErrors (0ms)
			InitializePlatformSupportModulesInManaged (12ms)
			SetLoadedEditorAssemblies (5ms)
			BeforeProcessingInitializeOnLoad (107ms)
			ProcessInitializeOnLoadAttributes (445ms)
			ProcessInitializeOnLoadMethodAttributes (28ms)
			AfterProcessingInitializeOnLoad (8ms)
			EditorAssembliesLoaded (0ms)
		ExecutionOrderSort2 (0ms)
		AwakeInstancesAfterBackupRestoration (20ms)
Refreshing native plugins compatible for Editor in 0.73 ms, found 3 plugins.
Preloading 0 native plugins for Editor in 0.00 ms.
Unloading 12 Unused Serialized files (Serialized files now loaded: 0)
Unloading 3689 unused Assets / (1.9 MB). Loaded Objects now: 4247.
Memory consumption went from 91.3 MB to 89.4 MB.
Total: 5.804800 ms (FindLiveObjects: 0.437900 ms CreateObjectMapping: 0.150200 ms MarkObjects: 4.184800 ms  DeleteObjects: 1.031300 ms)

Prepare: number of updated asset objects reloaded= 0
========================================================================
Received Prepare
Refreshing native plugins compatible for Editor in 0.77 ms, found 3 plugins.
Preloading 0 native plugins for Editor in 0.00 ms.
Unloading 12 Unused Serialized files (Serialized files now loaded: 0)
Unloading 3684 unused Assets / (2.9 MB). Loaded Objects now: 4247.
Memory consumption went from 91.5 MB to 88.6 MB.
Total: 6.843500 ms (FindLiveObjects: 0.434300 ms CreateObjectMapping: 0.152800 ms MarkObjects: 4.916300 ms  DeleteObjects: 1.339100 ms)

Prepare: number of updated asset objects reloaded= 0
========================================================================
Received Prepare
Begin MonoManager ReloadAssembly
[Licensing::Client] Successfully resolved entitlement details
- Loaded All Assemblies, in  0.674 seconds
Refreshing native plugins compatible for Editor in 0.91 ms, found 3 plugins.
Native extension for Android target not found
Native extension for WindowsStandalone target not found
[Package Manager] Failed to launch server process. Reason: Unity was launched with the -noUpm command-line argument
[Package Manager] Unable to send message (not connected to server process).
[Package Manager] Cannot connect to Unity Package Manager local server
Mono: successfully reloaded assembly
- Finished resetting the current domain, in  0.747 seconds
Domain Reload Profiling: 1421ms
	BeginReloadAssembly (199ms)
		ExecutionOrderSort (0ms)
		DisableScriptedObjects (4ms)
		BackupInstance (0ms)
		ReleaseScriptingObjects (0ms)
		CreateAndSetChildDomain (34ms)
	RebuildCommonClasses (41ms)
	RebuildNativeTypeToScriptingClass (17ms)
	initialDomainReloadingComplete (32ms)
	LoadAllAssembliesAndSetupDomain (385ms)
		LoadAssemblies (342ms)
		RebuildTransferFunctionScriptingTraits (0ms)
		AnalyzeDomain (162ms)
			TypeCache.Refresh (10ms)
				TypeCache.ScanAssembly (1ms)
			BuildScriptInfoCaches (140ms)
			ResolveRequiredComponents (6ms)
	FinalizeReload (748ms)
		ReleaseScriptCaches (0ms)
		RebuildScriptCaches (0ms)
		SetupLoadedEditorAssemblies (612ms)
			LogAssemblyErrors (0ms)
			InitializePlatformSupportModulesInManaged (15ms)
			SetLoadedEditorAssemblies (4ms)
			BeforeProcessingInitializeOnLoad (109ms)
			ProcessInitializeOnLoadAttributes (444ms)
			ProcessInitializeOnLoadMethodAttributes (26ms)
			AfterProcessingInitializeOnLoad (14ms)
			EditorAssembliesLoaded (0ms)
		ExecutionOrderSort2 (0ms)
		AwakeInstancesAfterBackupRestoration (20ms)
Refreshing native plugins compatible for Editor in 0.74 ms, found 3 plugins.
Preloading 0 native plugins for Editor in 0.00 ms.
Unloading 12 Unused Serialized files (Serialized files now loaded: 0)
Unloading 3689 unused Assets / (3.0 MB). Loaded Objects now: 4248.
Memory consumption went from 91.3 MB to 88.4 MB.
Total: 6.435500 ms (FindLiveObjects: 0.451700 ms CreateObjectMapping: 0.179200 ms MarkObjects: 4.288800 ms  DeleteObjects: 1.515000 ms)

Prepare: number of updated asset objects reloaded= 0
========================================================================
Received Prepare
Refreshing native plugins compatible for Editor in 1.01 ms, found 3 plugins.
Preloading 0 native plugins for Editor in 0.00 ms.
Unloading 12 Unused Serialized files (Serialized files now loaded: 0)
Unloading 3684 unused Assets / (2.9 MB). Loaded Objects now: 4248.
Memory consumption went from 91.5 MB to 88.6 MB.
Total: 6.427400 ms (FindLiveObjects: 0.440700 ms CreateObjectMapping: 0.169000 ms MarkObjects: 4.463000 ms  DeleteObjects: 1.353800 ms)

Prepare: number of updated asset objects reloaded= 0
========================================================================
Received Prepare
Begin MonoManager ReloadAssembly
- Loaded All Assemblies, in  0.703 seconds
Refreshing native plugins compatible for Editor in 1.00 ms, found 3 plugins.
Native extension for Android target not found
Native extension for WindowsStandalone target not found
[Package Manager] Failed to launch server process. Reason: Unity was launched with the -noUpm command-line argument
[Package Manager] Unable to send message (not connected to server process).
[Package Manager] Cannot connect to Unity Package Manager local server
Mono: successfully reloaded assembly
- Finished resetting the current domain, in  0.755 seconds
Domain Reload Profiling: 1457ms
	BeginReloadAssembly (229ms)
		ExecutionOrderSort (0ms)
		DisableScriptedObjects (7ms)
		BackupInstance (0ms)
		ReleaseScriptingObjects (0ms)
		CreateAndSetChildDomain (40ms)
	RebuildCommonClasses (42ms)
	RebuildNativeTypeToScriptingClass (14ms)
	initialDomainReloadingComplete (32ms)
	LoadAllAssembliesAndSetupDomain (384ms)
		LoadAssemblies (355ms)
		RebuildTransferFunctionScriptingTraits (0ms)
		AnalyzeDomain (160ms)
			TypeCache.Refresh (13ms)
				TypeCache.ScanAssembly (1ms)
			BuildScriptInfoCaches (136ms)
			ResolveRequiredComponents (6ms)
	FinalizeReload (755ms)
		ReleaseScriptCaches (0ms)
		RebuildScriptCaches (0ms)
		SetupLoadedEditorAssemblies (616ms)
			LogAssemblyErrors (0ms)
			InitializePlatformSupportModulesInManaged (13ms)
			SetLoadedEditorAssemblies (4ms)
			BeforeProcessingInitializeOnLoad (118ms)
			ProcessInitializeOnLoadAttributes (446ms)
			ProcessInitializeOnLoadMethodAttributes (27ms)
			AfterProcessingInitializeOnLoad (8ms)
			EditorAssembliesLoaded (0ms)
		ExecutionOrderSort2 (0ms)
		AwakeInstancesAfterBackupRestoration (19ms)
Refreshing native plugins compatible for Editor in 0.81 ms, found 3 plugins.
Preloading 0 native plugins for Editor in 0.00 ms.
Unloading 12 Unused Serialized files (Serialized files now loaded: 0)
Unloading 3689 unused Assets / (2.8 MB). Loaded Objects now: 4249.
Memory consumption went from 91.3 MB to 88.5 MB.
Total: 6.394000 ms (FindLiveObjects: 0.447200 ms CreateObjectMapping: 0.163200 ms MarkObjects: 4.487400 ms  DeleteObjects: 1.295200 ms)

Prepare: number of updated asset objects reloaded= 0
========================================================================
Received Prepare
Refreshing native plugins compatible for Editor in 0.80 ms, found 3 plugins.
Preloading 0 native plugins for Editor in 0.00 ms.
Unloading 12 Unused Serialized files (Serialized files now loaded: 0)
Unloading 3684 unused Assets / (2.6 MB). Loaded Objects now: 4249.
Memory consumption went from 91.5 MB to 88.9 MB.
Total: 6.051500 ms (FindLiveObjects: 0.469100 ms CreateObjectMapping: 0.189600 ms MarkObjects: 4.105800 ms  DeleteObjects: 1.286100 ms)

Prepare: number of updated asset objects reloaded= 0
========================================================================
Received Prepare
Begin MonoManager ReloadAssembly
[Licensing::Client] Successfully resolved entitlement details
- Loaded All Assemblies, in  0.634 seconds
Refreshing native plugins compatible for Editor in 0.38 ms, found 3 plugins.
Native extension for Android target not found
Native extension for WindowsStandalone target not found
[Package Manager] Failed to launch server process. Reason: Unity was launched with the -noUpm command-line argument
[Package Manager] Unable to send message (not connected to server process).
[Package Manager] Cannot connect to Unity Package Manager local server
Mono: successfully reloaded assembly
- Finished resetting the current domain, in  0.404 seconds
Domain Reload Profiling: 1037ms
	BeginReloadAssembly (225ms)
		ExecutionOrderSort (0ms)
		DisableScriptedObjects (7ms)
		BackupInstance (0ms)
		ReleaseScriptingObjects (0ms)
		CreateAndSetChildDomain (41ms)
	RebuildCommonClasses (41ms)
	RebuildNativeTypeToScriptingClass (14ms)
	initialDomainReloadingComplete (32ms)
	LoadAllAssembliesAndSetupDomain (319ms)
		LoadAssemblies (340ms)
		RebuildTransferFunctionScriptingTraits (0ms)
		AnalyzeDomain (104ms)
			TypeCache.Refresh (12ms)
				TypeCache.ScanAssembly (1ms)
			BuildScriptInfoCaches (86ms)
			ResolveRequiredComponents (3ms)
	FinalizeReload (405ms)
		ReleaseScriptCaches (0ms)
		RebuildScriptCaches (0ms)
		SetupLoadedEditorAssemblies (326ms)
			LogAssemblyErrors (0ms)
			InitializePlatformSupportModulesInManaged (8ms)
			SetLoadedEditorAssemblies (3ms)
			BeforeProcessingInitializeOnLoad (52ms)
			ProcessInitializeOnLoadAttributes (243ms)
			ProcessInitializeOnLoadMethodAttributes (16ms)
			AfterProcessingInitializeOnLoad (5ms)
			EditorAssembliesLoaded (0ms)
		ExecutionOrderSort2 (0ms)
		AwakeInstancesAfterBackupRestoration (11ms)
Refreshing native plugins compatible for Editor in 0.42 ms, found 3 plugins.
Preloading 0 native plugins for Editor in 0.00 ms.
Unloading 12 Unused Serialized files (Serialized files now loaded: 0)
Unloading 3689 unused Assets / (3.0 MB). Loaded Objects now: 4250.
Memory consumption went from 91.3 MB to 88.3 MB.
Total: 3.841100 ms (FindLiveObjects: 0.235200 ms CreateObjectMapping: 0.109900 ms MarkObjects: 2.611400 ms  DeleteObjects: 0.884300 ms)

Prepare: number of updated asset objects reloaded= 0
========================================================================
Received Prepare
Refreshing native plugins compatible for Editor in 0.37 ms, found 3 plugins.
Preloading 0 native plugins for Editor in 0.00 ms.
Unloading 12 Unused Serialized files (Serialized files now loaded: 0)
Unloading 3684 unused Assets / (3.3 MB). Loaded Objects now: 4250.
Memory consumption went from 91.5 MB to 88.2 MB.
Total: 5.185400 ms (FindLiveObjects: 0.249900 ms CreateObjectMapping: 0.104800 ms MarkObjects: 3.414700 ms  DeleteObjects: 1.414900 ms)

Prepare: number of updated asset objects reloaded= 0
========================================================================
Received Prepare
Begin MonoManager ReloadAssembly
- Loaded All Assemblies, in  0.454 seconds
Refreshing native plugins compatible for Editor in 1.12 ms, found 3 plugins.
Native extension for Android target not found
Native extension for WindowsStandalone target not found
[Package Manager] Failed to launch server process. Reason: Unity was launched with the -noUpm command-line argument
[Package Manager] Unable to send message (not connected to server process).
[Package Manager] Cannot connect to Unity Package Manager local server
Mono: successfully reloaded assembly
- Finished resetting the current domain, in  0.753 seconds
Domain Reload Profiling: 1208ms
	BeginReloadAssembly (137ms)
		ExecutionOrderSort (0ms)
		DisableScriptedObjects (4ms)
		BackupInstance (0ms)
		ReleaseScriptingObjects (0ms)
		CreateAndSetChildDomain (22ms)
	RebuildCommonClasses (30ms)
	RebuildNativeTypeToScriptingClass (8ms)
	initialDomainReloadingComplete (25ms)
	LoadAllAssembliesAndSetupDomain (255ms)
		LoadAssemblies (216ms)
		RebuildTransferFunctionScriptingTraits (0ms)
		AnalyzeDomain (116ms)
			TypeCache.Refresh (7ms)
				TypeCache.ScanAssembly (1ms)
			BuildScriptInfoCaches (97ms)
			ResolveRequiredComponents (6ms)
	FinalizeReload (754ms)
		ReleaseScriptCaches (0ms)
		RebuildScriptCaches (0ms)
		SetupLoadedEditorAssemblies (608ms)
			LogAssemblyErrors (0ms)
			InitializePlatformSupportModulesInManaged (16ms)
			SetLoadedEditorAssemblies (5ms)
			BeforeProcessingInitializeOnLoad (109ms)
			ProcessInitializeOnLoadAttributes (441ms)
			ProcessInitializeOnLoadMethodAttributes (26ms)
			AfterProcessingInitializeOnLoad (11ms)
			EditorAssembliesLoaded (0ms)
		ExecutionOrderSort2 (0ms)
		AwakeInstancesAfterBackupRestoration (20ms)
Refreshing native plugins compatible for Editor in 0.80 ms, found 3 plugins.
Preloading 0 native plugins for Editor in 0.00 ms.
Unloading 12 Unused Serialized files (Serialized files now loaded: 0)
Unloading 3689 unused Assets / (2.6 MB). Loaded Objects now: 4251.
Memory consumption went from 91.3 MB to 88.7 MB.
Total: 6.364000 ms (FindLiveObjects: 0.429200 ms CreateObjectMapping: 0.167400 ms MarkObjects: 4.524000 ms  DeleteObjects: 1.242300 ms)

Prepare: number of updated asset objects reloaded= 0
========================================================================
Received Prepare
Refreshing native plugins compatible for Editor in 0.77 ms, found 3 plugins.
Preloading 0 native plugins for Editor in 0.00 ms.
Unloading 12 Unused Serialized files (Serialized files now loaded: 0)
Unloading 3684 unused Assets / (2.8 MB). Loaded Objects now: 4251.
Memory consumption went from 91.5 MB to 88.7 MB.
Total: 6.408300 ms (FindLiveObjects: 0.437700 ms CreateObjectMapping: 0.153600 ms MarkObjects: 4.465500 ms  DeleteObjects: 1.350400 ms)

Prepare: number of updated asset objects reloaded= 0
========================================================================
Received Prepare
Begin MonoManager ReloadAssembly
[Licensing::Client] Successfully resolved entitlement details
- Loaded All Assemblies, in  0.680 seconds
Refreshing native plugins compatible for Editor in 0.88 ms, found 3 plugins.
Native extension for Android target not found
Native extension for WindowsStandalone target not found
[Package Manager] Failed to launch server process. Reason: Unity was launched with the -noUpm command-line argument
[Package Manager] Unable to send message (not connected to server process).
[Package Manager] Cannot connect to Unity Package Manager local server
Mono: successfully reloaded assembly
- Finished resetting the current domain, in  0.757 seconds
Domain Reload Profiling: 1435ms
	BeginReloadAssembly (217ms)
		ExecutionOrderSort (0ms)
		DisableScriptedObjects (6ms)
		BackupInstance (0ms)
		ReleaseScriptingObjects (0ms)
		CreateAndSetChildDomain (41ms)
	RebuildCommonClasses (43ms)
	RebuildNativeTypeToScriptingClass (15ms)
	initialDomainReloadingComplete (32ms)
	LoadAllAssembliesAndSetupDomain (372ms)
		LoadAssemblies (334ms)
		RebuildTransferFunctionScriptingTraits (0ms)
		AnalyzeDomain (161ms)
			TypeCache.Refresh (11ms)
				TypeCache.ScanAssembly (1ms)
			BuildScriptInfoCaches (139ms)
			ResolveRequiredComponents (6ms)
	FinalizeReload (757ms)
		ReleaseScriptCaches (0ms)
		RebuildScriptCaches (0ms)
		SetupLoadedEditorAssemblies (615ms)
			LogAssemblyErrors (0ms)
			InitializePlatformSupportModulesInManaged (14ms)
			SetLoadedEditorAssemblies (5ms)
			BeforeProcessingInitializeOnLoad (109ms)
			ProcessInitializeOnLoadAttributes (455ms)
			ProcessInitializeOnLoadMethodAttributes (25ms)
			AfterProcessingInitializeOnLoad (7ms)
			EditorAssembliesLoaded (0ms)
		ExecutionOrderSort2 (0ms)
		AwakeInstancesAfterBackupRestoration (22ms)
Refreshing native plugins compatible for Editor in 0.71 ms, found 3 plugins.
Preloading 0 native plugins for Editor in 0.00 ms.
Unloading 12 Unused Serialized files (Serialized files now loaded: 0)
Unloading 3689 unused Assets / (2.8 MB). Loaded Objects now: 4252.
Memory consumption went from 91.3 MB to 88.5 MB.
Total: 5.872700 ms (FindLiveObjects: 0.427300 ms CreateObjectMapping: 0.157300 ms MarkObjects: 4.108300 ms  DeleteObjects: 1.179100 ms)

Prepare: number of updated asset objects reloaded= 0
========================================================================
Received Prepare
Refreshing native plugins compatible for Editor in 0.87 ms, found 3 plugins.
Preloading 0 native plugins for Editor in 0.00 ms.
Unloading 12 Unused Serialized files (Serialized files now loaded: 0)
Unloading 3684 unused Assets / (2.8 MB). Loaded Objects now: 4252.
Memory consumption went from 91.5 MB to 88.8 MB.
Total: 6.372200 ms (FindLiveObjects: 0.431600 ms CreateObjectMapping: 0.202300 ms MarkObjects: 4.482000 ms  DeleteObjects: 1.255600 ms)

Prepare: number of updated asset objects reloaded= 0
========================================================================
Received Prepare
Refreshing native plugins compatible for Editor in 0.70 ms, found 3 plugins.
Preloading 0 native plugins for Editor in 0.00 ms.
Unloading 12 Unused Serialized files (Serialized files now loaded: 0)
Unloading 3684 unused Assets / (2.7 MB). Loaded Objects now: 4252.
Memory consumption went from 91.5 MB to 88.9 MB.
Total: 6.021800 ms (FindLiveObjects: 0.438500 ms CreateObjectMapping: 0.177600 ms MarkObjects: 4.216200 ms  DeleteObjects: 1.188900 ms)

Prepare: number of updated asset objects reloaded= 0
========================================================================
Received Prepare
Begin MonoManager ReloadAssembly
[Licensing::Client] Successfully resolved entitlement details
- Loaded All Assemblies, in  0.707 seconds
Refreshing native plugins compatible for Editor in 0.63 ms, found 3 plugins.
Native extension for Android target not found
Native extension for WindowsStandalone target not found
[Package Manager] Failed to launch server process. Reason: Unity was launched with the -noUpm command-line argument
[Package Manager] Unable to send message (not connected to server process).
[Package Manager] Cannot connect to Unity Package Manager local server
Mono: successfully reloaded assembly
- Finished resetting the current domain, in  0.753 seconds
Domain Reload Profiling: 1459ms
	BeginReloadAssembly (223ms)
		ExecutionOrderSort (0ms)
		DisableScriptedObjects (4ms)
		BackupInstance (0ms)
		ReleaseScriptingObjects (0ms)
		CreateAndSetChildDomain (42ms)
	RebuildCommonClasses (44ms)
	RebuildNativeTypeToScriptingClass (15ms)
	initialDomainReloadingComplete (34ms)
	LoadAllAssembliesAndSetupDomain (389ms)
		LoadAssemblies (342ms)
		RebuildTransferFunctionScriptingTraits (0ms)
		AnalyzeDomain (170ms)
			TypeCache.Refresh (13ms)
				TypeCache.ScanAssembly (1ms)
			BuildScriptInfoCaches (145ms)
			ResolveRequiredComponents (7ms)
	FinalizeReload (753ms)
		ReleaseScriptCaches (0ms)
		RebuildScriptCaches (0ms)
		SetupLoadedEditorAssemblies (603ms)
			LogAssemblyErrors (0ms)
			InitializePlatformSupportModulesInManaged (13ms)
			SetLoadedEditorAssemblies (4ms)
			BeforeProcessingInitializeOnLoad (104ms)
			ProcessInitializeOnLoadAttributes (442ms)
			ProcessInitializeOnLoadMethodAttributes (27ms)
			AfterProcessingInitializeOnLoad (13ms)
			EditorAssembliesLoaded (0ms)
		ExecutionOrderSort2 (0ms)
		AwakeInstancesAfterBackupRestoration (19ms)
Refreshing native plugins compatible for Editor in 1.02 ms, found 3 plugins.
Preloading 0 native plugins for Editor in 0.00 ms.
Unloading 12 Unused Serialized files (Serialized files now loaded: 0)
Unloading 3689 unused Assets / (2.8 MB). Loaded Objects now: 4253.
Memory consumption went from 91.3 MB to 88.6 MB.
Total: 5.858400 ms (FindLiveObjects: 0.492200 ms CreateObjectMapping: 0.155900 ms MarkObjects: 4.058800 ms  DeleteObjects: 1.150900 ms)

Prepare: number of updated asset objects reloaded= 0
========================================================================
Received Prepare
Refreshing native plugins compatible for Editor in 0.95 ms, found 3 plugins.
Preloading 0 native plugins for Editor in 0.00 ms.
Unloading 12 Unused Serialized files (Serialized files now loaded: 0)
Unloading 3684 unused Assets / (2.8 MB). Loaded Objects now: 4253.
Memory consumption went from 91.5 MB to 88.7 MB.
Total: 6.043400 ms (FindLiveObjects: 0.438800 ms CreateObjectMapping: 0.174400 ms MarkObjects: 4.201000 ms  DeleteObjects: 1.228600 ms)

Prepare: number of updated asset objects reloaded= 0
========================================================================
Received Prepare
Begin MonoManager ReloadAssembly
- Loaded All Assemblies, in  0.685 seconds
Refreshing native plugins compatible for Editor in 0.61 ms, found 3 plugins.
Native extension for Android target not found
Native extension for WindowsStandalone target not found
[Package Manager] Failed to launch server process. Reason: Unity was launched with the -noUpm command-line argument
[Package Manager] Unable to send message (not connected to server process).
[Package Manager] Cannot connect to Unity Package Manager local server
Mono: successfully reloaded assembly
- Finished resetting the current domain, in  0.753 seconds
Domain Reload Profiling: 1437ms
	BeginReloadAssembly (226ms)
		ExecutionOrderSort (0ms)
		DisableScriptedObjects (8ms)
		BackupInstance (0ms)
		ReleaseScriptingObjects (0ms)
		CreateAndSetChildDomain (44ms)
	RebuildCommonClasses (41ms)
	RebuildNativeTypeToScriptingClass (14ms)
	initialDomainReloadingComplete (33ms)
	LoadAllAssembliesAndSetupDomain (369ms)
		LoadAssemblies (337ms)
		RebuildTransferFunctionScriptingTraits (0ms)
		AnalyzeDomain (155ms)
			TypeCache.Refresh (7ms)
				TypeCache.ScanAssembly (1ms)
			BuildScriptInfoCaches (136ms)
			ResolveRequiredComponents (6ms)
	FinalizeReload (753ms)
		ReleaseScriptCaches (0ms)
		RebuildScriptCaches (0ms)
		SetupLoadedEditorAssemblies (611ms)
			LogAssemblyErrors (0ms)
			InitializePlatformSupportModulesInManaged (12ms)
			SetLoadedEditorAssemblies (5ms)
			BeforeProcessingInitializeOnLoad (111ms)
			ProcessInitializeOnLoadAttributes (440ms)
			ProcessInitializeOnLoadMethodAttributes (29ms)
			AfterProcessingInitializeOnLoad (14ms)
			EditorAssembliesLoaded (0ms)
		ExecutionOrderSort2 (0ms)
		AwakeInstancesAfterBackupRestoration (19ms)
Refreshing native plugins compatible for Editor in 0.73 ms, found 3 plugins.
Preloading 0 native plugins for Editor in 0.00 ms.
Unloading 12 Unused Serialized files (Serialized files now loaded: 0)
Unloading 3689 unused Assets / (2.8 MB). Loaded Objects now: 4254.
Memory consumption went from 91.3 MB to 88.6 MB.
Total: 5.648600 ms (FindLiveObjects: 0.421500 ms CreateObjectMapping: 0.151700 ms MarkObjects: 3.973000 ms  DeleteObjects: 1.101700 ms)

Prepare: number of updated asset objects reloaded= 0
========================================================================
Received Prepare
Refreshing native plugins compatible for Editor in 1.15 ms, found 3 plugins.
Preloading 0 native plugins for Editor in 0.00 ms.
Unloading 12 Unused Serialized files (Serialized files now loaded: 0)
Unloading 3684 unused Assets / (3.2 MB). Loaded Objects now: 4254.
Memory consumption went from 91.5 MB to 88.4 MB.
Total: 12.364700 ms (FindLiveObjects: 0.509100 ms CreateObjectMapping: 0.160900 ms MarkObjects: 9.873500 ms  DeleteObjects: 1.820000 ms)

Prepare: number of updated asset objects reloaded= 0
========================================================================
Received Prepare
Begin MonoManager ReloadAssembly
[Licensing::Client] Successfully resolved entitlement details
- Loaded All Assemblies, in  2.364 seconds
Refreshing native plugins compatible for Editor in 1.05 ms, found 3 plugins.
Native extension for Android target not found
Native extension for WindowsStandalone target not found
[Package Manager] Failed to launch server process. Reason: Unity was launched with the -noUpm command-line argument
[Package Manager] Unable to send message (not connected to server process).
[Package Manager] Cannot connect to Unity Package Manager local server
Mono: successfully reloaded assembly
- Finished resetting the current domain, in  0.766 seconds
Domain Reload Profiling: 3130ms
	BeginReloadAssembly (248ms)
		ExecutionOrderSort (0ms)
		DisableScriptedObjects (9ms)
		BackupInstance (0ms)
		ReleaseScriptingObjects (0ms)
		CreateAndSetChildDomain (55ms)
	RebuildCommonClasses (49ms)
	RebuildNativeTypeToScriptingClass (15ms)
	initialDomainReloadingComplete (33ms)
	LoadAllAssembliesAndSetupDomain (2018ms)
		LoadAssemblies (1977ms)
		RebuildTransferFunctionScriptingTraits (0ms)
		AnalyzeDomain (171ms)
			TypeCache.Refresh (13ms)
				TypeCache.ScanAssembly (2ms)
			BuildScriptInfoCaches (146ms)
			ResolveRequiredComponents (6ms)
	FinalizeReload (767ms)
		ReleaseScriptCaches (0ms)
		RebuildScriptCaches (0ms)
		SetupLoadedEditorAssemblies (618ms)
			LogAssemblyErrors (0ms)
			InitializePlatformSupportModulesInManaged (15ms)
			SetLoadedEditorAssemblies (5ms)
			BeforeProcessingInitializeOnLoad (118ms)
			ProcessInitializeOnLoadAttributes (443ms)
			ProcessInitializeOnLoadMethodAttributes (27ms)
			AfterProcessingInitializeOnLoad (9ms)
			EditorAssembliesLoaded (0ms)
		ExecutionOrderSort2 (0ms)
		AwakeInstancesAfterBackupRestoration (21ms)
Refreshing native plugins compatible for Editor in 0.84 ms, found 3 plugins.
Preloading 0 native plugins for Editor in 0.00 ms.
Unloading 12 Unused Serialized files (Serialized files now loaded: 0)
Unloading 3689 unused Assets / (3.0 MB). Loaded Objects now: 4255.
Memory consumption went from 91.3 MB to 88.3 MB.
Total: 6.738200 ms (FindLiveObjects: 0.456800 ms CreateObjectMapping: 0.221300 ms MarkObjects: 4.590800 ms  DeleteObjects: 1.468600 ms)

Prepare: number of updated asset objects reloaded= 0
========================================================================
Received Prepare
Refreshing native plugins compatible for Editor in 0.71 ms, found 3 plugins.
Preloading 0 native plugins for Editor in 0.00 ms.
Unloading 12 Unused Serialized files (Serialized files now loaded: 0)
Unloading 3684 unused Assets / (2.8 MB). Loaded Objects now: 4255.
Memory consumption went from 91.5 MB to 88.7 MB.
Total: 6.239400 ms (FindLiveObjects: 0.436600 ms CreateObjectMapping: 0.176200 ms MarkObjects: 4.307000 ms  DeleteObjects: 1.318100 ms)

Prepare: number of updated asset objects reloaded= 0
========================================================================
Received Prepare
Refreshing native plugins compatible for Editor in 0.85 ms, found 3 plugins.
Preloading 0 native plugins for Editor in 0.00 ms.
Unloading 12 Unused Serialized files (Serialized files now loaded: 0)
Unloading 3684 unused Assets / (2.1 MB). Loaded Objects now: 4255.
Memory consumption went from 91.5 MB to 89.4 MB.
Total: 5.973800 ms (FindLiveObjects: 0.434100 ms CreateObjectMapping: 0.153200 ms MarkObjects: 4.219200 ms  DeleteObjects: 1.166800 ms)

Prepare: number of updated asset objects reloaded= 0
========================================================================
Received Prepare
Begin MonoManager ReloadAssembly
[Licensing::Client] Successfully resolved entitlement details
- Loaded All Assemblies, in  0.711 seconds
Refreshing native plugins compatible for Editor in 0.89 ms, found 3 plugins.
Native extension for Android target not found
Native extension for WindowsStandalone target not found
[Package Manager] Failed to launch server process. Reason: Unity was launched with the -noUpm command-line argument
[Package Manager] Unable to send message (not connected to server process).
[Package Manager] Cannot connect to Unity Package Manager local server
Mono: successfully reloaded assembly
- Finished resetting the current domain, in  0.754 seconds
Domain Reload Profiling: 1463ms
	BeginReloadAssembly (234ms)
		ExecutionOrderSort (0ms)
		DisableScriptedObjects (7ms)
		BackupInstance (0ms)
		ReleaseScriptingObjects (0ms)
		CreateAndSetChildDomain (45ms)
	RebuildCommonClasses (44ms)
	RebuildNativeTypeToScriptingClass (14ms)
	initialDomainReloadingComplete (32ms)
	LoadAllAssembliesAndSetupDomain (384ms)
		LoadAssemblies (353ms)
		RebuildTransferFunctionScriptingTraits (0ms)
		AnalyzeDomain (159ms)
			TypeCache.Refresh (12ms)
				TypeCache.ScanAssembly (1ms)
			BuildScriptInfoCaches (136ms)
			ResolveRequiredComponents (6ms)
	FinalizeReload (754ms)
		ReleaseScriptCaches (0ms)
		RebuildScriptCaches (0ms)
		SetupLoadedEditorAssemblies (607ms)
			LogAssemblyErrors (0ms)
			InitializePlatformSupportModulesInManaged (14ms)
			SetLoadedEditorAssemblies (5ms)
			BeforeProcessingInitializeOnLoad (104ms)
			ProcessInitializeOnLoadAttributes (450ms)
			ProcessInitializeOnLoadMethodAttributes (27ms)
			AfterProcessingInitializeOnLoad (8ms)
			EditorAssembliesLoaded (0ms)
		ExecutionOrderSort2 (0ms)
		AwakeInstancesAfterBackupRestoration (20ms)
Refreshing native plugins compatible for Editor in 0.90 ms, found 3 plugins.
Preloading 0 native plugins for Editor in 0.00 ms.
Unloading 12 Unused Serialized files (Serialized files now loaded: 0)
Unloading 3689 unused Assets / (2.9 MB). Loaded Objects now: 4256.
Memory consumption went from 91.3 MB to 88.4 MB.
Total: 6.233400 ms (FindLiveObjects: 0.447400 ms CreateObjectMapping: 0.158700 ms MarkObjects: 4.346700 ms  DeleteObjects: 1.279900 ms)

Prepare: number of updated asset objects reloaded= 0
========================================================================
Received Prepare
Refreshing native plugins compatible for Editor in 0.77 ms, found 3 plugins.
Preloading 0 native plugins for Editor in 0.00 ms.
Unloading 12 Unused Serialized files (Serialized files now loaded: 0)
Unloading 3684 unused Assets / (2.6 MB). Loaded Objects now: 4256.
Memory consumption went from 91.5 MB to 89.0 MB.
Total: 6.452700 ms (FindLiveObjects: 0.439900 ms CreateObjectMapping: 0.159500 ms MarkObjects: 4.653200 ms  DeleteObjects: 1.198700 ms)

Prepare: number of updated asset objects reloaded= 0
========================================================================
Received Prepare
Begin MonoManager ReloadAssembly
- Loaded All Assemblies, in  0.742 seconds
Refreshing native plugins compatible for Editor in 0.86 ms, found 3 plugins.
Native extension for Android target not found
Native extension for WindowsStandalone target not found
[Package Manager] Failed to launch server process. Reason: Unity was launched with the -noUpm command-line argument
[Package Manager] Unable to send message (not connected to server process).
[Package Manager] Cannot connect to Unity Package Manager local server
Mono: successfully reloaded assembly
- Finished resetting the current domain, in  0.764 seconds
Domain Reload Profiling: 1504ms
	BeginReloadAssembly (235ms)
		ExecutionOrderSort (0ms)
		DisableScriptedObjects (7ms)
		BackupInstance (0ms)
		ReleaseScriptingObjects (0ms)
		CreateAndSetChildDomain (49ms)
	RebuildCommonClasses (41ms)
	RebuildNativeTypeToScriptingClass (15ms)
	initialDomainReloadingComplete (37ms)
	LoadAllAssembliesAndSetupDomain (411ms)
		LoadAssemblies (373ms)
		RebuildTransferFunctionScriptingTraits (0ms)
		AnalyzeDomain (167ms)
			TypeCache.Refresh (12ms)
				TypeCache.ScanAssembly (1ms)
			BuildScriptInfoCaches (143ms)
			ResolveRequiredComponents (6ms)
	FinalizeReload (764ms)
		ReleaseScriptCaches (0ms)
		RebuildScriptCaches (0ms)
		SetupLoadedEditorAssemblies (604ms)
			LogAssemblyErrors (0ms)
			InitializePlatformSupportModulesInManaged (14ms)
			SetLoadedEditorAssemblies (5ms)
			BeforeProcessingInitializeOnLoad (102ms)
			ProcessInitializeOnLoadAttributes (443ms)
			ProcessInitializeOnLoadMethodAttributes (29ms)
			AfterProcessingInitializeOnLoad (11ms)
			EditorAssembliesLoaded (0ms)
		ExecutionOrderSort2 (0ms)
		AwakeInstancesAfterBackupRestoration (21ms)
Refreshing native plugins compatible for Editor in 0.80 ms, found 3 plugins.
Preloading 0 native plugins for Editor in 0.00 ms.
Unloading 12 Unused Serialized files (Serialized files now loaded: 0)
Unloading 3689 unused Assets / (3.0 MB). Loaded Objects now: 4257.
Memory consumption went from 91.3 MB to 88.4 MB.
Total: 6.309500 ms (FindLiveObjects: 0.454700 ms CreateObjectMapping: 0.179000 ms MarkObjects: 4.350500 ms  DeleteObjects: 1.324200 ms)

Prepare: number of updated asset objects reloaded= 0
========================================================================
Received Prepare
Refreshing native plugins compatible for Editor in 1.00 ms, found 3 plugins.
Preloading 0 native plugins for Editor in 0.00 ms.
Unloading 12 Unused Serialized files (Serialized files now loaded: 0)
Unloading 3684 unused Assets / (2.8 MB). Loaded Objects now: 4257.
Memory consumption went from 91.5 MB to 88.7 MB.
Total: 6.080800 ms (FindLiveObjects: 0.447900 ms CreateObjectMapping: 0.179300 ms MarkObjects: 4.162200 ms  DeleteObjects: 1.290700 ms)

Prepare: number of updated asset objects reloaded= 0
========================================================================
Received Prepare
Begin MonoManager ReloadAssembly
- Loaded All Assemblies, in  0.707 seconds
Refreshing native plugins compatible for Editor in 0.98 ms, found 3 plugins.
Native extension for Android target not found
Native extension for WindowsStandalone target not found
[Package Manager] Failed to launch server process. Reason: Unity was launched with the -noUpm command-line argument
[Package Manager] Unable to send message (not connected to server process).
[Package Manager] Cannot connect to Unity Package Manager local server
Mono: successfully reloaded assembly
- Finished resetting the current domain, in  0.753 seconds
Domain Reload Profiling: 1459ms
	BeginReloadAssembly (237ms)
		ExecutionOrderSort (0ms)
		DisableScriptedObjects (7ms)
		BackupInstance (0ms)
		ReleaseScriptingObjects (0ms)
		CreateAndSetChildDomain (42ms)
	RebuildCommonClasses (41ms)
	RebuildNativeTypeToScriptingClass (15ms)
	initialDomainReloadingComplete (33ms)
	LoadAllAssembliesAndSetupDomain (378ms)
		LoadAssemblies (350ms)
		RebuildTransferFunctionScriptingTraits (0ms)
		AnalyzeDomain (163ms)
			TypeCache.Refresh (11ms)
				TypeCache.ScanAssembly (1ms)
			BuildScriptInfoCaches (140ms)
			ResolveRequiredComponents (6ms)
	FinalizeReload (754ms)
		ReleaseScriptCaches (0ms)
		RebuildScriptCaches (0ms)
		SetupLoadedEditorAssemblies (605ms)
			LogAssemblyErrors (0ms)
			InitializePlatformSupportModulesInManaged (14ms)
			SetLoadedEditorAssemblies (5ms)
			BeforeProcessingInitializeOnLoad (105ms)
			ProcessInitializeOnLoadAttributes (439ms)
			ProcessInitializeOnLoadMethodAttributes (28ms)
			AfterProcessingInitializeOnLoad (14ms)
			EditorAssembliesLoaded (0ms)
		ExecutionOrderSort2 (0ms)
		AwakeInstancesAfterBackupRestoration (21ms)
Refreshing native plugins compatible for Editor in 0.73 ms, found 3 plugins.
Preloading 0 native plugins for Editor in 0.00 ms.
Unloading 12 Unused Serialized files (Serialized files now loaded: 0)
Unloading 3689 unused Assets / (2.9 MB). Loaded Objects now: 4258.
Memory consumption went from 91.3 MB to 88.5 MB.
Total: 6.121800 ms (FindLiveObjects: 0.434900 ms CreateObjectMapping: 0.176900 ms MarkObjects: 4.180400 ms  DeleteObjects: 1.329000 ms)

Prepare: number of updated asset objects reloaded= 0
========================================================================
Received Prepare
Refreshing native plugins compatible for Editor in 0.66 ms, found 3 plugins.
Preloading 0 native plugins for Editor in 0.00 ms.
Unloading 12 Unused Serialized files (Serialized files now loaded: 0)
Unloading 3684 unused Assets / (2.8 MB). Loaded Objects now: 4258.
Memory consumption went from 91.5 MB to 88.7 MB.
Total: 6.079900 ms (FindLiveObjects: 0.437900 ms CreateObjectMapping: 0.151300 ms MarkObjects: 4.114000 ms  DeleteObjects: 1.376100 ms)

Prepare: number of updated asset objects reloaded= 0
========================================================================
Received Prepare
Begin MonoManager ReloadAssembly
- Loaded All Assemblies, in  0.718 seconds
Refreshing native plugins compatible for Editor in 0.65 ms, found 3 plugins.
Native extension for Android target not found
Native extension for WindowsStandalone target not found
[Package Manager] Failed to launch server process. Reason: Unity was launched with the -noUpm command-line argument
[Package Manager] Unable to send message (not connected to server process).
[Package Manager] Cannot connect to Unity Package Manager local server
Mono: successfully reloaded assembly
- Finished resetting the current domain, in  0.755 seconds
Domain Reload Profiling: 1470ms
	BeginReloadAssembly (233ms)
		ExecutionOrderSort (0ms)
		DisableScriptedObjects (8ms)
		BackupInstance (0ms)
		ReleaseScriptingObjects (0ms)
		CreateAndSetChildDomain (43ms)
	RebuildCommonClasses (41ms)
	RebuildNativeTypeToScriptingClass (15ms)
	initialDomainReloadingComplete (32ms)
	LoadAllAssembliesAndSetupDomain (394ms)
		LoadAssemblies (356ms)
		RebuildTransferFunctionScriptingTraits (0ms)
		AnalyzeDomain (170ms)
			TypeCache.Refresh (13ms)
				TypeCache.ScanAssembly (1ms)
			BuildScriptInfoCaches (146ms)
			ResolveRequiredComponents (6ms)
	FinalizeReload (756ms)
		ReleaseScriptCaches (0ms)
		RebuildScriptCaches (0ms)
		SetupLoadedEditorAssemblies (612ms)
			LogAssemblyErrors (0ms)
			InitializePlatformSupportModulesInManaged (13ms)
			SetLoadedEditorAssemblies (4ms)
			BeforeProcessingInitializeOnLoad (110ms)
			ProcessInitializeOnLoadAttributes (445ms)
			ProcessInitializeOnLoadMethodAttributes (26ms)
			AfterProcessingInitializeOnLoad (14ms)
			EditorAssembliesLoaded (0ms)
		ExecutionOrderSort2 (0ms)
		AwakeInstancesAfterBackupRestoration (21ms)
Refreshing native plugins compatible for Editor in 0.76 ms, found 3 plugins.
Preloading 0 native plugins for Editor in 0.00 ms.
Unloading 12 Unused Serialized files (Serialized files now loaded: 0)
Unloading 3689 unused Assets / (2.9 MB). Loaded Objects now: 4259.
Memory consumption went from 91.3 MB to 88.5 MB.
Total: 6.067800 ms (FindLiveObjects: 0.430600 ms CreateObjectMapping: 0.161200 ms MarkObjects: 4.090700 ms  DeleteObjects: 1.384700 ms)

Prepare: number of updated asset objects reloaded= 0
========================================================================
Received Prepare
Refreshing native plugins compatible for Editor in 0.70 ms, found 3 plugins.
Preloading 0 native plugins for Editor in 0.00 ms.
Unloading 12 Unused Serialized files (Serialized files now loaded: 0)
Unloading 3684 unused Assets / (2.9 MB). Loaded Objects now: 4259.
Memory consumption went from 91.5 MB to 88.6 MB.
Total: 6.585300 ms (FindLiveObjects: 0.436600 ms CreateObjectMapping: 0.168000 ms MarkObjects: 4.591500 ms  DeleteObjects: 1.388200 ms)

Prepare: number of updated asset objects reloaded= 0
========================================================================
Received Prepare
Begin MonoManager ReloadAssembly
[Licensing::Client] Successfully resolved entitlement details
- Loaded All Assemblies, in  0.711 seconds
Refreshing native plugins compatible for Editor in 1.35 ms, found 3 plugins.
Native extension for Android target not found
Native extension for WindowsStandalone target not found
[Package Manager] Failed to launch server process. Reason: Unity was launched with the -noUpm command-line argument
[Package Manager] Unable to send message (not connected to server process).
[Package Manager] Cannot connect to Unity Package Manager local server
Mono: successfully reloaded assembly
- Finished resetting the current domain, in  0.772 seconds
Domain Reload Profiling: 1482ms
	BeginReloadAssembly (232ms)
		ExecutionOrderSort (0ms)
		DisableScriptedObjects (7ms)
		BackupInstance (0ms)
		ReleaseScriptingObjects (0ms)
		CreateAndSetChildDomain (42ms)
	RebuildCommonClasses (41ms)
	RebuildNativeTypeToScriptingClass (15ms)
	initialDomainReloadingComplete (34ms)
	LoadAllAssembliesAndSetupDomain (387ms)
		LoadAssemblies (358ms)
		RebuildTransferFunctionScriptingTraits (0ms)
		AnalyzeDomain (159ms)
			TypeCache.Refresh (11ms)
				TypeCache.ScanAssembly (1ms)
			BuildScriptInfoCaches (137ms)
			ResolveRequiredComponents (7ms)
	FinalizeReload (772ms)
		ReleaseScriptCaches (0ms)
		RebuildScriptCaches (0ms)
		SetupLoadedEditorAssemblies (622ms)
			LogAssemblyErrors (0ms)
			InitializePlatformSupportModulesInManaged (15ms)
			SetLoadedEditorAssemblies (4ms)
			BeforeProcessingInitializeOnLoad (113ms)
			ProcessInitializeOnLoadAttributes (455ms)
			ProcessInitializeOnLoadMethodAttributes (27ms)
			AfterProcessingInitializeOnLoad (8ms)
			EditorAssembliesLoaded (0ms)
		ExecutionOrderSort2 (0ms)
		AwakeInstancesAfterBackupRestoration (20ms)
Refreshing native plugins compatible for Editor in 0.88 ms, found 3 plugins.
Preloading 0 native plugins for Editor in 0.00 ms.
Unloading 12 Unused Serialized files (Serialized files now loaded: 0)
Unloading 3689 unused Assets / (2.6 MB). Loaded Objects now: 4260.
Memory consumption went from 91.4 MB to 88.7 MB.
Total: 6.159000 ms (FindLiveObjects: 0.437900 ms CreateObjectMapping: 0.165000 ms MarkObjects: 4.301500 ms  DeleteObjects: 1.253900 ms)

Prepare: number of updated asset objects reloaded= 0
========================================================================
Received Prepare
Refreshing native plugins compatible for Editor in 3.35 ms, found 3 plugins.
Preloading 0 native plugins for Editor in 0.00 ms.
Unloading 12 Unused Serialized files (Serialized files now loaded: 0)
Unloading 3684 unused Assets / (2.9 MB). Loaded Objects now: 4260.
Memory consumption went from 91.5 MB to 88.7 MB.
Total: 7.043700 ms (FindLiveObjects: 0.433400 ms CreateObjectMapping: 0.231700 ms MarkObjects: 5.098900 ms  DeleteObjects: 1.278400 ms)

Prepare: number of updated asset objects reloaded= 0
========================================================================
Received Prepare
Begin MonoManager ReloadAssembly
- Loaded All Assemblies, in  0.700 seconds
Refreshing native plugins compatible for Editor in 0.83 ms, found 3 plugins.
Native extension for Android target not found
Native extension for WindowsStandalone target not found
[Package Manager] Failed to launch server process. Reason: Unity was launched with the -noUpm command-line argument
[Package Manager] Unable to send message (not connected to server process).
[Package Manager] Cannot connect to Unity Package Manager local server
Mono: successfully reloaded assembly
- Finished resetting the current domain, in  0.812 seconds
Domain Reload Profiling: 1511ms
	BeginReloadAssembly (224ms)
		ExecutionOrderSort (0ms)
		DisableScriptedObjects (7ms)
		BackupInstance (0ms)
		ReleaseScriptingObjects (0ms)
		CreateAndSetChildDomain (44ms)
	RebuildCommonClasses (42ms)
	RebuildNativeTypeToScriptingClass (15ms)
	initialDomainReloadingComplete (33ms)
	LoadAllAssembliesAndSetupDomain (385ms)
		LoadAssemblies (349ms)
		RebuildTransferFunctionScriptingTraits (0ms)
		AnalyzeDomain (160ms)
			TypeCache.Refresh (13ms)
				TypeCache.ScanAssembly (2ms)
			BuildScriptInfoCaches (136ms)
			ResolveRequiredComponents (6ms)
	FinalizeReload (813ms)
		ReleaseScriptCaches (0ms)
		RebuildScriptCaches (0ms)
		SetupLoadedEditorAssemblies (664ms)
			LogAssemblyErrors (0ms)
			InitializePlatformSupportModulesInManaged (13ms)
			SetLoadedEditorAssemblies (5ms)
			BeforeProcessingInitializeOnLoad (119ms)
			ProcessInitializeOnLoadAttributes (490ms)
			ProcessInitializeOnLoadMethodAttributes (27ms)
			AfterProcessingInitializeOnLoad (9ms)
			EditorAssembliesLoaded (0ms)
		ExecutionOrderSort2 (0ms)
		AwakeInstancesAfterBackupRestoration (23ms)
Refreshing native plugins compatible for Editor in 0.98 ms, found 3 plugins.
Preloading 0 native plugins for Editor in 0.00 ms.
Unloading 12 Unused Serialized files (Serialized files now loaded: 0)
Unloading 3689 unused Assets / (2.8 MB). Loaded Objects now: 4261.
Memory consumption went from 91.4 MB to 88.5 MB.
Total: 6.342500 ms (FindLiveObjects: 0.438200 ms CreateObjectMapping: 0.177700 ms MarkObjects: 4.164700 ms  DeleteObjects: 1.561100 ms)

Prepare: number of updated asset objects reloaded= 0
========================================================================
Received Prepare
Refreshing native plugins compatible for Editor in 0.83 ms, found 3 plugins.
Preloading 0 native plugins for Editor in 0.00 ms.
Unloading 12 Unused Serialized files (Serialized files now loaded: 0)
Unloading 3684 unused Assets / (2.9 MB). Loaded Objects now: 4261.
Memory consumption went from 91.6 MB to 88.6 MB.
Total: 6.527700 ms (FindLiveObjects: 0.436200 ms CreateObjectMapping: 0.188500 ms MarkObjects: 4.454800 ms  DeleteObjects: 1.447500 ms)

Prepare: number of updated asset objects reloaded= 0
========================================================================
Received Prepare
Begin MonoManager ReloadAssembly
- Loaded All Assemblies, in  0.701 seconds
Refreshing native plugins compatible for Editor in 0.91 ms, found 3 plugins.
Native extension for Android target not found
Native extension for WindowsStandalone target not found
[Package Manager] Failed to launch server process. Reason: Unity was launched with the -noUpm command-line argument
[Package Manager] Unable to send message (not connected to server process).
[Package Manager] Cannot connect to Unity Package Manager local server
Mono: successfully reloaded assembly
- Finished resetting the current domain, in  0.768 seconds
Domain Reload Profiling: 1468ms
	BeginReloadAssembly (235ms)
		ExecutionOrderSort (0ms)
		DisableScriptedObjects (6ms)
		BackupInstance (0ms)
		ReleaseScriptingObjects (0ms)
		CreateAndSetChildDomain (48ms)
	RebuildCommonClasses (47ms)
	RebuildNativeTypeToScriptingClass (15ms)
	initialDomainReloadingComplete (32ms)
	LoadAllAssembliesAndSetupDomain (370ms)
		LoadAssemblies (338ms)
		RebuildTransferFunctionScriptingTraits (0ms)
		AnalyzeDomain (162ms)
			TypeCache.Refresh (12ms)
				TypeCache.ScanAssembly (1ms)
			BuildScriptInfoCaches (140ms)
			ResolveRequiredComponents (6ms)
	FinalizeReload (769ms)
		ReleaseScriptCaches (0ms)
		RebuildScriptCaches (0ms)
		SetupLoadedEditorAssemblies (627ms)
			LogAssemblyErrors (0ms)
			InitializePlatformSupportModulesInManaged (13ms)
			SetLoadedEditorAssemblies (4ms)
			BeforeProcessingInitializeOnLoad (113ms)
			ProcessInitializeOnLoadAttributes (459ms)
			ProcessInitializeOnLoadMethodAttributes (27ms)
			AfterProcessingInitializeOnLoad (10ms)
			EditorAssembliesLoaded (0ms)
		ExecutionOrderSort2 (0ms)
		AwakeInstancesAfterBackupRestoration (20ms)
Refreshing native plugins compatible for Editor in 0.76 ms, found 3 plugins.
Preloading 0 native plugins for Editor in 0.00 ms.
Unloading 12 Unused Serialized files (Serialized files now loaded: 0)
Unloading 3689 unused Assets / (2.9 MB). Loaded Objects now: 4262.
Memory consumption went from 91.4 MB to 88.5 MB.
Total: 6.154300 ms (FindLiveObjects: 0.442300 ms CreateObjectMapping: 0.166100 ms MarkObjects: 4.108600 ms  DeleteObjects: 1.436300 ms)

Prepare: number of updated asset objects reloaded= 0
========================================================================
Received Prepare
Refreshing native plugins compatible for Editor in 0.90 ms, found 3 plugins.
Preloading 0 native plugins for Editor in 0.00 ms.
Unloading 12 Unused Serialized files (Serialized files now loaded: 0)
Unloading 3684 unused Assets / (3.1 MB). Loaded Objects now: 4262.
Memory consumption went from 91.6 MB to 88.5 MB.
Total: 7.259500 ms (FindLiveObjects: 0.450900 ms CreateObjectMapping: 0.204200 ms MarkObjects: 5.118200 ms  DeleteObjects: 1.485100 ms)

Prepare: number of updated asset objects reloaded= 0
========================================================================
Received Prepare
Refreshing native plugins compatible for Editor in 0.73 ms, found 3 plugins.
Preloading 0 native plugins for Editor in 0.00 ms.
Unloading 12 Unused Serialized files (Serialized files now loaded: 0)
Unloading 3684 unused Assets / (2.9 MB). Loaded Objects now: 4262.
Memory consumption went from 91.6 MB to 88.7 MB.
Total: 6.495700 ms (FindLiveObjects: 0.438000 ms CreateObjectMapping: 0.177400 ms MarkObjects: 4.498100 ms  DeleteObjects: 1.381300 ms)

Prepare: number of updated asset objects reloaded= 0
========================================================================
Received Prepare
Begin MonoManager ReloadAssembly
[Licensing::Client] Successfully resolved entitlement details
- Loaded All Assemblies, in  0.704 seconds
Refreshing native plugins compatible for Editor in 1.08 ms, found 3 plugins.
Native extension for Android target not found
Native extension for WindowsStandalone target not found
[Package Manager] Failed to launch server process. Reason: Unity was launched with the -noUpm command-line argument
[Package Manager] Unable to send message (not connected to server process).
[Package Manager] Cannot connect to Unity Package Manager local server
Mono: successfully reloaded assembly
- Finished resetting the current domain, in  0.765 seconds
Domain Reload Profiling: 1469ms
	BeginReloadAssembly (234ms)
		ExecutionOrderSort (0ms)
		DisableScriptedObjects (5ms)
		BackupInstance (0ms)
		ReleaseScriptingObjects (0ms)
		CreateAndSetChildDomain (45ms)
	RebuildCommonClasses (42ms)
	RebuildNativeTypeToScriptingClass (15ms)
	initialDomainReloadingComplete (34ms)
	LoadAllAssembliesAndSetupDomain (379ms)
		LoadAssemblies (345ms)
		RebuildTransferFunctionScriptingTraits (0ms)
		AnalyzeDomain (168ms)
			TypeCache.Refresh (10ms)
				TypeCache.ScanAssembly (1ms)
			BuildScriptInfoCaches (147ms)
			ResolveRequiredComponents (6ms)
	FinalizeReload (765ms)
		ReleaseScriptCaches (0ms)
		RebuildScriptCaches (0ms)
		SetupLoadedEditorAssemblies (625ms)
			LogAssemblyErrors (0ms)
			InitializePlatformSupportModulesInManaged (19ms)
			SetLoadedEditorAssemblies (4ms)
			BeforeProcessingInitializeOnLoad (101ms)
			ProcessInitializeOnLoadAttributes (468ms)
			ProcessInitializeOnLoadMethodAttributes (27ms)
			AfterProcessingInitializeOnLoad (7ms)
			EditorAssembliesLoaded (0ms)
		ExecutionOrderSort2 (0ms)
		AwakeInstancesAfterBackupRestoration (19ms)
Refreshing native plugins compatible for Editor in 0.94 ms, found 3 plugins.
Preloading 0 native plugins for Editor in 0.00 ms.
Unloading 12 Unused Serialized files (Serialized files now loaded: 0)
Unloading 3689 unused Assets / (2.9 MB). Loaded Objects now: 4263.
Memory consumption went from 91.4 MB to 88.5 MB.
Total: 6.089600 ms (FindLiveObjects: 0.424200 ms CreateObjectMapping: 0.153500 ms MarkObjects: 4.225000 ms  DeleteObjects: 1.286100 ms)

Prepare: number of updated asset objects reloaded= 0
========================================================================
Received Prepare
Refreshing native plugins compatible for Editor in 1.05 ms, found 3 plugins.
Preloading 0 native plugins for Editor in 0.00 ms.
Unloading 12 Unused Serialized files (Serialized files now loaded: 0)
Unloading 3684 unused Assets / (2.7 MB). Loaded Objects now: 4263.
Memory consumption went from 91.6 MB to 88.8 MB.
Total: 6.778700 ms (FindLiveObjects: 0.434800 ms CreateObjectMapping: 0.302600 ms MarkObjects: 4.678300 ms  DeleteObjects: 1.362100 ms)

Prepare: number of updated asset objects reloaded= 0
========================================================================
Received Prepare
Begin MonoManager ReloadAssembly
[Licensing::Client] Successfully resolved entitlement details
- Loaded All Assemblies, in  0.725 seconds
Refreshing native plugins compatible for Editor in 0.70 ms, found 3 plugins.
Native extension for Android target not found
Native extension for WindowsStandalone target not found
[Package Manager] Failed to launch server process. Reason: Unity was launched with the -noUpm command-line argument
[Package Manager] Unable to send message (not connected to server process).
[Package Manager] Cannot connect to Unity Package Manager local server
Mono: successfully reloaded assembly
- Finished resetting the current domain, in  0.747 seconds
Domain Reload Profiling: 1464ms
	BeginReloadAssembly (238ms)
		ExecutionOrderSort (0ms)
		DisableScriptedObjects (11ms)
		BackupInstance (0ms)
		ReleaseScriptingObjects (0ms)
		CreateAndSetChildDomain (41ms)
	RebuildCommonClasses (42ms)
	RebuildNativeTypeToScriptingClass (14ms)
	initialDomainReloadingComplete (38ms)
	LoadAllAssembliesAndSetupDomain (384ms)
		LoadAssemblies (352ms)
		RebuildTransferFunctionScriptingTraits (0ms)
		AnalyzeDomain (165ms)
			TypeCache.Refresh (14ms)
				TypeCache.ScanAssembly (1ms)
			BuildScriptInfoCaches (140ms)
			ResolveRequiredComponents (6ms)
	FinalizeReload (748ms)
		ReleaseScriptCaches (0ms)
		RebuildScriptCaches (0ms)
		SetupLoadedEditorAssemblies (600ms)
			LogAssemblyErrors (0ms)
			InitializePlatformSupportModulesInManaged (14ms)
			SetLoadedEditorAssemblies (5ms)
			BeforeProcessingInitializeOnLoad (101ms)
			ProcessInitializeOnLoadAttributes (444ms)
			ProcessInitializeOnLoadMethodAttributes (28ms)
			AfterProcessingInitializeOnLoad (8ms)
			EditorAssembliesLoaded (0ms)
		ExecutionOrderSort2 (0ms)
		AwakeInstancesAfterBackupRestoration (20ms)
Refreshing native plugins compatible for Editor in 0.78 ms, found 3 plugins.
Preloading 0 native plugins for Editor in 0.00 ms.
Unloading 12 Unused Serialized files (Serialized files now loaded: 0)
Unloading 3689 unused Assets / (3.0 MB). Loaded Objects now: 4264.
Memory consumption went from 91.4 MB to 88.4 MB.
Total: 6.447000 ms (FindLiveObjects: 0.448200 ms CreateObjectMapping: 0.158600 ms MarkObjects: 4.414300 ms  DeleteObjects: 1.425000 ms)

Prepare: number of updated asset objects reloaded= 0
========================================================================
Received Prepare
Refreshing native plugins compatible for Editor in 0.93 ms, found 3 plugins.
Preloading 0 native plugins for Editor in 0.00 ms.
Unloading 12 Unused Serialized files (Serialized files now loaded: 0)
Unloading 3684 unused Assets / (2.9 MB). Loaded Objects now: 4264.
Memory consumption went from 91.6 MB to 88.6 MB.
Total: 7.300500 ms (FindLiveObjects: 0.478100 ms CreateObjectMapping: 0.194200 ms MarkObjects: 4.897500 ms  DeleteObjects: 1.729700 ms)

Prepare: number of updated asset objects reloaded= 0
========================================================================
Received Prepare
Begin MonoManager ReloadAssembly
- Loaded All Assemblies, in  0.741 seconds
Refreshing native plugins compatible for Editor in 0.89 ms, found 3 plugins.
Native extension for Android target not found
Native extension for WindowsStandalone target not found
[Package Manager] Failed to launch server process. Reason: Unity was launched with the -noUpm command-line argument
[Package Manager] Unable to send message (not connected to server process).
[Package Manager] Cannot connect to Unity Package Manager local server
Mono: successfully reloaded assembly
- Finished resetting the current domain, in  0.770 seconds
Domain Reload Profiling: 1506ms
	BeginReloadAssembly (235ms)
		ExecutionOrderSort (0ms)
		DisableScriptedObjects (4ms)
		BackupInstance (0ms)
		ReleaseScriptingObjects (0ms)
		CreateAndSetChildDomain (45ms)
	RebuildCommonClasses (42ms)
	RebuildNativeTypeToScriptingClass (15ms)
	initialDomainReloadingComplete (34ms)
	LoadAllAssembliesAndSetupDomain (410ms)
		LoadAssemblies (373ms)
		RebuildTransferFunctionScriptingTraits (0ms)
		AnalyzeDomain (171ms)
			TypeCache.Refresh (15ms)
				TypeCache.ScanAssembly (2ms)
			BuildScriptInfoCaches (144ms)
			ResolveRequiredComponents (6ms)
	FinalizeReload (771ms)
		ReleaseScriptCaches (0ms)
		RebuildScriptCaches (0ms)
		SetupLoadedEditorAssemblies (625ms)
			LogAssemblyErrors (0ms)
			InitializePlatformSupportModulesInManaged (13ms)
			SetLoadedEditorAssemblies (4ms)
			BeforeProcessingInitializeOnLoad (110ms)
			ProcessInitializeOnLoadAttributes (458ms)
			ProcessInitializeOnLoadMethodAttributes (28ms)
			AfterProcessingInitializeOnLoad (11ms)
			EditorAssembliesLoaded (0ms)
		ExecutionOrderSort2 (0ms)
		AwakeInstancesAfterBackupRestoration (20ms)
Refreshing native plugins compatible for Editor in 0.76 ms, found 3 plugins.
Preloading 0 native plugins for Editor in 0.00 ms.
Unloading 12 Unused Serialized files (Serialized files now loaded: 0)
Unloading 3689 unused Assets / (2.9 MB). Loaded Objects now: 4265.
Memory consumption went from 91.4 MB to 88.4 MB.
Total: 6.338400 ms (FindLiveObjects: 0.439100 ms CreateObjectMapping: 0.173900 ms MarkObjects: 4.350600 ms  DeleteObjects: 1.373700 ms)

Prepare: number of updated asset objects reloaded= 0
========================================================================
Received Prepare
Refreshing native plugins compatible for Editor in 0.74 ms, found 3 plugins.
Preloading 0 native plugins for Editor in 0.00 ms.
Unloading 12 Unused Serialized files (Serialized files now loaded: 0)
Unloading 3684 unused Assets / (2.9 MB). Loaded Objects now: 4265.
Memory consumption went from 91.6 MB to 88.7 MB.
Total: 6.580300 ms (FindLiveObjects: 0.435600 ms CreateObjectMapping: 0.175100 ms MarkObjects: 4.574500 ms  DeleteObjects: 1.394100 ms)

Prepare: number of updated asset objects reloaded= 0
========================================================================
Received Prepare
Begin MonoManager ReloadAssembly
- Loaded All Assemblies, in  0.704 seconds
Refreshing native plugins compatible for Editor in 1.50 ms, found 3 plugins.
Native extension for Android target not found
Native extension for WindowsStandalone target not found
[Package Manager] Failed to launch server process. Reason: Unity was launched with the -noUpm command-line argument
[Package Manager] Unable to send message (not connected to server process).
[Package Manager] Cannot connect to Unity Package Manager local server
Mono: successfully reloaded assembly
- Finished resetting the current domain, in  0.767 seconds
Domain Reload Profiling: 1469ms
	BeginReloadAssembly (226ms)
		ExecutionOrderSort (0ms)
		DisableScriptedObjects (8ms)
		BackupInstance (0ms)
		ReleaseScriptingObjects (0ms)
		CreateAndSetChildDomain (42ms)
	RebuildCommonClasses (37ms)
	RebuildNativeTypeToScriptingClass (15ms)
	initialDomainReloadingComplete (34ms)
	LoadAllAssembliesAndSetupDomain (390ms)
		LoadAssemblies (352ms)
		RebuildTransferFunctionScriptingTraits (0ms)
		AnalyzeDomain (165ms)
			TypeCache.Refresh (13ms)
				TypeCache.ScanAssembly (1ms)
			BuildScriptInfoCaches (140ms)
			ResolveRequiredComponents (6ms)
	FinalizeReload (767ms)
		ReleaseScriptCaches (0ms)
		RebuildScriptCaches (0ms)
		SetupLoadedEditorAssemblies (624ms)
			LogAssemblyErrors (0ms)
			InitializePlatformSupportModulesInManaged (14ms)
			SetLoadedEditorAssemblies (5ms)
			BeforeProcessingInitializeOnLoad (108ms)
			ProcessInitializeOnLoadAttributes (451ms)
			ProcessInitializeOnLoadMethodAttributes (36ms)
			AfterProcessingInitializeOnLoad (10ms)
			EditorAssembliesLoaded (0ms)
		ExecutionOrderSort2 (0ms)
		AwakeInstancesAfterBackupRestoration (21ms)
Refreshing native plugins compatible for Editor in 0.99 ms, found 3 plugins.
Preloading 0 native plugins for Editor in 0.00 ms.
Unloading 12 Unused Serialized files (Serialized files now loaded: 0)
Unloading 3689 unused Assets / (2.5 MB). Loaded Objects now: 4266.
Memory consumption went from 91.4 MB to 88.9 MB.
Total: 5.875000 ms (FindLiveObjects: 0.439000 ms CreateObjectMapping: 0.153300 ms MarkObjects: 4.018300 ms  DeleteObjects: 1.263700 ms)

Prepare: number of updated asset objects reloaded= 0
========================================================================
Received Prepare
Refreshing native plugins compatible for Editor in 0.70 ms, found 3 plugins.
Preloading 0 native plugins for Editor in 0.00 ms.
Unloading 12 Unused Serialized files (Serialized files now loaded: 0)
Unloading 3684 unused Assets / (2.8 MB). Loaded Objects now: 4266.
Memory consumption went from 91.6 MB to 88.8 MB.
Total: 5.949300 ms (FindLiveObjects: 0.434200 ms CreateObjectMapping: 0.152800 ms MarkObjects: 4.118300 ms  DeleteObjects: 1.242900 ms)

Prepare: number of updated asset objects reloaded= 0
========================================================================
Received Prepare
Refreshing native plugins compatible for Editor in 0.83 ms, found 3 plugins.
Preloading 0 native plugins for Editor in 0.00 ms.
Unloading 12 Unused Serialized files (Serialized files now loaded: 0)
Unloading 3684 unused Assets / (2.8 MB). Loaded Objects now: 4266.
Memory consumption went from 91.6 MB to 88.8 MB.
Total: 6.183700 ms (FindLiveObjects: 0.435200 ms CreateObjectMapping: 0.162100 ms MarkObjects: 4.237800 ms  DeleteObjects: 1.348000 ms)

Prepare: number of updated asset objects reloaded= 0
========================================================================
Received Prepare
Refreshing native plugins compatible for Editor in 0.77 ms, found 3 plugins.
Preloading 0 native plugins for Editor in 0.00 ms.
Unloading 12 Unused Serialized files (Serialized files now loaded: 0)
Unloading 3684 unused Assets / (3.0 MB). Loaded Objects now: 4266.
Memory consumption went from 91.6 MB to 88.6 MB.
Total: 6.634000 ms (FindLiveObjects: 0.440800 ms CreateObjectMapping: 0.193700 ms MarkObjects: 4.571100 ms  DeleteObjects: 1.427900 ms)

Prepare: number of updated asset objects reloaded= 0
========================================================================
Received Prepare
Begin MonoManager ReloadAssembly
[Licensing::Client] Successfully resolved entitlement details
- Loaded All Assemblies, in  0.713 seconds
Refreshing native plugins compatible for Editor in 1.19 ms, found 3 plugins.
Native extension for Android target not found
Native extension for WindowsStandalone target not found
[Package Manager] Failed to launch server process. Reason: Unity was launched with the -noUpm command-line argument
[Package Manager] Unable to send message (not connected to server process).
[Package Manager] Cannot connect to Unity Package Manager local server
Mono: successfully reloaded assembly
- Finished resetting the current domain, in  0.752 seconds
Domain Reload Profiling: 1462ms
	BeginReloadAssembly (231ms)
		ExecutionOrderSort (0ms)
		DisableScriptedObjects (4ms)
		BackupInstance (0ms)
		ReleaseScriptingObjects (0ms)
		CreateAndSetChildDomain (46ms)
	RebuildCommonClasses (43ms)
	RebuildNativeTypeToScriptingClass (15ms)
	initialDomainReloadingComplete (35ms)
	LoadAllAssembliesAndSetupDomain (385ms)
		LoadAssemblies (354ms)
		RebuildTransferFunctionScriptingTraits (0ms)
		AnalyzeDomain (163ms)
			TypeCache.Refresh (12ms)
				TypeCache.ScanAssembly (1ms)
			BuildScriptInfoCaches (139ms)
			ResolveRequiredComponents (6ms)
	FinalizeReload (753ms)
		ReleaseScriptCaches (0ms)
		RebuildScriptCaches (0ms)
		SetupLoadedEditorAssemblies (608ms)
			LogAssemblyErrors (0ms)
			InitializePlatformSupportModulesInManaged (13ms)
			SetLoadedEditorAssemblies (4ms)
			BeforeProcessingInitializeOnLoad (107ms)
			ProcessInitializeOnLoadAttributes (450ms)
			ProcessInitializeOnLoadMethodAttributes (27ms)
			AfterProcessingInitializeOnLoad (7ms)
			EditorAssembliesLoaded (0ms)
		ExecutionOrderSort2 (0ms)
		AwakeInstancesAfterBackupRestoration (20ms)
Refreshing native plugins compatible for Editor in 0.97 ms, found 3 plugins.
Preloading 0 native plugins for Editor in 0.00 ms.
Unloading 12 Unused Serialized files (Serialized files now loaded: 0)
Unloading 3689 unused Assets / (3.1 MB). Loaded Objects now: 4267.
Memory consumption went from 91.4 MB to 88.3 MB.
Total: 6.320000 ms (FindLiveObjects: 0.428700 ms CreateObjectMapping: 0.154300 ms MarkObjects: 4.270400 ms  DeleteObjects: 1.466000 ms)

Prepare: number of updated asset objects reloaded= 0
========================================================================
Received Prepare
Refreshing native plugins compatible for Editor in 0.97 ms, found 3 plugins.
Preloading 0 native plugins for Editor in 0.00 ms.
Unloading 12 Unused Serialized files (Serialized files now loaded: 0)
Unloading 3684 unused Assets / (3.0 MB). Loaded Objects now: 4267.
Memory consumption went from 91.6 MB to 88.6 MB.
Total: 6.887800 ms (FindLiveObjects: 0.437900 ms CreateObjectMapping: 0.178200 ms MarkObjects: 4.809400 ms  DeleteObjects: 1.461200 ms)

Prepare: number of updated asset objects reloaded= 0
========================================================================
Received Prepare
Refreshing native plugins compatible for Editor in 1.01 ms, found 3 plugins.
Preloading 0 native plugins for Editor in 0.00 ms.
Unloading 12 Unused Serialized files (Serialized files now loaded: 0)
Unloading 3684 unused Assets / (2.4 MB). Loaded Objects now: 4267.
Memory consumption went from 91.6 MB to 89.2 MB.
Total: 6.879800 ms (FindLiveObjects: 0.456500 ms CreateObjectMapping: 0.208500 ms MarkObjects: 4.899900 ms  DeleteObjects: 1.313700 ms)

Prepare: number of updated asset objects reloaded= 0
========================================================================
Received Prepare
Begin MonoManager ReloadAssembly
- Loaded All Assemblies, in  0.714 seconds
Refreshing native plugins compatible for Editor in 0.82 ms, found 3 plugins.
Native extension for Android target not found
Native extension for WindowsStandalone target not found
[Package Manager] Failed to launch server process. Reason: Unity was launched with the -noUpm command-line argument
[Package Manager] Unable to send message (not connected to server process).
[Package Manager] Cannot connect to Unity Package Manager local server
Mono: successfully reloaded assembly
- Finished resetting the current domain, in  0.752 seconds
Domain Reload Profiling: 1465ms
	BeginReloadAssembly (231ms)
		ExecutionOrderSort (0ms)
		DisableScriptedObjects (7ms)
		BackupInstance (0ms)
		ReleaseScriptingObjects (0ms)
		CreateAndSetChildDomain (44ms)
	RebuildCommonClasses (43ms)
	RebuildNativeTypeToScriptingClass (15ms)
	initialDomainReloadingComplete (33ms)
	LoadAllAssembliesAndSetupDomain (391ms)
		LoadAssemblies (352ms)
		RebuildTransferFunctionScriptingTraits (0ms)
		AnalyzeDomain (169ms)
			TypeCache.Refresh (11ms)
				TypeCache.ScanAssembly (1ms)
			BuildScriptInfoCaches (147ms)
			ResolveRequiredComponents (6ms)
	FinalizeReload (753ms)
		ReleaseScriptCaches (0ms)
		RebuildScriptCaches (0ms)
		SetupLoadedEditorAssemblies (599ms)
			LogAssemblyErrors (0ms)
			InitializePlatformSupportModulesInManaged (13ms)
			SetLoadedEditorAssemblies (4ms)
			BeforeProcessingInitializeOnLoad (101ms)
			ProcessInitializeOnLoadAttributes (444ms)
			ProcessInitializeOnLoadMethodAttributes (28ms)
			AfterProcessingInitializeOnLoad (10ms)
			EditorAssembliesLoaded (0ms)
		ExecutionOrderSort2 (0ms)
		AwakeInstancesAfterBackupRestoration (33ms)
Refreshing native plugins compatible for Editor in 0.87 ms, found 3 plugins.
Preloading 0 native plugins for Editor in 0.00 ms.
Unloading 12 Unused Serialized files (Serialized files now loaded: 0)
Unloading 3689 unused Assets / (2.9 MB). Loaded Objects now: 4268.
Memory consumption went from 91.4 MB to 88.5 MB.
Total: 6.511500 ms (FindLiveObjects: 0.447000 ms CreateObjectMapping: 0.165200 ms MarkObjects: 4.479100 ms  DeleteObjects: 1.419800 ms)

Prepare: number of updated asset objects reloaded= 0
========================================================================
Received Prepare
Refreshing native plugins compatible for Editor in 0.80 ms, found 3 plugins.
Preloading 0 native plugins for Editor in 0.00 ms.
Unloading 12 Unused Serialized files (Serialized files now loaded: 0)
Unloading 3684 unused Assets / (2.9 MB). Loaded Objects now: 4268.
Memory consumption went from 91.6 MB to 88.7 MB.
Total: 6.585400 ms (FindLiveObjects: 0.436200 ms CreateObjectMapping: 0.153200 ms MarkObjects: 4.669300 ms  DeleteObjects: 1.326000 ms)

Prepare: number of updated asset objects reloaded= 0
========================================================================
Received Prepare
Begin MonoManager ReloadAssembly
- Loaded All Assemblies, in  0.710 seconds
Refreshing native plugins compatible for Editor in 0.67 ms, found 3 plugins.
Native extension for Android target not found
Native extension for WindowsStandalone target not found
[Package Manager] Failed to launch server process. Reason: Unity was launched with the -noUpm command-line argument
[Package Manager] Unable to send message (not connected to server process).
[Package Manager] Cannot connect to Unity Package Manager local server
Mono: successfully reloaded assembly
- Finished resetting the current domain, in  0.741 seconds
Domain Reload Profiling: 1451ms
	BeginReloadAssembly (234ms)
		ExecutionOrderSort (0ms)
		DisableScriptedObjects (4ms)
		BackupInstance (0ms)
		ReleaseScriptingObjects (0ms)
		CreateAndSetChildDomain (44ms)
	RebuildCommonClasses (41ms)
	RebuildNativeTypeToScriptingClass (14ms)
	initialDomainReloadingComplete (33ms)
	LoadAllAssembliesAndSetupDomain (387ms)
		LoadAssemblies (359ms)
		RebuildTransferFunctionScriptingTraits (0ms)
		AnalyzeDomain (160ms)
			TypeCache.Refresh (10ms)
				TypeCache.ScanAssembly (1ms)
			BuildScriptInfoCaches (139ms)
			ResolveRequiredComponents (6ms)
	FinalizeReload (742ms)
		ReleaseScriptCaches (0ms)
		RebuildScriptCaches (0ms)
		SetupLoadedEditorAssemblies (596ms)
			LogAssemblyErrors (0ms)
			InitializePlatformSupportModulesInManaged (14ms)
			SetLoadedEditorAssemblies (4ms)
			BeforeProcessingInitializeOnLoad (106ms)
			ProcessInitializeOnLoadAttributes (438ms)
			ProcessInitializeOnLoadMethodAttributes (24ms)
			AfterProcessingInitializeOnLoad (10ms)
			EditorAssembliesLoaded (0ms)
		ExecutionOrderSort2 (0ms)
		AwakeInstancesAfterBackupRestoration (20ms)
Refreshing native plugins compatible for Editor in 0.76 ms, found 3 plugins.
Preloading 0 native plugins for Editor in 0.00 ms.
Unloading 12 Unused Serialized files (Serialized files now loaded: 0)
Unloading 3689 unused Assets / (2.8 MB). Loaded Objects now: 4269.
Memory consumption went from 91.4 MB to 88.6 MB.
Total: 6.401500 ms (FindLiveObjects: 0.449300 ms CreateObjectMapping: 0.168000 ms MarkObjects: 4.483200 ms  DeleteObjects: 1.299900 ms)

Prepare: number of updated asset objects reloaded= 0
========================================================================
Received Prepare
Refreshing native plugins compatible for Editor in 0.80 ms, found 3 plugins.
Preloading 0 native plugins for Editor in 0.00 ms.
Unloading 12 Unused Serialized files (Serialized files now loaded: 0)
Unloading 3684 unused Assets / (3.0 MB). Loaded Objects now: 4269.
Memory consumption went from 91.6 MB to 88.6 MB.
Total: 6.491300 ms (FindLiveObjects: 0.444900 ms CreateObjectMapping: 0.171400 ms MarkObjects: 4.442200 ms  DeleteObjects: 1.432100 ms)

Prepare: number of updated asset objects reloaded= 0
========================================================================
Received Prepare
Begin MonoManager ReloadAssembly
- Loaded All Assemblies, in  0.683 seconds
Refreshing native plugins compatible for Editor in 0.76 ms, found 3 plugins.
Native extension for Android target not found
Native extension for WindowsStandalone target not found
[Package Manager] Failed to launch server process. Reason: Unity was launched with the -noUpm command-line argument
[Package Manager] Unable to send message (not connected to server process).
[Package Manager] Cannot connect to Unity Package Manager local server
Mono: successfully reloaded assembly
- Finished resetting the current domain, in  0.754 seconds
Domain Reload Profiling: 1436ms
	BeginReloadAssembly (198ms)
		ExecutionOrderSort (0ms)
		DisableScriptedObjects (4ms)
		BackupInstance (0ms)
		ReleaseScriptingObjects (0ms)
		CreateAndSetChildDomain (29ms)
	RebuildCommonClasses (41ms)
	RebuildNativeTypeToScriptingClass (15ms)
	initialDomainReloadingComplete (33ms)
	LoadAllAssembliesAndSetupDomain (394ms)
		LoadAssemblies (353ms)
		RebuildTransferFunctionScriptingTraits (0ms)
		AnalyzeDomain (167ms)
			TypeCache.Refresh (11ms)
				TypeCache.ScanAssembly (1ms)
			BuildScriptInfoCaches (145ms)
			ResolveRequiredComponents (6ms)
	FinalizeReload (755ms)
		ReleaseScriptCaches (0ms)
		RebuildScriptCaches (0ms)
		SetupLoadedEditorAssemblies (612ms)
			LogAssemblyErrors (0ms)
			InitializePlatformSupportModulesInManaged (13ms)
			SetLoadedEditorAssemblies (5ms)
			BeforeProcessingInitializeOnLoad (104ms)
			ProcessInitializeOnLoadAttributes (455ms)
			ProcessInitializeOnLoadMethodAttributes (27ms)
			AfterProcessingInitializeOnLoad (8ms)
			EditorAssembliesLoaded (0ms)
		ExecutionOrderSort2 (0ms)
		AwakeInstancesAfterBackupRestoration (20ms)
Refreshing native plugins compatible for Editor in 0.84 ms, found 3 plugins.
Preloading 0 native plugins for Editor in 0.00 ms.
Unloading 12 Unused Serialized files (Serialized files now loaded: 0)
Unloading 3689 unused Assets / (2.8 MB). Loaded Objects now: 4270.
Memory consumption went from 91.4 MB to 88.6 MB.
Total: 6.160800 ms (FindLiveObjects: 0.449400 ms CreateObjectMapping: 0.171200 ms MarkObjects: 4.261800 ms  DeleteObjects: 1.277700 ms)

Prepare: number of updated asset objects reloaded= 0
========================================================================
Received Prepare
Refreshing native plugins compatible for Editor in 0.89 ms, found 3 plugins.
Preloading 0 native plugins for Editor in 0.00 ms.
Unloading 12 Unused Serialized files (Serialized files now loaded: 0)
Unloading 3684 unused Assets / (2.5 MB). Loaded Objects now: 4270.
Memory consumption went from 91.6 MB to 89.1 MB.
Total: 6.452500 ms (FindLiveObjects: 0.437900 ms CreateObjectMapping: 0.169100 ms MarkObjects: 4.462300 ms  DeleteObjects: 1.382600 ms)

Prepare: number of updated asset objects reloaded= 0
========================================================================
Received Prepare
Begin MonoManager ReloadAssembly
[Licensing::Client] Successfully resolved entitlement details
- Loaded All Assemblies, in  0.718 seconds
Refreshing native plugins compatible for Editor in 1.36 ms, found 3 plugins.
Native extension for Android target not found
Native extension for WindowsStandalone target not found
[Package Manager] Failed to launch server process. Reason: Unity was launched with the -noUpm command-line argument
[Package Manager] Unable to send message (not connected to server process).
[Package Manager] Cannot connect to Unity Package Manager local server
Mono: successfully reloaded assembly
- Finished resetting the current domain, in  0.761 seconds
Domain Reload Profiling: 1478ms
	BeginReloadAssembly (230ms)
		ExecutionOrderSort (0ms)
		DisableScriptedObjects (7ms)
		BackupInstance (0ms)
		ReleaseScriptingObjects (0ms)
		CreateAndSetChildDomain (41ms)
	RebuildCommonClasses (53ms)
	RebuildNativeTypeToScriptingClass (15ms)
	initialDomainReloadingComplete (32ms)
	LoadAllAssembliesAndSetupDomain (387ms)
		LoadAssemblies (357ms)
		RebuildTransferFunctionScriptingTraits (0ms)
		AnalyzeDomain (161ms)
			TypeCache.Refresh (12ms)
				TypeCache.ScanAssembly (1ms)
			BuildScriptInfoCaches (137ms)
			ResolveRequiredComponents (6ms)
	FinalizeReload (761ms)
		ReleaseScriptCaches (0ms)
		RebuildScriptCaches (0ms)
		SetupLoadedEditorAssemblies (613ms)
			LogAssemblyErrors (0ms)
			InitializePlatformSupportModulesInManaged (13ms)
			SetLoadedEditorAssemblies (5ms)
			BeforeProcessingInitializeOnLoad (106ms)
			ProcessInitializeOnLoadAttributes (451ms)
			ProcessInitializeOnLoadMethodAttributes (26ms)
			AfterProcessingInitializeOnLoad (11ms)
			EditorAssembliesLoaded (0ms)
		ExecutionOrderSort2 (0ms)
		AwakeInstancesAfterBackupRestoration (24ms)
Refreshing native plugins compatible for Editor in 0.81 ms, found 3 plugins.
Preloading 0 native plugins for Editor in 0.00 ms.
Unloading 12 Unused Serialized files (Serialized files now loaded: 0)
Unloading 3689 unused Assets / (2.2 MB). Loaded Objects now: 4271.
Memory consumption went from 91.4 MB to 89.2 MB.
Total: 5.915100 ms (FindLiveObjects: 0.438200 ms CreateObjectMapping: 0.170200 ms MarkObjects: 4.170900 ms  DeleteObjects: 1.135200 ms)

Prepare: number of updated asset objects reloaded= 0
========================================================================
Received Prepare
Refreshing native plugins compatible for Editor in 0.77 ms, found 3 plugins.
Preloading 0 native plugins for Editor in 0.00 ms.
Unloading 12 Unused Serialized files (Serialized files now loaded: 0)
Unloading 3684 unused Assets / (2.5 MB). Loaded Objects now: 4271.
Memory consumption went from 91.6 MB to 89.1 MB.
Total: 6.431500 ms (FindLiveObjects: 0.435200 ms CreateObjectMapping: 0.174400 ms MarkObjects: 4.647400 ms  DeleteObjects: 1.173700 ms)

Prepare: number of updated asset objects reloaded= 0
========================================================================
Received Prepare
Begin MonoManager ReloadAssembly
- Loaded All Assemblies, in  0.709 seconds
Refreshing native plugins compatible for Editor in 1.15 ms, found 3 plugins.
Native extension for Android target not found
Native extension for WindowsStandalone target not found
[Package Manager] Failed to launch server process. Reason: Unity was launched with the -noUpm command-line argument
[Package Manager] Unable to send message (not connected to server process).
[Package Manager] Cannot connect to Unity Package Manager local server
Mono: successfully reloaded assembly
- Finished resetting the current domain, in  0.758 seconds
Domain Reload Profiling: 1465ms
	BeginReloadAssembly (235ms)
		ExecutionOrderSort (0ms)
		DisableScriptedObjects (8ms)
		BackupInstance (0ms)
		ReleaseScriptingObjects (0ms)
		CreateAndSetChildDomain (43ms)
	RebuildCommonClasses (41ms)
	RebuildNativeTypeToScriptingClass (15ms)
	initialDomainReloadingComplete (33ms)
	LoadAllAssembliesAndSetupDomain (383ms)
		LoadAssemblies (353ms)
		RebuildTransferFunctionScriptingTraits (0ms)
		AnalyzeDomain (159ms)
			TypeCache.Refresh (11ms)
				TypeCache.ScanAssembly (1ms)
			BuildScriptInfoCaches (137ms)
			ResolveRequiredComponents (6ms)
	FinalizeReload (759ms)
		ReleaseScriptCaches (0ms)
		RebuildScriptCaches (0ms)
		SetupLoadedEditorAssemblies (616ms)
			LogAssemblyErrors (0ms)
			InitializePlatformSupportModulesInManaged (13ms)
			SetLoadedEditorAssemblies (5ms)
			BeforeProcessingInitializeOnLoad (104ms)
			ProcessInitializeOnLoadAttributes (457ms)
			ProcessInitializeOnLoadMethodAttributes (28ms)
			AfterProcessingInitializeOnLoad (8ms)
			EditorAssembliesLoaded (0ms)
		ExecutionOrderSort2 (0ms)
		AwakeInstancesAfterBackupRestoration (21ms)
Refreshing native plugins compatible for Editor in 0.71 ms, found 3 plugins.
Preloading 0 native plugins for Editor in 0.00 ms.
Unloading 12 Unused Serialized files (Serialized files now loaded: 0)
Unloading 3689 unused Assets / (2.9 MB). Loaded Objects now: 4272.
Memory consumption went from 91.4 MB to 88.5 MB.
Total: 6.412100 ms (FindLiveObjects: 0.448300 ms CreateObjectMapping: 0.164300 ms MarkObjects: 4.475300 ms  DeleteObjects: 1.323500 ms)

Prepare: number of updated asset objects reloaded= 0
========================================================================
Received Prepare
Refreshing native plugins compatible for Editor in 0.98 ms, found 3 plugins.
Preloading 0 native plugins for Editor in 0.00 ms.
Unloading 12 Unused Serialized files (Serialized files now loaded: 0)
Unloading 3684 unused Assets / (2.8 MB). Loaded Objects now: 4272.
Memory consumption went from 91.6 MB to 88.8 MB.
Total: 6.714500 ms (FindLiveObjects: 0.454700 ms CreateObjectMapping: 0.176700 ms MarkObjects: 4.758600 ms  DeleteObjects: 1.323300 ms)

Prepare: number of updated asset objects reloaded= 0
========================================================================
Received Prepare
Refreshing native plugins compatible for Editor in 0.84 ms, found 3 plugins.
Preloading 0 native plugins for Editor in 0.00 ms.
Unloading 12 Unused Serialized files (Serialized files now loaded: 0)
Unloading 3684 unused Assets / (2.9 MB). Loaded Objects now: 4272.
Memory consumption went from 91.6 MB to 88.7 MB.
Total: 6.704500 ms (FindLiveObjects: 0.468300 ms CreateObjectMapping: 0.200500 ms MarkObjects: 4.629400 ms  DeleteObjects: 1.405300 ms)

Prepare: number of updated asset objects reloaded= 0
========================================================================
Received Prepare
Refreshing native plugins compatible for Editor in 0.67 ms, found 3 plugins.
Preloading 0 native plugins for Editor in 0.00 ms.
Unloading 12 Unused Serialized files (Serialized files now loaded: 0)
Unloading 3684 unused Assets / (2.3 MB). Loaded Objects now: 4272.
Memory consumption went from 91.6 MB to 89.3 MB.
Total: 6.159200 ms (FindLiveObjects: 0.434800 ms CreateObjectMapping: 0.153500 ms MarkObjects: 4.343200 ms  DeleteObjects: 1.227100 ms)

Prepare: number of updated asset objects reloaded= 0
========================================================================
Received Prepare
Refreshing native plugins compatible for Editor in 0.69 ms, found 3 plugins.
Preloading 0 native plugins for Editor in 0.00 ms.
Unloading 12 Unused Serialized files (Serialized files now loaded: 0)
Unloading 3684 unused Assets / (2.0 MB). Loaded Objects now: 4272.
Memory consumption went from 91.6 MB to 89.6 MB.
Total: 6.094000 ms (FindLiveObjects: 0.449800 ms CreateObjectMapping: 0.162400 ms MarkObjects: 4.341700 ms  DeleteObjects: 1.139200 ms)

Prepare: number of updated asset objects reloaded= 0
========================================================================
Received Prepare
Begin MonoManager ReloadAssembly
[Licensing::Client] Successfully resolved entitlement details
- Loaded All Assemblies, in  0.726 seconds
Refreshing native plugins compatible for Editor in 0.95 ms, found 3 plugins.
Native extension for Android target not found
Native extension for WindowsStandalone target not found
[Package Manager] Failed to launch server process. Reason: Unity was launched with the -noUpm command-line argument
[Package Manager] Unable to send message (not connected to server process).
[Package Manager] Cannot connect to Unity Package Manager local server
Mono: successfully reloaded assembly
- Finished resetting the current domain, in  0.765 seconds
Domain Reload Profiling: 1489ms
	BeginReloadAssembly (238ms)
		ExecutionOrderSort (0ms)
		DisableScriptedObjects (9ms)
		BackupInstance (0ms)
		ReleaseScriptingObjects (0ms)
		CreateAndSetChildDomain (47ms)
	RebuildCommonClasses (44ms)
	RebuildNativeTypeToScriptingClass (17ms)
	initialDomainReloadingComplete (36ms)
	LoadAllAssembliesAndSetupDomain (389ms)
		LoadAssemblies (349ms)
		RebuildTransferFunctionScriptingTraits (0ms)
		AnalyzeDomain (167ms)
			TypeCache.Refresh (12ms)
				TypeCache.ScanAssembly (2ms)
			BuildScriptInfoCaches (144ms)
			ResolveRequiredComponents (6ms)
	FinalizeReload (766ms)
		ReleaseScriptCaches (0ms)
		RebuildScriptCaches (0ms)
		SetupLoadedEditorAssemblies (619ms)
			LogAssemblyErrors (0ms)
			InitializePlatformSupportModulesInManaged (12ms)
			SetLoadedEditorAssemblies (4ms)
			BeforeProcessingInitializeOnLoad (109ms)
			ProcessInitializeOnLoadAttributes (457ms)
			ProcessInitializeOnLoadMethodAttributes (29ms)
			AfterProcessingInitializeOnLoad (8ms)
			EditorAssembliesLoaded (0ms)
		ExecutionOrderSort2 (0ms)
		AwakeInstancesAfterBackupRestoration (20ms)
Refreshing native plugins compatible for Editor in 0.80 ms, found 3 plugins.
Preloading 0 native plugins for Editor in 0.00 ms.
Unloading 12 Unused Serialized files (Serialized files now loaded: 0)
Unloading 3689 unused Assets / (2.3 MB). Loaded Objects now: 4273.
Memory consumption went from 91.4 MB to 89.1 MB.
Total: 5.879900 ms (FindLiveObjects: 0.431000 ms CreateObjectMapping: 0.162700 ms MarkObjects: 4.122200 ms  DeleteObjects: 1.163500 ms)

Prepare: number of updated asset objects reloaded= 0
========================================================================
Received Prepare
Refreshing native plugins compatible for Editor in 0.82 ms, found 3 plugins.
Preloading 0 native plugins for Editor in 0.00 ms.
Unloading 12 Unused Serialized files (Serialized files now loaded: 0)
Unloading 3684 unused Assets / (2.8 MB). Loaded Objects now: 4273.
Memory consumption went from 91.6 MB to 88.8 MB.
Total: 6.381700 ms (FindLiveObjects: 0.443200 ms CreateObjectMapping: 0.185000 ms MarkObjects: 4.476000 ms  DeleteObjects: 1.276800 ms)

Prepare: number of updated asset objects reloaded= 0
========================================================================
Received Prepare
Begin MonoManager ReloadAssembly
- Loaded All Assemblies, in  0.717 seconds
Refreshing native plugins compatible for Editor in 1.02 ms, found 3 plugins.
Native extension for Android target not found
Native extension for WindowsStandalone target not found
[Package Manager] Failed to launch server process. Reason: Unity was launched with the -noUpm command-line argument
[Package Manager] Unable to send message (not connected to server process).
[Package Manager] Cannot connect to Unity Package Manager local server
Mono: successfully reloaded assembly
- Finished resetting the current domain, in  0.770 seconds
Domain Reload Profiling: 1485ms
	BeginReloadAssembly (233ms)
		ExecutionOrderSort (0ms)
		DisableScriptedObjects (7ms)
		BackupInstance (0ms)
		ReleaseScriptingObjects (0ms)
		CreateAndSetChildDomain (42ms)
	RebuildCommonClasses (41ms)
	RebuildNativeTypeToScriptingClass (14ms)
	initialDomainReloadingComplete (34ms)
	LoadAllAssembliesAndSetupDomain (393ms)
		LoadAssemblies (359ms)
		RebuildTransferFunctionScriptingTraits (0ms)
		AnalyzeDomain (166ms)
			TypeCache.Refresh (14ms)
				TypeCache.ScanAssembly (1ms)
			BuildScriptInfoCaches (140ms)
			ResolveRequiredComponents (6ms)
	FinalizeReload (770ms)
		ReleaseScriptCaches (0ms)
		RebuildScriptCaches (0ms)
		SetupLoadedEditorAssemblies (616ms)
			LogAssemblyErrors (0ms)
			InitializePlatformSupportModulesInManaged (16ms)
			SetLoadedEditorAssemblies (5ms)
			BeforeProcessingInitializeOnLoad (115ms)
			ProcessInitializeOnLoadAttributes (444ms)
			ProcessInitializeOnLoadMethodAttributes (27ms)
			AfterProcessingInitializeOnLoad (9ms)
			EditorAssembliesLoaded (0ms)
		ExecutionOrderSort2 (0ms)
		AwakeInstancesAfterBackupRestoration (19ms)
Refreshing native plugins compatible for Editor in 0.78 ms, found 3 plugins.
Preloading 0 native plugins for Editor in 0.00 ms.
Unloading 12 Unused Serialized files (Serialized files now loaded: 0)
Unloading 3689 unused Assets / (2.9 MB). Loaded Objects now: 4274.
Memory consumption went from 91.4 MB to 88.5 MB.
Total: 6.353300 ms (FindLiveObjects: 0.453300 ms CreateObjectMapping: 0.167100 ms MarkObjects: 4.405700 ms  DeleteObjects: 1.326100 ms)

Prepare: number of updated asset objects reloaded= 0
========================================================================
Received Prepare
Refreshing native plugins compatible for Editor in 0.76 ms, found 3 plugins.
Preloading 0 native plugins for Editor in 0.00 ms.
Unloading 12 Unused Serialized files (Serialized files now loaded: 0)
Unloading 3684 unused Assets / (2.1 MB). Loaded Objects now: 4274.
Memory consumption went from 91.6 MB to 89.5 MB.
Total: 6.219000 ms (FindLiveObjects: 0.477600 ms CreateObjectMapping: 0.174800 ms MarkObjects: 4.451100 ms  DeleteObjects: 1.114600 ms)

Prepare: number of updated asset objects reloaded= 0
========================================================================
Received Prepare
Begin MonoManager ReloadAssembly
- Loaded All Assemblies, in  0.705 seconds
Refreshing native plugins compatible for Editor in 0.79 ms, found 3 plugins.
Native extension for Android target not found
Native extension for WindowsStandalone target not found
[Package Manager] Failed to launch server process. Reason: Unity was launched with the -noUpm command-line argument
[Package Manager] Unable to send message (not connected to server process).
[Package Manager] Cannot connect to Unity Package Manager local server
Mono: successfully reloaded assembly
- Finished resetting the current domain, in  0.766 seconds
Domain Reload Profiling: 1469ms
	BeginReloadAssembly (229ms)
		ExecutionOrderSort (0ms)
		DisableScriptedObjects (6ms)
		BackupInstance (0ms)
		ReleaseScriptingObjects (0ms)
		CreateAndSetChildDomain (45ms)
	RebuildCommonClasses (42ms)
	RebuildNativeTypeToScriptingClass (14ms)
	initialDomainReloadingComplete (33ms)
	LoadAllAssembliesAndSetupDomain (385ms)
		LoadAssemblies (343ms)
		RebuildTransferFunctionScriptingTraits (0ms)
		AnalyzeDomain (167ms)
			TypeCache.Refresh (13ms)
				TypeCache.ScanAssembly (1ms)
			BuildScriptInfoCaches (140ms)
			ResolveRequiredComponents (7ms)
	FinalizeReload (767ms)
		ReleaseScriptCaches (0ms)
		RebuildScriptCaches (0ms)
		SetupLoadedEditorAssemblies (614ms)
			LogAssemblyErrors (0ms)
			InitializePlatformSupportModulesInManaged (15ms)
			SetLoadedEditorAssemblies (5ms)
			BeforeProcessingInitializeOnLoad (111ms)
			ProcessInitializeOnLoadAttributes (445ms)
			ProcessInitializeOnLoadMethodAttributes (28ms)
			AfterProcessingInitializeOnLoad (10ms)
			EditorAssembliesLoaded (0ms)
		ExecutionOrderSort2 (0ms)
		AwakeInstancesAfterBackupRestoration (25ms)
Refreshing native plugins compatible for Editor in 2.18 ms, found 3 plugins.
Preloading 0 native plugins for Editor in 0.00 ms.
Unloading 12 Unused Serialized files (Serialized files now loaded: 0)
Unloading 3689 unused Assets / (2.9 MB). Loaded Objects now: 4275.
Memory consumption went from 91.4 MB to 88.6 MB.
Total: 6.332900 ms (FindLiveObjects: 0.422200 ms CreateObjectMapping: 0.154000 ms MarkObjects: 4.495900 ms  DeleteObjects: 1.260000 ms)

Prepare: number of updated asset objects reloaded= 0
========================================================================
Received Prepare
Refreshing native plugins compatible for Editor in 0.82 ms, found 3 plugins.
Preloading 0 native plugins for Editor in 0.00 ms.
Unloading 12 Unused Serialized files (Serialized files now loaded: 0)
Unloading 3684 unused Assets / (2.7 MB). Loaded Objects now: 4275.
Memory consumption went from 91.6 MB to 88.9 MB.
Total: 6.185300 ms (FindLiveObjects: 0.436500 ms CreateObjectMapping: 0.166900 ms MarkObjects: 4.133000 ms  DeleteObjects: 1.448000 ms)

Prepare: number of updated asset objects reloaded= 0
========================================================================
Received Prepare
Refreshing native plugins compatible for Editor in 0.83 ms, found 3 plugins.
Preloading 0 native plugins for Editor in 0.00 ms.
Unloading 12 Unused Serialized files (Serialized files now loaded: 0)
Unloading 3684 unused Assets / (2.7 MB). Loaded Objects now: 4275.
Memory consumption went from 91.6 MB to 88.9 MB.
Total: 6.794600 ms (FindLiveObjects: 0.447000 ms CreateObjectMapping: 0.194700 ms MarkObjects: 4.809200 ms  DeleteObjects: 1.342800 ms)

Prepare: number of updated asset objects reloaded= 0
========================================================================
Received Prepare
Begin MonoManager ReloadAssembly
[Licensing::Client] Successfully resolved entitlement details
- Loaded All Assemblies, in  0.734 seconds
Refreshing native plugins compatible for Editor in 0.63 ms, found 3 plugins.
Native extension for Android target not found
Native extension for WindowsStandalone target not found
[Package Manager] Failed to launch server process. Reason: Unity was launched with the -noUpm command-line argument
[Package Manager] Unable to send message (not connected to server process).
[Package Manager] Cannot connect to Unity Package Manager local server
Mono: successfully reloaded assembly
- Finished resetting the current domain, in  0.748 seconds
Domain Reload Profiling: 1479ms
	BeginReloadAssembly (233ms)
		ExecutionOrderSort (0ms)
		DisableScriptedObjects (4ms)
		BackupInstance (0ms)
		ReleaseScriptingObjects (0ms)
		CreateAndSetChildDomain (49ms)
	RebuildCommonClasses (45ms)
	RebuildNativeTypeToScriptingClass (15ms)
	initialDomainReloadingComplete (38ms)
	LoadAllAssembliesAndSetupDomain (399ms)
		LoadAssemblies (364ms)
		RebuildTransferFunctionScriptingTraits (0ms)
		AnalyzeDomain (166ms)
			TypeCache.Refresh (13ms)
				TypeCache.ScanAssembly (1ms)
			BuildScriptInfoCaches (142ms)
			ResolveRequiredComponents (6ms)
	FinalizeReload (749ms)
		ReleaseScriptCaches (0ms)
		RebuildScriptCaches (0ms)
		SetupLoadedEditorAssemblies (607ms)
			LogAssemblyErrors (0ms)
			InitializePlatformSupportModulesInManaged (14ms)
			SetLoadedEditorAssemblies (5ms)
			BeforeProcessingInitializeOnLoad (113ms)
			ProcessInitializeOnLoadAttributes (435ms)
			ProcessInitializeOnLoadMethodAttributes (30ms)
			AfterProcessingInitializeOnLoad (10ms)
			EditorAssembliesLoaded (0ms)
		ExecutionOrderSort2 (0ms)
		AwakeInstancesAfterBackupRestoration (20ms)
Refreshing native plugins compatible for Editor in 0.76 ms, found 3 plugins.
Preloading 0 native plugins for Editor in 0.00 ms.
Unloading 12 Unused Serialized files (Serialized files now loaded: 0)
Unloading 3689 unused Assets / (2.0 MB). Loaded Objects now: 4276.
Memory consumption went from 91.4 MB to 89.5 MB.
Total: 6.301300 ms (FindLiveObjects: 0.446400 ms CreateObjectMapping: 0.155100 ms MarkObjects: 4.589600 ms  DeleteObjects: 1.109300 ms)

Prepare: number of updated asset objects reloaded= 0
========================================================================
Received Prepare
Refreshing native plugins compatible for Editor in 0.76 ms, found 3 plugins.
Preloading 0 native plugins for Editor in 0.00 ms.
Unloading 12 Unused Serialized files (Serialized files now loaded: 0)
Unloading 3684 unused Assets / (2.7 MB). Loaded Objects now: 4276.
Memory consumption went from 91.6 MB to 88.9 MB.
Total: 6.583900 ms (FindLiveObjects: 0.449500 ms CreateObjectMapping: 0.173100 ms MarkObjects: 4.318900 ms  DeleteObjects: 1.641200 ms)

Prepare: number of updated asset objects reloaded= 0
========================================================================
Received Prepare
Begin MonoManager ReloadAssembly
- Loaded All Assemblies, in  0.685 seconds
Refreshing native plugins compatible for Editor in 0.80 ms, found 3 plugins.
Native extension for Android target not found
Native extension for WindowsStandalone target not found
[Package Manager] Failed to launch server process. Reason: Unity was launched with the -noUpm command-line argument
[Package Manager] Unable to send message (not connected to server process).
[Package Manager] Cannot connect to Unity Package Manager local server
Mono: successfully reloaded assembly
- Finished resetting the current domain, in  0.763 seconds
Domain Reload Profiling: 1447ms
	BeginReloadAssembly (206ms)
		ExecutionOrderSort (0ms)
		DisableScriptedObjects (4ms)
		BackupInstance (0ms)
		ReleaseScriptingObjects (0ms)
		CreateAndSetChildDomain (41ms)
	RebuildCommonClasses (41ms)
	RebuildNativeTypeToScriptingClass (15ms)
	initialDomainReloadingComplete (34ms)
	LoadAllAssembliesAndSetupDomain (387ms)
		LoadAssemblies (349ms)
		RebuildTransferFunctionScriptingTraits (0ms)
		AnalyzeDomain (160ms)
			TypeCache.Refresh (11ms)
				TypeCache.ScanAssembly (1ms)
			BuildScriptInfoCaches (139ms)
			ResolveRequiredComponents (6ms)
	FinalizeReload (764ms)
		ReleaseScriptCaches (0ms)
		RebuildScriptCaches (0ms)
		SetupLoadedEditorAssemblies (614ms)
			LogAssemblyErrors (0ms)
			InitializePlatformSupportModulesInManaged (13ms)
			SetLoadedEditorAssemblies (4ms)
			BeforeProcessingInitializeOnLoad (100ms)
			ProcessInitializeOnLoadAttributes (453ms)
			ProcessInitializeOnLoadMethodAttributes (28ms)
			AfterProcessingInitializeOnLoad (15ms)
			EditorAssembliesLoaded (0ms)
		ExecutionOrderSort2 (0ms)
		AwakeInstancesAfterBackupRestoration (22ms)
Refreshing native plugins compatible for Editor in 0.69 ms, found 3 plugins.
Preloading 0 native plugins for Editor in 0.00 ms.
Unloading 12 Unused Serialized files (Serialized files now loaded: 0)
Unloading 3689 unused Assets / (2.7 MB). Loaded Objects now: 4277.
Memory consumption went from 91.4 MB to 88.7 MB.
Total: 6.362300 ms (FindLiveObjects: 0.435300 ms CreateObjectMapping: 0.163700 ms MarkObjects: 4.490100 ms  DeleteObjects: 1.272700 ms)

Prepare: number of updated asset objects reloaded= 0
========================================================================
Received Prepare
Refreshing native plugins compatible for Editor in 0.72 ms, found 3 plugins.
Preloading 0 native plugins for Editor in 0.00 ms.
Unloading 12 Unused Serialized files (Serialized files now loaded: 0)
Unloading 3684 unused Assets / (2.8 MB). Loaded Objects now: 4277.
Memory consumption went from 91.6 MB to 88.8 MB.
Total: 6.004500 ms (FindLiveObjects: 0.443000 ms CreateObjectMapping: 0.157500 ms MarkObjects: 4.187300 ms  DeleteObjects: 1.216300 ms)

Prepare: number of updated asset objects reloaded= 0
========================================================================
Received Prepare
Begin MonoManager ReloadAssembly
- Loaded All Assemblies, in  0.718 seconds
Refreshing native plugins compatible for Editor in 1.03 ms, found 3 plugins.
Native extension for Android target not found
Native extension for WindowsStandalone target not found
[Package Manager] Failed to launch server process. Reason: Unity was launched with the -noUpm command-line argument
[Package Manager] Unable to send message (not connected to server process).
[Package Manager] Cannot connect to Unity Package Manager local server
Mono: successfully reloaded assembly
- Finished resetting the current domain, in  0.762 seconds
Domain Reload Profiling: 1477ms
	BeginReloadAssembly (237ms)
		ExecutionOrderSort (0ms)
		DisableScriptedObjects (7ms)
		BackupInstance (0ms)
		ReleaseScriptingObjects (0ms)
		CreateAndSetChildDomain (43ms)
	RebuildCommonClasses (41ms)
	RebuildNativeTypeToScriptingClass (15ms)
	initialDomainReloadingComplete (34ms)
	LoadAllAssembliesAndSetupDomain (387ms)
		LoadAssemblies (365ms)
		RebuildTransferFunctionScriptingTraits (0ms)
		AnalyzeDomain (159ms)
			TypeCache.Refresh (12ms)
				TypeCache.ScanAssembly (1ms)
			BuildScriptInfoCaches (136ms)
			ResolveRequiredComponents (6ms)
	FinalizeReload (763ms)
		ReleaseScriptCaches (0ms)
		RebuildScriptCaches (0ms)
		SetupLoadedEditorAssemblies (609ms)
			LogAssemblyErrors (0ms)
			InitializePlatformSupportModulesInManaged (14ms)
			SetLoadedEditorAssemblies (4ms)
			BeforeProcessingInitializeOnLoad (99ms)
			ProcessInitializeOnLoadAttributes (458ms)
			ProcessInitializeOnLoadMethodAttributes (27ms)
			AfterProcessingInitializeOnLoad (8ms)
			EditorAssembliesLoaded (0ms)
		ExecutionOrderSort2 (0ms)
		AwakeInstancesAfterBackupRestoration (20ms)
Refreshing native plugins compatible for Editor in 0.82 ms, found 3 plugins.
Preloading 0 native plugins for Editor in 0.00 ms.
Unloading 12 Unused Serialized files (Serialized files now loaded: 0)
Unloading 3689 unused Assets / (2.9 MB). Loaded Objects now: 4278.
Memory consumption went from 91.4 MB to 88.6 MB.
Total: 6.317000 ms (FindLiveObjects: 0.449300 ms CreateObjectMapping: 0.157800 ms MarkObjects: 4.473700 ms  DeleteObjects: 1.235400 ms)

Prepare: number of updated asset objects reloaded= 0
========================================================================
Received Prepare
Refreshing native plugins compatible for Editor in 0.91 ms, found 3 plugins.
Preloading 0 native plugins for Editor in 0.00 ms.
Unloading 12 Unused Serialized files (Serialized files now loaded: 0)
Unloading 3684 unused Assets / (2.1 MB). Loaded Objects now: 4278.
Memory consumption went from 91.6 MB to 89.5 MB.
Total: 5.969100 ms (FindLiveObjects: 0.434900 ms CreateObjectMapping: 0.152900 ms MarkObjects: 4.261900 ms  DeleteObjects: 1.118800 ms)

Prepare: number of updated asset objects reloaded= 0
========================================================================
Received Prepare
Begin MonoManager ReloadAssembly
- Loaded All Assemblies, in  0.718 seconds
Refreshing native plugins compatible for Editor in 0.91 ms, found 3 plugins.
Native extension for Android target not found
Native extension for WindowsStandalone target not found
[Package Manager] Failed to launch server process. Reason: Unity was launched with the -noUpm command-line argument
[Package Manager] Unable to send message (not connected to server process).
[Package Manager] Cannot connect to Unity Package Manager local server
Mono: successfully reloaded assembly
- Finished resetting the current domain, in  0.751 seconds
Domain Reload Profiling: 1467ms
	BeginReloadAssembly (232ms)
		ExecutionOrderSort (0ms)
		DisableScriptedObjects (7ms)
		BackupInstance (0ms)
		ReleaseScriptingObjects (0ms)
		CreateAndSetChildDomain (43ms)
	RebuildCommonClasses (40ms)
	RebuildNativeTypeToScriptingClass (15ms)
	initialDomainReloadingComplete (32ms)
	LoadAllAssembliesAndSetupDomain (396ms)
		LoadAssemblies (364ms)
		RebuildTransferFunctionScriptingTraits (0ms)
		AnalyzeDomain (162ms)
			TypeCache.Refresh (13ms)
				TypeCache.ScanAssembly (1ms)
			BuildScriptInfoCaches (138ms)
			ResolveRequiredComponents (6ms)
	FinalizeReload (752ms)
		ReleaseScriptCaches (0ms)
		RebuildScriptCaches (0ms)
		SetupLoadedEditorAssemblies (606ms)
			LogAssemblyErrors (0ms)
			InitializePlatformSupportModulesInManaged (13ms)
			SetLoadedEditorAssemblies (4ms)
			BeforeProcessingInitializeOnLoad (111ms)
			ProcessInitializeOnLoadAttributes (436ms)
			ProcessInitializeOnLoadMethodAttributes (27ms)
			AfterProcessingInitializeOnLoad (15ms)
			EditorAssembliesLoaded (0ms)
		ExecutionOrderSort2 (0ms)
		AwakeInstancesAfterBackupRestoration (22ms)
Refreshing native plugins compatible for Editor in 0.78 ms, found 3 plugins.
Preloading 0 native plugins for Editor in 0.00 ms.
Unloading 12 Unused Serialized files (Serialized files now loaded: 0)
Unloading 3689 unused Assets / (2.9 MB). Loaded Objects now: 4279.
Memory consumption went from 91.4 MB to 88.6 MB.
Total: 6.041500 ms (FindLiveObjects: 0.434400 ms CreateObjectMapping: 0.186100 ms MarkObjects: 4.190700 ms  DeleteObjects: 1.229900 ms)

Prepare: number of updated asset objects reloaded= 0
========================================================================
Received Prepare
Refreshing native plugins compatible for Editor in 0.73 ms, found 3 plugins.
Preloading 0 native plugins for Editor in 0.00 ms.
Unloading 12 Unused Serialized files (Serialized files now loaded: 0)
Unloading 3684 unused Assets / (2.8 MB). Loaded Objects now: 4279.
Memory consumption went from 91.6 MB to 88.9 MB.
Total: 6.311900 ms (FindLiveObjects: 0.439200 ms CreateObjectMapping: 0.164400 ms MarkObjects: 4.383100 ms  DeleteObjects: 1.324400 ms)

Prepare: number of updated asset objects reloaded= 0
========================================================================
Received Prepare
Begin MonoManager ReloadAssembly
[Licensing::Client] Successfully resolved entitlement details
- Loaded All Assemblies, in  0.706 seconds
Refreshing native plugins compatible for Editor in 0.67 ms, found 3 plugins.
Native extension for Android target not found
Native extension for WindowsStandalone target not found
[Package Manager] Failed to launch server process. Reason: Unity was launched with the -noUpm command-line argument
[Package Manager] Unable to send message (not connected to server process).
[Package Manager] Cannot connect to Unity Package Manager local server
Mono: successfully reloaded assembly
- Finished resetting the current domain, in  0.768 seconds
Domain Reload Profiling: 1474ms
	BeginReloadAssembly (226ms)
		ExecutionOrderSort (0ms)
		DisableScriptedObjects (4ms)
		BackupInstance (0ms)
		ReleaseScriptingObjects (0ms)
		CreateAndSetChildDomain (44ms)
	RebuildCommonClasses (40ms)
	RebuildNativeTypeToScriptingClass (15ms)
	initialDomainReloadingComplete (39ms)
	LoadAllAssembliesAndSetupDomain (384ms)
		LoadAssemblies (353ms)
		RebuildTransferFunctionScriptingTraits (0ms)
		AnalyzeDomain (159ms)
			TypeCache.Refresh (10ms)
				TypeCache.ScanAssembly (1ms)
			BuildScriptInfoCaches (138ms)
			ResolveRequiredComponents (6ms)
	FinalizeReload (770ms)
		ReleaseScriptCaches (0ms)
		RebuildScriptCaches (0ms)
		SetupLoadedEditorAssemblies (624ms)
			LogAssemblyErrors (0ms)
			InitializePlatformSupportModulesInManaged (13ms)
			SetLoadedEditorAssemblies (5ms)
			BeforeProcessingInitializeOnLoad (107ms)
			ProcessInitializeOnLoadAttributes (459ms)
			ProcessInitializeOnLoadMethodAttributes (27ms)
			AfterProcessingInitializeOnLoad (13ms)
			EditorAssembliesLoaded (0ms)
		ExecutionOrderSort2 (0ms)
		AwakeInstancesAfterBackupRestoration (21ms)
Refreshing native plugins compatible for Editor in 0.90 ms, found 3 plugins.
Preloading 0 native plugins for Editor in 0.00 ms.
Unloading 12 Unused Serialized files (Serialized files now loaded: 0)
Unloading 3689 unused Assets / (2.9 MB). Loaded Objects now: 4280.
Memory consumption went from 91.4 MB to 88.6 MB.
Total: 6.167000 ms (FindLiveObjects: 0.420900 ms CreateObjectMapping: 0.161800 ms MarkObjects: 4.162600 ms  DeleteObjects: 1.421100 ms)

Prepare: number of updated asset objects reloaded= 0
========================================================================
Received Prepare
Refreshing native plugins compatible for Editor in 0.77 ms, found 3 plugins.
Preloading 0 native plugins for Editor in 0.00 ms.
Unloading 12 Unused Serialized files (Serialized files now loaded: 0)
Unloading 3684 unused Assets / (2.8 MB). Loaded Objects now: 4280.
Memory consumption went from 91.6 MB to 88.9 MB.
Total: 6.344600 ms (FindLiveObjects: 0.445500 ms CreateObjectMapping: 0.168100 ms MarkObjects: 4.468300 ms  DeleteObjects: 1.261900 ms)

Prepare: number of updated asset objects reloaded= 0
========================================================================
Received Prepare
Begin MonoManager ReloadAssembly
- Loaded All Assemblies, in  0.699 seconds
Refreshing native plugins compatible for Editor in 0.38 ms, found 3 plugins.
Native extension for Android target not found
Native extension for WindowsStandalone target not found
[Package Manager] Failed to launch server process. Reason: Unity was launched with the -noUpm command-line argument
[Package Manager] Unable to send message (not connected to server process).
[Package Manager] Cannot connect to Unity Package Manager local server
Mono: successfully reloaded assembly
- Finished resetting the current domain, in  0.437 seconds
Domain Reload Profiling: 1134ms
	BeginReloadAssembly (217ms)
		ExecutionOrderSort (0ms)
		DisableScriptedObjects (4ms)
		BackupInstance (0ms)
		ReleaseScriptingObjects (0ms)
		CreateAndSetChildDomain (44ms)
	RebuildCommonClasses (42ms)
	RebuildNativeTypeToScriptingClass (15ms)
	initialDomainReloadingComplete (33ms)
	LoadAllAssembliesAndSetupDomain (389ms)
		LoadAssemblies (358ms)
		RebuildTransferFunctionScriptingTraits (0ms)
		AnalyzeDomain (162ms)
			TypeCache.Refresh (11ms)
				TypeCache.ScanAssembly (1ms)
			BuildScriptInfoCaches (140ms)
			ResolveRequiredComponents (6ms)
	FinalizeReload (438ms)
		ReleaseScriptCaches (0ms)
		RebuildScriptCaches (0ms)
		SetupLoadedEditorAssemblies (359ms)
			LogAssemblyErrors (0ms)
			InitializePlatformSupportModulesInManaged (8ms)
			SetLoadedEditorAssemblies (3ms)
			BeforeProcessingInitializeOnLoad (56ms)
			ProcessInitializeOnLoadAttributes (271ms)
			ProcessInitializeOnLoadMethodAttributes (15ms)
			AfterProcessingInitializeOnLoad (5ms)
			EditorAssembliesLoaded (0ms)
		ExecutionOrderSort2 (0ms)
		AwakeInstancesAfterBackupRestoration (11ms)
Refreshing native plugins compatible for Editor in 0.87 ms, found 3 plugins.
Preloading 0 native plugins for Editor in 0.00 ms.
Unloading 12 Unused Serialized files (Serialized files now loaded: 0)
Unloading 3689 unused Assets / (2.9 MB). Loaded Objects now: 4281.
Memory consumption went from 91.4 MB to 88.6 MB.
Total: 3.934100 ms (FindLiveObjects: 0.249900 ms CreateObjectMapping: 0.150300 ms MarkObjects: 2.700200 ms  DeleteObjects: 0.832800 ms)

Prepare: number of updated asset objects reloaded= 0
========================================================================
Received Prepare
Begin MonoManager ReloadAssembly
- Loaded All Assemblies, in  0.401 seconds
Refreshing native plugins compatible for Editor in 0.36 ms, found 3 plugins.
Native extension for Android target not found
Native extension for WindowsStandalone target not found
[Package Manager] Failed to launch server process. Reason: Unity was launched with the -noUpm command-line argument
[Package Manager] Unable to send message (not connected to server process).
[Package Manager] Cannot connect to Unity Package Manager local server
Mono: successfully reloaded assembly
- Finished resetting the current domain, in  0.491 seconds
Domain Reload Profiling: 893ms
	BeginReloadAssembly (132ms)
		ExecutionOrderSort (0ms)
		DisableScriptedObjects (4ms)
		BackupInstance (0ms)
		ReleaseScriptingObjects (0ms)
		CreateAndSetChildDomain (25ms)
	RebuildCommonClasses (24ms)
	RebuildNativeTypeToScriptingClass (8ms)
	initialDomainReloadingComplete (18ms)
	LoadAllAssembliesAndSetupDomain (219ms)
		LoadAssemblies (197ms)
		RebuildTransferFunctionScriptingTraits (0ms)
		AnalyzeDomain (92ms)
			TypeCache.Refresh (6ms)
				TypeCache.ScanAssembly (1ms)
			BuildScriptInfoCaches (78ms)
			ResolveRequiredComponents (3ms)
	FinalizeReload (492ms)
		ReleaseScriptCaches (0ms)
		RebuildScriptCaches (0ms)
		SetupLoadedEditorAssemblies (385ms)
			LogAssemblyErrors (0ms)
			InitializePlatformSupportModulesInManaged (8ms)
			SetLoadedEditorAssemblies (3ms)
			BeforeProcessingInitializeOnLoad (56ms)
			ProcessInitializeOnLoadAttributes (275ms)
			ProcessInitializeOnLoadMethodAttributes (27ms)
			AfterProcessingInitializeOnLoad (16ms)
			EditorAssembliesLoaded (0ms)
		ExecutionOrderSort2 (0ms)
		AwakeInstancesAfterBackupRestoration (23ms)
Refreshing native plugins compatible for Editor in 1.05 ms, found 3 plugins.
Preloading 0 native plugins for Editor in 0.00 ms.
Unloading 12 Unused Serialized files (Serialized files now loaded: 0)
Unloading 3689 unused Assets / (2.8 MB). Loaded Objects now: 4282.
Memory consumption went from 91.4 MB to 88.7 MB.
Total: 6.891200 ms (FindLiveObjects: 0.465300 ms CreateObjectMapping: 0.217500 ms MarkObjects: 4.840900 ms  DeleteObjects: 1.366600 ms)

Prepare: number of updated asset objects reloaded= 0
========================================================================
Received Prepare
Refreshing native plugins compatible for Editor in 0.74 ms, found 3 plugins.
Preloading 0 native plugins for Editor in 0.00 ms.
Unloading 12 Unused Serialized files (Serialized files now loaded: 0)
Unloading 3684 unused Assets / (2.8 MB). Loaded Objects now: 4282.
Memory consumption went from 91.6 MB to 88.9 MB.
Total: 6.548600 ms (FindLiveObjects: 0.440600 ms CreateObjectMapping: 0.170000 ms MarkObjects: 4.388200 ms  DeleteObjects: 1.549100 ms)

Prepare: number of updated asset objects reloaded= 0
========================================================================
Received Prepare
Begin MonoManager ReloadAssembly
[Licensing::Client] Successfully resolved entitlement details
- Loaded All Assemblies, in  0.719 seconds
Refreshing native plugins compatible for Editor in 0.67 ms, found 3 plugins.
Native extension for Android target not found
Native extension for WindowsStandalone target not found
[Package Manager] Failed to launch server process. Reason: Unity was launched with the -noUpm command-line argument
[Package Manager] Unable to send message (not connected to server process).
[Package Manager] Cannot connect to Unity Package Manager local server
Mono: successfully reloaded assembly
- Finished resetting the current domain, in  0.758 seconds
Domain Reload Profiling: 1475ms
	BeginReloadAssembly (235ms)
		ExecutionOrderSort (0ms)
		DisableScriptedObjects (9ms)
		BackupInstance (0ms)
		ReleaseScriptingObjects (0ms)
		CreateAndSetChildDomain (42ms)
	RebuildCommonClasses (42ms)
	RebuildNativeTypeToScriptingClass (15ms)
	initialDomainReloadingComplete (34ms)
	LoadAllAssembliesAndSetupDomain (392ms)
		LoadAssemblies (352ms)
		RebuildTransferFunctionScriptingTraits (0ms)
		AnalyzeDomain (170ms)
			TypeCache.Refresh (13ms)
				TypeCache.ScanAssembly (2ms)
			BuildScriptInfoCaches (147ms)
			ResolveRequiredComponents (6ms)
	FinalizeReload (759ms)
		ReleaseScriptCaches (0ms)
		RebuildScriptCaches (0ms)
		SetupLoadedEditorAssemblies (613ms)
			LogAssemblyErrors (0ms)
			InitializePlatformSupportModulesInManaged (13ms)
			SetLoadedEditorAssemblies (5ms)
			BeforeProcessingInitializeOnLoad (111ms)
			ProcessInitializeOnLoadAttributes (446ms)
			ProcessInitializeOnLoadMethodAttributes (30ms)
			AfterProcessingInitializeOnLoad (8ms)
			EditorAssembliesLoaded (0ms)
		ExecutionOrderSort2 (0ms)
		AwakeInstancesAfterBackupRestoration (20ms)
Refreshing native plugins compatible for Editor in 0.77 ms, found 3 plugins.
Preloading 0 native plugins for Editor in 0.00 ms.
Unloading 12 Unused Serialized files (Serialized files now loaded: 0)
Unloading 3689 unused Assets / (2.8 MB). Loaded Objects now: 4283.
Memory consumption went from 91.4 MB to 88.6 MB.
Total: 6.028000 ms (FindLiveObjects: 0.443800 ms CreateObjectMapping: 0.158800 ms MarkObjects: 4.201100 ms  DeleteObjects: 1.223400 ms)

Prepare: number of updated asset objects reloaded= 0
========================================================================
Received Prepare
Refreshing native plugins compatible for Editor in 1.06 ms, found 3 plugins.
Preloading 0 native plugins for Editor in 0.00 ms.
Unloading 12 Unused Serialized files (Serialized files now loaded: 0)
Unloading 3684 unused Assets / (2.3 MB). Loaded Objects now: 4283.
Memory consumption went from 91.6 MB to 89.4 MB.
Total: 5.849600 ms (FindLiveObjects: 0.431100 ms CreateObjectMapping: 0.155100 ms MarkObjects: 4.113000 ms  DeleteObjects: 1.149800 ms)

Prepare: number of updated asset objects reloaded= 0
========================================================================
Received Prepare
Begin MonoManager ReloadAssembly
- Loaded All Assemblies, in  0.730 seconds
Refreshing native plugins compatible for Editor in 0.61 ms, found 3 plugins.
Native extension for Android target not found
Native extension for WindowsStandalone target not found
[Package Manager] Failed to launch server process. Reason: Unity was launched with the -noUpm command-line argument
[Package Manager] Unable to send message (not connected to server process).
[Package Manager] Cannot connect to Unity Package Manager local server
Mono: successfully reloaded assembly
- Finished resetting the current domain, in  0.759 seconds
Domain Reload Profiling: 1487ms
	BeginReloadAssembly (231ms)
		ExecutionOrderSort (0ms)
		DisableScriptedObjects (7ms)
		BackupInstance (0ms)
		ReleaseScriptingObjects (0ms)
		CreateAndSetChildDomain (45ms)
	RebuildCommonClasses (41ms)
	RebuildNativeTypeToScriptingClass (14ms)
	initialDomainReloadingComplete (35ms)
	LoadAllAssembliesAndSetupDomain (407ms)
		LoadAssemblies (366ms)
		RebuildTransferFunctionScriptingTraits (0ms)
		AnalyzeDomain (171ms)
			TypeCache.Refresh (13ms)
				TypeCache.ScanAssembly (1ms)
			BuildScriptInfoCaches (146ms)
			ResolveRequiredComponents (7ms)
	FinalizeReload (760ms)
		ReleaseScriptCaches (0ms)
		RebuildScriptCaches (0ms)
		SetupLoadedEditorAssemblies (609ms)
			LogAssemblyErrors (0ms)
			InitializePlatformSupportModulesInManaged (13ms)
			SetLoadedEditorAssemblies (4ms)
			BeforeProcessingInitializeOnLoad (110ms)
			ProcessInitializeOnLoadAttributes (442ms)
			ProcessInitializeOnLoadMethodAttributes (25ms)
			AfterProcessingInitializeOnLoad (14ms)
			EditorAssembliesLoaded (0ms)
		ExecutionOrderSort2 (0ms)
		AwakeInstancesAfterBackupRestoration (22ms)
Refreshing native plugins compatible for Editor in 0.82 ms, found 3 plugins.
Preloading 0 native plugins for Editor in 0.00 ms.
Unloading 12 Unused Serialized files (Serialized files now loaded: 0)
Unloading 3689 unused Assets / (2.9 MB). Loaded Objects now: 4284.
Memory consumption went from 91.4 MB to 88.5 MB.
Total: 6.469500 ms (FindLiveObjects: 0.439200 ms CreateObjectMapping: 0.176600 ms MarkObjects: 4.429200 ms  DeleteObjects: 1.423700 ms)

Prepare: number of updated asset objects reloaded= 0
========================================================================
Received Prepare
Refreshing native plugins compatible for Editor in 0.74 ms, found 3 plugins.
Preloading 0 native plugins for Editor in 0.00 ms.
Unloading 12 Unused Serialized files (Serialized files now loaded: 0)
Unloading 3684 unused Assets / (2.8 MB). Loaded Objects now: 4284.
Memory consumption went from 91.6 MB to 88.8 MB.
Total: 6.287900 ms (FindLiveObjects: 0.451500 ms CreateObjectMapping: 0.184500 ms MarkObjects: 4.238100 ms  DeleteObjects: 1.413200 ms)

Prepare: number of updated asset objects reloaded= 0
========================================================================
Received Prepare
Begin MonoManager ReloadAssembly
- Loaded All Assemblies, in  0.699 seconds
Refreshing native plugins compatible for Editor in 0.67 ms, found 3 plugins.
Native extension for Android target not found
Native extension for WindowsStandalone target not found
[Package Manager] Failed to launch server process. Reason: Unity was launched with the -noUpm command-line argument
[Package Manager] Unable to send message (not connected to server process).
[Package Manager] Cannot connect to Unity Package Manager local server
Mono: successfully reloaded assembly
- Finished resetting the current domain, in  0.784 seconds
Domain Reload Profiling: 1482ms
	BeginReloadAssembly (233ms)
		ExecutionOrderSort (0ms)
		DisableScriptedObjects (7ms)
		BackupInstance (0ms)
		ReleaseScriptingObjects (0ms)
		CreateAndSetChildDomain (46ms)
	RebuildCommonClasses (42ms)
	RebuildNativeTypeToScriptingClass (14ms)
	initialDomainReloadingComplete (33ms)
	LoadAllAssembliesAndSetupDomain (375ms)
		LoadAssemblies (342ms)
		RebuildTransferFunctionScriptingTraits (0ms)
		AnalyzeDomain (160ms)
			TypeCache.Refresh (12ms)
				TypeCache.ScanAssembly (1ms)
			BuildScriptInfoCaches (136ms)
			ResolveRequiredComponents (6ms)
	FinalizeReload (785ms)
		ReleaseScriptCaches (0ms)
		RebuildScriptCaches (0ms)
		SetupLoadedEditorAssemblies (632ms)
			LogAssemblyErrors (0ms)
			InitializePlatformSupportModulesInManaged (14ms)
			SetLoadedEditorAssemblies (4ms)
			BeforeProcessingInitializeOnLoad (119ms)
			ProcessInitializeOnLoadAttributes (451ms)
			ProcessInitializeOnLoadMethodAttributes (30ms)
			AfterProcessingInitializeOnLoad (14ms)
			EditorAssembliesLoaded (0ms)
		ExecutionOrderSort2 (0ms)
		AwakeInstancesAfterBackupRestoration (26ms)
Refreshing native plugins compatible for Editor in 0.73 ms, found 3 plugins.
Preloading 0 native plugins for Editor in 0.00 ms.
Unloading 12 Unused Serialized files (Serialized files now loaded: 0)
Unloading 3689 unused Assets / (2.8 MB). Loaded Objects now: 4285.
Memory consumption went from 91.5 MB to 88.6 MB.
Total: 6.068400 ms (FindLiveObjects: 0.439900 ms CreateObjectMapping: 0.161500 ms MarkObjects: 4.244500 ms  DeleteObjects: 1.221700 ms)

Prepare: number of updated asset objects reloaded= 0
========================================================================
Received Prepare
Refreshing native plugins compatible for Editor in 0.77 ms, found 3 plugins.
Preloading 0 native plugins for Editor in 0.00 ms.
Unloading 12 Unused Serialized files (Serialized files now loaded: 0)
Unloading 3684 unused Assets / (2.9 MB). Loaded Objects now: 4285.
Memory consumption went from 91.6 MB to 88.8 MB.
Total: 6.559900 ms (FindLiveObjects: 0.481200 ms CreateObjectMapping: 0.161200 ms MarkObjects: 4.545200 ms  DeleteObjects: 1.371200 ms)

Prepare: number of updated asset objects reloaded= 0
========================================================================
Received Prepare
Begin MonoManager ReloadAssembly
- Loaded All Assemblies, in  0.735 seconds
Refreshing native plugins compatible for Editor in 0.79 ms, found 3 plugins.
Native extension for Android target not found
Native extension for WindowsStandalone target not found
[Package Manager] Failed to launch server process. Reason: Unity was launched with the -noUpm command-line argument
[Package Manager] Unable to send message (not connected to server process).
[Package Manager] Cannot connect to Unity Package Manager local server
Mono: successfully reloaded assembly
- Finished resetting the current domain, in  0.777 seconds
Domain Reload Profiling: 1510ms
	BeginReloadAssembly (238ms)
		ExecutionOrderSort (0ms)
		DisableScriptedObjects (7ms)
		BackupInstance (0ms)
		ReleaseScriptingObjects (0ms)
		CreateAndSetChildDomain (51ms)
	RebuildCommonClasses (44ms)
	RebuildNativeTypeToScriptingClass (14ms)
	initialDomainReloadingComplete (40ms)
	LoadAllAssembliesAndSetupDomain (396ms)
		LoadAssemblies (359ms)
		RebuildTransferFunctionScriptingTraits (0ms)
		AnalyzeDomain (165ms)
			TypeCache.Refresh (14ms)
				TypeCache.ScanAssembly (1ms)
			BuildScriptInfoCaches (140ms)
			ResolveRequiredComponents (6ms)
	FinalizeReload (778ms)
		ReleaseScriptCaches (0ms)
		RebuildScriptCaches (0ms)
		SetupLoadedEditorAssemblies (631ms)
			LogAssemblyErrors (0ms)
			InitializePlatformSupportModulesInManaged (14ms)
			SetLoadedEditorAssemblies (5ms)
			BeforeProcessingInitializeOnLoad (113ms)
			ProcessInitializeOnLoadAttributes (456ms)
			ProcessInitializeOnLoadMethodAttributes (26ms)
			AfterProcessingInitializeOnLoad (15ms)
			EditorAssembliesLoaded (0ms)
		ExecutionOrderSort2 (0ms)
		AwakeInstancesAfterBackupRestoration (21ms)
Refreshing native plugins compatible for Editor in 0.78 ms, found 3 plugins.
Preloading 0 native plugins for Editor in 0.00 ms.
Unloading 12 Unused Serialized files (Serialized files now loaded: 0)
Unloading 3689 unused Assets / (2.9 MB). Loaded Objects now: 4286.
Memory consumption went from 91.5 MB to 88.6 MB.
Total: 6.261200 ms (FindLiveObjects: 0.444600 ms CreateObjectMapping: 0.297900 ms MarkObjects: 4.249900 ms  DeleteObjects: 1.268400 ms)

Prepare: number of updated asset objects reloaded= 0
========================================================================
Received Prepare
Refreshing native plugins compatible for Editor in 1.07 ms, found 3 plugins.
Preloading 0 native plugins for Editor in 0.00 ms.
Unloading 12 Unused Serialized files (Serialized files now loaded: 0)
Unloading 3684 unused Assets / (2.8 MB). Loaded Objects now: 4286.
Memory consumption went from 91.7 MB to 88.8 MB.
Total: 6.716500 ms (FindLiveObjects: 0.442000 ms CreateObjectMapping: 0.172800 ms MarkObjects: 4.760900 ms  DeleteObjects: 1.339500 ms)

Prepare: number of updated asset objects reloaded= 0
========================================================================
Received Prepare
Begin MonoManager ReloadAssembly
[Licensing::Client] Successfully resolved entitlement details
- Loaded All Assemblies, in  0.718 seconds
Refreshing native plugins compatible for Editor in 1.14 ms, found 3 plugins.
Native extension for Android target not found
Native extension for WindowsStandalone target not found
[Package Manager] Failed to launch server process. Reason: Unity was launched with the -noUpm command-line argument
[Package Manager] Unable to send message (not connected to server process).
[Package Manager] Cannot connect to Unity Package Manager local server
Mono: successfully reloaded assembly
- Finished resetting the current domain, in  0.752 seconds
Domain Reload Profiling: 1469ms
	BeginReloadAssembly (238ms)
		ExecutionOrderSort (0ms)
		DisableScriptedObjects (7ms)
		BackupInstance (0ms)
		ReleaseScriptingObjects (0ms)
		CreateAndSetChildDomain (46ms)
	RebuildCommonClasses (42ms)
	RebuildNativeTypeToScriptingClass (14ms)
	initialDomainReloadingComplete (33ms)
	LoadAllAssembliesAndSetupDomain (390ms)
		LoadAssemblies (355ms)
		RebuildTransferFunctionScriptingTraits (0ms)
		AnalyzeDomain (163ms)
			TypeCache.Refresh (12ms)
				TypeCache.ScanAssembly (1ms)
			BuildScriptInfoCaches (141ms)
			ResolveRequiredComponents (6ms)
	FinalizeReload (753ms)
		ReleaseScriptCaches (0ms)
		RebuildScriptCaches (0ms)
		SetupLoadedEditorAssemblies (605ms)
			LogAssemblyErrors (0ms)
			InitializePlatformSupportModulesInManaged (13ms)
			SetLoadedEditorAssemblies (5ms)
			BeforeProcessingInitializeOnLoad (106ms)
			ProcessInitializeOnLoadAttributes (442ms)
			ProcessInitializeOnLoadMethodAttributes (28ms)
			AfterProcessingInitializeOnLoad (12ms)
			EditorAssembliesLoaded (0ms)
		ExecutionOrderSort2 (0ms)
		AwakeInstancesAfterBackupRestoration (23ms)
Refreshing native plugins compatible for Editor in 0.89 ms, found 3 plugins.
Preloading 0 native plugins for Editor in 0.00 ms.
Unloading 12 Unused Serialized files (Serialized files now loaded: 0)
Unloading 3689 unused Assets / (2.9 MB). Loaded Objects now: 4287.
Memory consumption went from 91.5 MB to 88.6 MB.
Total: 6.158400 ms (FindLiveObjects: 0.456500 ms CreateObjectMapping: 0.325600 ms MarkObjects: 4.115200 ms  DeleteObjects: 1.260400 ms)

Prepare: number of updated asset objects reloaded= 0
========================================================================
Received Prepare
Refreshing native plugins compatible for Editor in 1.06 ms, found 3 plugins.
Preloading 0 native plugins for Editor in 0.00 ms.
Unloading 12 Unused Serialized files (Serialized files now loaded: 0)
Unloading 3684 unused Assets / (2.9 MB). Loaded Objects now: 4287.
Memory consumption went from 91.7 MB to 88.8 MB.
Total: 6.191600 ms (FindLiveObjects: 0.448400 ms CreateObjectMapping: 0.162900 ms MarkObjects: 4.283400 ms  DeleteObjects: 1.296400 ms)

Prepare: number of updated asset objects reloaded= 0
========================================================================
Received Prepare
Begin MonoManager ReloadAssembly
- Loaded All Assemblies, in  0.723 seconds
Refreshing native plugins compatible for Editor in 0.75 ms, found 3 plugins.
Native extension for Android target not found
Native extension for WindowsStandalone target not found
[Package Manager] Failed to launch server process. Reason: Unity was launched with the -noUpm command-line argument
[Package Manager] Unable to send message (not connected to server process).
[Package Manager] Cannot connect to Unity Package Manager local server
Mono: successfully reloaded assembly
- Finished resetting the current domain, in  0.752 seconds
Domain Reload Profiling: 1474ms
	BeginReloadAssembly (237ms)
		ExecutionOrderSort (0ms)
		DisableScriptedObjects (8ms)
		BackupInstance (0ms)
		ReleaseScriptingObjects (0ms)
		CreateAndSetChildDomain (44ms)
	RebuildCommonClasses (42ms)
	RebuildNativeTypeToScriptingClass (15ms)
	initialDomainReloadingComplete (34ms)
	LoadAllAssembliesAndSetupDomain (394ms)
		LoadAssemblies (366ms)
		RebuildTransferFunctionScriptingTraits (0ms)
		AnalyzeDomain (163ms)
			TypeCache.Refresh (12ms)
				TypeCache.ScanAssembly (1ms)
			BuildScriptInfoCaches (140ms)
			ResolveRequiredComponents (6ms)
	FinalizeReload (753ms)
		ReleaseScriptCaches (0ms)
		RebuildScriptCaches (0ms)
		SetupLoadedEditorAssemblies (607ms)
			LogAssemblyErrors (0ms)
			InitializePlatformSupportModulesInManaged (14ms)
			SetLoadedEditorAssemblies (4ms)
			BeforeProcessingInitializeOnLoad (107ms)
			ProcessInitializeOnLoadAttributes (442ms)
			ProcessInitializeOnLoadMethodAttributes (27ms)
			AfterProcessingInitializeOnLoad (13ms)
			EditorAssembliesLoaded (0ms)
		ExecutionOrderSort2 (0ms)
		AwakeInstancesAfterBackupRestoration (21ms)
Refreshing native plugins compatible for Editor in 0.79 ms, found 3 plugins.
Preloading 0 native plugins for Editor in 0.00 ms.
Unloading 12 Unused Serialized files (Serialized files now loaded: 0)
Unloading 3689 unused Assets / (2.8 MB). Loaded Objects now: 4288.
Memory consumption went from 91.5 MB to 88.7 MB.
Total: 6.243200 ms (FindLiveObjects: 0.432500 ms CreateObjectMapping: 0.265700 ms MarkObjects: 4.305400 ms  DeleteObjects: 1.239000 ms)

Prepare: number of updated asset objects reloaded= 0
========================================================================
Received Prepare
Refreshing native plugins compatible for Editor in 0.91 ms, found 3 plugins.
Preloading 0 native plugins for Editor in 0.00 ms.
Unloading 12 Unused Serialized files (Serialized files now loaded: 0)
Unloading 3684 unused Assets / (2.8 MB). Loaded Objects now: 4288.
Memory consumption went from 91.7 MB to 88.8 MB.
Total: 5.907700 ms (FindLiveObjects: 0.444100 ms CreateObjectMapping: 0.160500 ms MarkObjects: 4.065400 ms  DeleteObjects: 1.237200 ms)

Prepare: number of updated asset objects reloaded= 0
========================================================================
Received Prepare
Begin MonoManager ReloadAssembly
- Loaded All Assemblies, in  0.724 seconds
Refreshing native plugins compatible for Editor in 0.77 ms, found 3 plugins.
Native extension for Android target not found
Native extension for WindowsStandalone target not found
[Package Manager] Failed to launch server process. Reason: Unity was launched with the -noUpm command-line argument
[Package Manager] Unable to send message (not connected to server process).
[Package Manager] Cannot connect to Unity Package Manager local server
Mono: successfully reloaded assembly
- Finished resetting the current domain, in  0.751 seconds
Domain Reload Profiling: 1470ms
	BeginReloadAssembly (230ms)
		ExecutionOrderSort (0ms)
		DisableScriptedObjects (7ms)
		BackupInstance (0ms)
		ReleaseScriptingObjects (0ms)
		CreateAndSetChildDomain (45ms)
	RebuildCommonClasses (40ms)
	RebuildNativeTypeToScriptingClass (15ms)
	initialDomainReloadingComplete (34ms)
	LoadAllAssembliesAndSetupDomain (401ms)
		LoadAssemblies (360ms)
		RebuildTransferFunctionScriptingTraits (0ms)
		AnalyzeDomain (166ms)
			TypeCache.Refresh (14ms)
				TypeCache.ScanAssembly (3ms)
			BuildScriptInfoCaches (141ms)
			ResolveRequiredComponents (6ms)
	FinalizeReload (751ms)
		ReleaseScriptCaches (0ms)
		RebuildScriptCaches (0ms)
		SetupLoadedEditorAssemblies (605ms)
			LogAssemblyErrors (0ms)
			InitializePlatformSupportModulesInManaged (13ms)
			SetLoadedEditorAssemblies (4ms)
			BeforeProcessingInitializeOnLoad (104ms)
			ProcessInitializeOnLoadAttributes (448ms)
			ProcessInitializeOnLoadMethodAttributes (27ms)
			AfterProcessingInitializeOnLoad (8ms)
			EditorAssembliesLoaded (0ms)
		ExecutionOrderSort2 (0ms)
		AwakeInstancesAfterBackupRestoration (20ms)
Refreshing native plugins compatible for Editor in 0.85 ms, found 3 plugins.
Preloading 0 native plugins for Editor in 0.00 ms.
Unloading 12 Unused Serialized files (Serialized files now loaded: 0)
Unloading 3689 unused Assets / (2.7 MB). Loaded Objects now: 4289.
Memory consumption went from 91.5 MB to 88.8 MB.
Total: 6.165900 ms (FindLiveObjects: 0.544100 ms CreateObjectMapping: 0.163400 ms MarkObjects: 4.168200 ms  DeleteObjects: 1.289400 ms)

Prepare: number of updated asset objects reloaded= 0
========================================================================
Received Prepare
Refreshing native plugins compatible for Editor in 0.71 ms, found 3 plugins.
Preloading 0 native plugins for Editor in 0.00 ms.
Unloading 12 Unused Serialized files (Serialized files now loaded: 0)
Unloading 3684 unused Assets / (2.8 MB). Loaded Objects now: 4289.
Memory consumption went from 91.7 MB to 88.9 MB.
Total: 6.618400 ms (FindLiveObjects: 0.450800 ms CreateObjectMapping: 0.177800 ms MarkObjects: 4.616900 ms  DeleteObjects: 1.371800 ms)

Prepare: number of updated asset objects reloaded= 0
========================================================================
Received Prepare
Begin MonoManager ReloadAssembly
- Loaded All Assemblies, in  0.719 seconds
Refreshing native plugins compatible for Editor in 0.89 ms, found 3 plugins.
Native extension for Android target not found
Native extension for WindowsStandalone target not found
[Package Manager] Failed to launch server process. Reason: Unity was launched with the -noUpm command-line argument
[Package Manager] Unable to send message (not connected to server process).
[Package Manager] Cannot connect to Unity Package Manager local server
Mono: successfully reloaded assembly
- Finished resetting the current domain, in  0.787 seconds
Domain Reload Profiling: 1505ms
	BeginReloadAssembly (247ms)
		ExecutionOrderSort (0ms)
		DisableScriptedObjects (7ms)
		BackupInstance (0ms)
		ReleaseScriptingObjects (0ms)
		CreateAndSetChildDomain (44ms)
	RebuildCommonClasses (42ms)
	RebuildNativeTypeToScriptingClass (14ms)
	initialDomainReloadingComplete (32ms)
	LoadAllAssembliesAndSetupDomain (382ms)
		LoadAssemblies (368ms)
		RebuildTransferFunctionScriptingTraits (0ms)
		AnalyzeDomain (158ms)
			TypeCache.Refresh (11ms)
				TypeCache.ScanAssembly (1ms)
			BuildScriptInfoCaches (136ms)
			ResolveRequiredComponents (7ms)
	FinalizeReload (787ms)
		ReleaseScriptCaches (0ms)
		RebuildScriptCaches (0ms)
		SetupLoadedEditorAssemblies (647ms)
			LogAssemblyErrors (0ms)
			InitializePlatformSupportModulesInManaged (13ms)
			SetLoadedEditorAssemblies (5ms)
			BeforeProcessingInitializeOnLoad (118ms)
			ProcessInitializeOnLoadAttributes (475ms)
			ProcessInitializeOnLoadMethodAttributes (26ms)
			AfterProcessingInitializeOnLoad (10ms)
			EditorAssembliesLoaded (0ms)
		ExecutionOrderSort2 (0ms)
		AwakeInstancesAfterBackupRestoration (20ms)
Refreshing native plugins compatible for Editor in 0.71 ms, found 3 plugins.
Preloading 0 native plugins for Editor in 0.00 ms.
Unloading 12 Unused Serialized files (Serialized files now loaded: 0)
Unloading 3689 unused Assets / (2.8 MB). Loaded Objects now: 4290.
Memory consumption went from 91.5 MB to 88.7 MB.
Total: 6.402900 ms (FindLiveObjects: 0.429300 ms CreateObjectMapping: 0.147700 ms MarkObjects: 4.620000 ms  DeleteObjects: 1.204900 ms)

Prepare: number of updated asset objects reloaded= 0
========================================================================
Received Prepare
Refreshing native plugins compatible for Editor in 0.80 ms, found 3 plugins.
Preloading 0 native plugins for Editor in 0.00 ms.
Unloading 12 Unused Serialized files (Serialized files now loaded: 0)
Unloading 3684 unused Assets / (2.8 MB). Loaded Objects now: 4290.
Memory consumption went from 91.7 MB to 88.9 MB.
Total: 6.041900 ms (FindLiveObjects: 0.430200 ms CreateObjectMapping: 0.157600 ms MarkObjects: 4.186800 ms  DeleteObjects: 1.266500 ms)

Prepare: number of updated asset objects reloaded= 0
========================================================================
Received Prepare
Begin MonoManager ReloadAssembly
- Loaded All Assemblies, in  0.735 seconds
Refreshing native plugins compatible for Editor in 0.38 ms, found 3 plugins.
Native extension for Android target not found
Native extension for WindowsStandalone target not found
[Package Manager] Failed to launch server process. Reason: Unity was launched with the -noUpm command-line argument
[Package Manager] Unable to send message (not connected to server process).
[Package Manager] Cannot connect to Unity Package Manager local server
Mono: successfully reloaded assembly
- Finished resetting the current domain, in  0.763 seconds
Domain Reload Profiling: 1495ms
	BeginReloadAssembly (236ms)
		ExecutionOrderSort (0ms)
		DisableScriptedObjects (7ms)
		BackupInstance (0ms)
		ReleaseScriptingObjects (0ms)
		CreateAndSetChildDomain (52ms)
	RebuildCommonClasses (41ms)
	RebuildNativeTypeToScriptingClass (14ms)
	initialDomainReloadingComplete (33ms)
	LoadAllAssembliesAndSetupDomain (408ms)
		LoadAssemblies (368ms)
		RebuildTransferFunctionScriptingTraits (0ms)
		AnalyzeDomain (168ms)
			TypeCache.Refresh (11ms)
				TypeCache.ScanAssembly (1ms)
			BuildScriptInfoCaches (147ms)
			ResolveRequiredComponents (6ms)
	FinalizeReload (763ms)
		ReleaseScriptCaches (0ms)
		RebuildScriptCaches (0ms)
		SetupLoadedEditorAssemblies (618ms)
			LogAssemblyErrors (0ms)
			InitializePlatformSupportModulesInManaged (17ms)
			SetLoadedEditorAssemblies (5ms)
			BeforeProcessingInitializeOnLoad (108ms)
			ProcessInitializeOnLoadAttributes (446ms)
			ProcessInitializeOnLoadMethodAttributes (30ms)
			AfterProcessingInitializeOnLoad (12ms)
			EditorAssembliesLoaded (0ms)
		ExecutionOrderSort2 (0ms)
		AwakeInstancesAfterBackupRestoration (22ms)
Refreshing native plugins compatible for Editor in 0.81 ms, found 3 plugins.
Preloading 0 native plugins for Editor in 0.00 ms.
Unloading 12 Unused Serialized files (Serialized files now loaded: 0)
Unloading 3689 unused Assets / (2.2 MB). Loaded Objects now: 4291.
Memory consumption went from 91.5 MB to 89.2 MB.
Total: 5.905400 ms (FindLiveObjects: 0.438700 ms CreateObjectMapping: 0.151900 ms MarkObjects: 4.105100 ms  DeleteObjects: 1.209100 ms)

Prepare: number of updated asset objects reloaded= 0
========================================================================
Received Prepare
Refreshing native plugins compatible for Editor in 0.70 ms, found 3 plugins.
Preloading 0 native plugins for Editor in 0.00 ms.
Unloading 12 Unused Serialized files (Serialized files now loaded: 0)
Unloading 3684 unused Assets / (2.8 MB). Loaded Objects now: 4291.
Memory consumption went from 91.7 MB to 88.8 MB.
Total: 6.616700 ms (FindLiveObjects: 0.454800 ms CreateObjectMapping: 0.169800 ms MarkObjects: 4.472600 ms  DeleteObjects: 1.518800 ms)

Prepare: number of updated asset objects reloaded= 0
========================================================================
Received Prepare
Begin MonoManager ReloadAssembly
- Loaded All Assemblies, in  0.721 seconds
Refreshing native plugins compatible for Editor in 0.82 ms, found 3 plugins.
Native extension for Android target not found
Native extension for WindowsStandalone target not found
[Package Manager] Failed to launch server process. Reason: Unity was launched with the -noUpm command-line argument
[Package Manager] Unable to send message (not connected to server process).
[Package Manager] Cannot connect to Unity Package Manager local server
Mono: successfully reloaded assembly
- Finished resetting the current domain, in  0.741 seconds
Domain Reload Profiling: 1461ms
	BeginReloadAssembly (245ms)
		ExecutionOrderSort (0ms)
		DisableScriptedObjects (7ms)
		BackupInstance (0ms)
		ReleaseScriptingObjects (0ms)
		CreateAndSetChildDomain (50ms)
	RebuildCommonClasses (43ms)
	RebuildNativeTypeToScriptingClass (14ms)
	initialDomainReloadingComplete (33ms)
	LoadAllAssembliesAndSetupDomain (383ms)
		LoadAssemblies (347ms)
		RebuildTransferFunctionScriptingTraits (0ms)
		AnalyzeDomain (163ms)
			TypeCache.Refresh (11ms)
				TypeCache.ScanAssembly (1ms)
			BuildScriptInfoCaches (141ms)
			ResolveRequiredComponents (7ms)
	FinalizeReload (742ms)
		ReleaseScriptCaches (0ms)
		RebuildScriptCaches (0ms)
		SetupLoadedEditorAssemblies (598ms)
			LogAssemblyErrors (0ms)
			InitializePlatformSupportModulesInManaged (11ms)
			SetLoadedEditorAssemblies (3ms)
			BeforeProcessingInitializeOnLoad (110ms)
			ProcessInitializeOnLoadAttributes (430ms)
			ProcessInitializeOnLoadMethodAttributes (28ms)
			AfterProcessingInitializeOnLoad (16ms)
			EditorAssembliesLoaded (0ms)
		ExecutionOrderSort2 (0ms)
		AwakeInstancesAfterBackupRestoration (21ms)
Refreshing native plugins compatible for Editor in 0.72 ms, found 3 plugins.
Preloading 0 native plugins for Editor in 0.00 ms.
Unloading 12 Unused Serialized files (Serialized files now loaded: 0)
Unloading 3689 unused Assets / (2.7 MB). Loaded Objects now: 4292.
Memory consumption went from 91.5 MB to 88.8 MB.
Total: 5.927200 ms (FindLiveObjects: 0.429900 ms CreateObjectMapping: 0.143600 ms MarkObjects: 4.181400 ms  DeleteObjects: 1.171500 ms)

Prepare: number of updated asset objects reloaded= 0
========================================================================
Received Prepare
Refreshing native plugins compatible for Editor in 1.01 ms, found 3 plugins.
Preloading 0 native plugins for Editor in 0.00 ms.
Unloading 12 Unused Serialized files (Serialized files now loaded: 0)
Unloading 3684 unused Assets / (2.8 MB). Loaded Objects now: 4292.
Memory consumption went from 91.7 MB to 88.8 MB.
Total: 6.633600 ms (FindLiveObjects: 0.441100 ms CreateObjectMapping: 0.161000 ms MarkObjects: 4.684100 ms  DeleteObjects: 1.346700 ms)

Prepare: number of updated asset objects reloaded= 0
========================================================================
Received Prepare
Refreshing native plugins compatible for Editor in 0.78 ms, found 3 plugins.
Preloading 0 native plugins for Editor in 0.00 ms.
Unloading 12 Unused Serialized files (Serialized files now loaded: 0)
Unloading 3684 unused Assets / (2.8 MB). Loaded Objects now: 4292.
Memory consumption went from 91.7 MB to 88.9 MB.
Total: 6.212500 ms (FindLiveObjects: 0.428000 ms CreateObjectMapping: 0.159500 ms MarkObjects: 4.428900 ms  DeleteObjects: 1.195000 ms)

Prepare: number of updated asset objects reloaded= 0
========================================================================
Received Prepare
Refreshing native plugins compatible for Editor in 0.73 ms, found 3 plugins.
Preloading 0 native plugins for Editor in 0.00 ms.
Unloading 12 Unused Serialized files (Serialized files now loaded: 0)
Unloading 3684 unused Assets / (3.0 MB). Loaded Objects now: 4292.
Memory consumption went from 91.7 MB to 88.7 MB.
Total: 6.860500 ms (FindLiveObjects: 0.454200 ms CreateObjectMapping: 0.176000 ms MarkObjects: 4.850300 ms  DeleteObjects: 1.379200 ms)

Prepare: number of updated asset objects reloaded= 0
========================================================================
Received Prepare
Begin MonoManager ReloadAssembly
[Licensing::Client] Successfully resolved entitlement details
- Loaded All Assemblies, in  0.750 seconds
Refreshing native plugins compatible for Editor in 0.69 ms, found 3 plugins.
Native extension for Android target not found
Native extension for WindowsStandalone target not found
[Package Manager] Failed to launch server process. Reason: Unity was launched with the -noUpm command-line argument
[Package Manager] Unable to send message (not connected to server process).
[Package Manager] Cannot connect to Unity Package Manager local server
Mono: successfully reloaded assembly
- Finished resetting the current domain, in  0.760 seconds
Domain Reload Profiling: 1508ms
	BeginReloadAssembly (240ms)
		ExecutionOrderSort (0ms)
		DisableScriptedObjects (9ms)
		BackupInstance (0ms)
		ReleaseScriptingObjects (0ms)
		CreateAndSetChildDomain (48ms)
	RebuildCommonClasses (42ms)
	RebuildNativeTypeToScriptingClass (14ms)
	initialDomainReloadingComplete (39ms)
	LoadAllAssembliesAndSetupDomain (413ms)
		LoadAssemblies (362ms)
		RebuildTransferFunctionScriptingTraits (0ms)
		AnalyzeDomain (177ms)
			TypeCache.Refresh (17ms)
				TypeCache.ScanAssembly (4ms)
			BuildScriptInfoCaches (150ms)
			ResolveRequiredComponents (6ms)
	FinalizeReload (760ms)
		ReleaseScriptCaches (0ms)
		RebuildScriptCaches (0ms)
		SetupLoadedEditorAssemblies (613ms)
			LogAssemblyErrors (0ms)
			InitializePlatformSupportModulesInManaged (14ms)
			SetLoadedEditorAssemblies (4ms)
			BeforeProcessingInitializeOnLoad (111ms)
			ProcessInitializeOnLoadAttributes (445ms)
			ProcessInitializeOnLoadMethodAttributes (28ms)
			AfterProcessingInitializeOnLoad (11ms)
			EditorAssembliesLoaded (0ms)
		ExecutionOrderSort2 (0ms)
		AwakeInstancesAfterBackupRestoration (22ms)
Refreshing native plugins compatible for Editor in 0.77 ms, found 3 plugins.
Preloading 0 native plugins for Editor in 0.00 ms.
Unloading 12 Unused Serialized files (Serialized files now loaded: 0)
Unloading 3689 unused Assets / (2.8 MB). Loaded Objects now: 4293.
Memory consumption went from 91.5 MB to 88.7 MB.
Total: 6.257100 ms (FindLiveObjects: 0.434800 ms CreateObjectMapping: 0.160800 ms MarkObjects: 4.433000 ms  DeleteObjects: 1.227600 ms)

Prepare: number of updated asset objects reloaded= 0
========================================================================
Received Prepare
Refreshing native plugins compatible for Editor in 0.93 ms, found 3 plugins.
Preloading 0 native plugins for Editor in 0.00 ms.
Unloading 12 Unused Serialized files (Serialized files now loaded: 0)
Unloading 3684 unused Assets / (2.8 MB). Loaded Objects now: 4293.
Memory consumption went from 91.7 MB to 88.8 MB.
Total: 6.170100 ms (FindLiveObjects: 0.427700 ms CreateObjectMapping: 0.170900 ms MarkObjects: 4.301500 ms  DeleteObjects: 1.269000 ms)

Prepare: number of updated asset objects reloaded= 0
========================================================================
Received Prepare
Refreshing native plugins compatible for Editor in 0.91 ms, found 3 plugins.
Preloading 0 native plugins for Editor in 0.00 ms.
Unloading 12 Unused Serialized files (Serialized files now loaded: 0)
Unloading 3684 unused Assets / (2.8 MB). Loaded Objects now: 4293.
Memory consumption went from 91.7 MB to 88.8 MB.
Total: 6.306400 ms (FindLiveObjects: 0.459800 ms CreateObjectMapping: 0.173800 ms MarkObjects: 4.330900 ms  DeleteObjects: 1.341100 ms)

Prepare: number of updated asset objects reloaded= 0
========================================================================
Received Prepare
Refreshing native plugins compatible for Editor in 0.74 ms, found 3 plugins.
Preloading 0 native plugins for Editor in 0.00 ms.
Unloading 12 Unused Serialized files (Serialized files now loaded: 0)
Unloading 3684 unused Assets / (2.7 MB). Loaded Objects now: 4293.
Memory consumption went from 91.7 MB to 89.0 MB.
Total: 6.109200 ms (FindLiveObjects: 0.433300 ms CreateObjectMapping: 0.177200 ms MarkObjects: 4.266000 ms  DeleteObjects: 1.232200 ms)

Prepare: number of updated asset objects reloaded= 0
========================================================================
Received Prepare
Refreshing native plugins compatible for Editor in 0.94 ms, found 3 plugins.
Preloading 0 native plugins for Editor in 0.00 ms.
Unloading 12 Unused Serialized files (Serialized files now loaded: 0)
Unloading 3684 unused Assets / (3.0 MB). Loaded Objects now: 4293.
Memory consumption went from 91.7 MB to 88.7 MB.
Total: 6.789400 ms (FindLiveObjects: 0.452200 ms CreateObjectMapping: 0.186000 ms MarkObjects: 4.652900 ms  DeleteObjects: 1.497500 ms)

Prepare: number of updated asset objects reloaded= 0
========================================================================
Received Prepare
Begin MonoManager ReloadAssembly
- Loaded All Assemblies, in  0.713 seconds
Refreshing native plugins compatible for Editor in 1.21 ms, found 3 plugins.
Native extension for Android target not found
Native extension for WindowsStandalone target not found
[Package Manager] Failed to launch server process. Reason: Unity was launched with the -noUpm command-line argument
[Package Manager] Unable to send message (not connected to server process).
[Package Manager] Cannot connect to Unity Package Manager local server
Mono: successfully reloaded assembly
- Finished resetting the current domain, in  0.759 seconds
Domain Reload Profiling: 1471ms
	BeginReloadAssembly (236ms)
		ExecutionOrderSort (0ms)
		DisableScriptedObjects (7ms)
		BackupInstance (0ms)
		ReleaseScriptingObjects (0ms)
		CreateAndSetChildDomain (44ms)
	RebuildCommonClasses (42ms)
	RebuildNativeTypeToScriptingClass (15ms)
	initialDomainReloadingComplete (34ms)
	LoadAllAssembliesAndSetupDomain (384ms)
		LoadAssemblies (360ms)
		RebuildTransferFunctionScriptingTraits (0ms)
		AnalyzeDomain (158ms)
			TypeCache.Refresh (14ms)
				TypeCache.ScanAssembly (1ms)
			BuildScriptInfoCaches (133ms)
			ResolveRequiredComponents (6ms)
	FinalizeReload (760ms)
		ReleaseScriptCaches (0ms)
		RebuildScriptCaches (0ms)
		SetupLoadedEditorAssemblies (612ms)
			LogAssemblyErrors (0ms)
			InitializePlatformSupportModulesInManaged (14ms)
			SetLoadedEditorAssemblies (4ms)
			BeforeProcessingInitializeOnLoad (105ms)
			ProcessInitializeOnLoadAttributes (447ms)
			ProcessInitializeOnLoadMethodAttributes (27ms)
			AfterProcessingInitializeOnLoad (15ms)
			EditorAssembliesLoaded (0ms)
		ExecutionOrderSort2 (0ms)
		AwakeInstancesAfterBackupRestoration (22ms)
Refreshing native plugins compatible for Editor in 0.77 ms, found 3 plugins.
Preloading 0 native plugins for Editor in 0.00 ms.
Unloading 12 Unused Serialized files (Serialized files now loaded: 0)
Unloading 3689 unused Assets / (2.8 MB). Loaded Objects now: 4294.
Memory consumption went from 91.5 MB to 88.7 MB.
Total: 6.259500 ms (FindLiveObjects: 0.546300 ms CreateObjectMapping: 0.178500 ms MarkObjects: 4.268000 ms  DeleteObjects: 1.266300 ms)

Prepare: number of updated asset objects reloaded= 0
========================================================================
Received Prepare
Refreshing native plugins compatible for Editor in 0.69 ms, found 3 plugins.
Preloading 0 native plugins for Editor in 0.00 ms.
Unloading 12 Unused Serialized files (Serialized files now loaded: 0)
Unloading 3684 unused Assets / (2.8 MB). Loaded Objects now: 4294.
Memory consumption went from 91.7 MB to 88.9 MB.
Total: 6.636400 ms (FindLiveObjects: 0.448100 ms CreateObjectMapping: 0.166900 ms MarkObjects: 4.610400 ms  DeleteObjects: 1.409700 ms)

Prepare: number of updated asset objects reloaded= 0
========================================================================
Received Prepare
Begin MonoManager ReloadAssembly
- Loaded All Assemblies, in  0.716 seconds
Refreshing native plugins compatible for Editor in 1.58 ms, found 3 plugins.
Native extension for Android target not found
Native extension for WindowsStandalone target not found
[Package Manager] Failed to launch server process. Reason: Unity was launched with the -noUpm command-line argument
[Package Manager] Unable to send message (not connected to server process).
[Package Manager] Cannot connect to Unity Package Manager local server
Mono: successfully reloaded assembly
- Finished resetting the current domain, in  0.774 seconds
Domain Reload Profiling: 1487ms
	BeginReloadAssembly (232ms)
		ExecutionOrderSort (0ms)
		DisableScriptedObjects (7ms)
		BackupInstance (0ms)
		ReleaseScriptingObjects (0ms)
		CreateAndSetChildDomain (46ms)
	RebuildCommonClasses (43ms)
	RebuildNativeTypeToScriptingClass (15ms)
	initialDomainReloadingComplete (35ms)
	LoadAllAssembliesAndSetupDomain (388ms)
		LoadAssemblies (351ms)
		RebuildTransferFunctionScriptingTraits (0ms)
		AnalyzeDomain (164ms)
			TypeCache.Refresh (12ms)
				TypeCache.ScanAssembly (1ms)
			BuildScriptInfoCaches (142ms)
			ResolveRequiredComponents (6ms)
	FinalizeReload (774ms)
		ReleaseScriptCaches (0ms)
		RebuildScriptCaches (0ms)
		SetupLoadedEditorAssemblies (630ms)
			LogAssemblyErrors (0ms)
			InitializePlatformSupportModulesInManaged (14ms)
			SetLoadedEditorAssemblies (5ms)
			BeforeProcessingInitializeOnLoad (120ms)
			ProcessInitializeOnLoadAttributes (458ms)
			ProcessInitializeOnLoadMethodAttributes (26ms)
			AfterProcessingInitializeOnLoad (7ms)
			EditorAssembliesLoaded (0ms)
		ExecutionOrderSort2 (0ms)
		AwakeInstancesAfterBackupRestoration (20ms)
Refreshing native plugins compatible for Editor in 0.77 ms, found 3 plugins.
Preloading 0 native plugins for Editor in 0.00 ms.
Unloading 12 Unused Serialized files (Serialized files now loaded: 0)
Unloading 3689 unused Assets / (2.7 MB). Loaded Objects now: 4295.
Memory consumption went from 91.5 MB to 88.8 MB.
Total: 6.188500 ms (FindLiveObjects: 0.436300 ms CreateObjectMapping: 0.154500 ms MarkObjects: 4.382200 ms  DeleteObjects: 1.214800 ms)

Prepare: number of updated asset objects reloaded= 0
========================================================================
Received Prepare
Refreshing native plugins compatible for Editor in 0.80 ms, found 3 plugins.
Preloading 0 native plugins for Editor in 0.00 ms.
Unloading 12 Unused Serialized files (Serialized files now loaded: 0)
Unloading 3684 unused Assets / (2.9 MB). Loaded Objects now: 4295.
Memory consumption went from 91.7 MB to 88.7 MB.
Total: 6.770800 ms (FindLiveObjects: 0.442300 ms CreateObjectMapping: 0.175100 ms MarkObjects: 4.384500 ms  DeleteObjects: 1.767700 ms)

Prepare: number of updated asset objects reloaded= 0
========================================================================
Received Prepare
Begin MonoManager ReloadAssembly
[Licensing::Client] Successfully resolved entitlement details
- Loaded All Assemblies, in  0.759 seconds
Refreshing native plugins compatible for Editor in 0.89 ms, found 3 plugins.
Native extension for Android target not found
Native extension for WindowsStandalone target not found
[Package Manager] Failed to launch server process. Reason: Unity was launched with the -noUpm command-line argument
[Package Manager] Unable to send message (not connected to server process).
[Package Manager] Cannot connect to Unity Package Manager local server
Mono: successfully reloaded assembly
- Finished resetting the current domain, in  0.793 seconds
Domain Reload Profiling: 1548ms
	BeginReloadAssembly (241ms)
		ExecutionOrderSort (0ms)
		DisableScriptedObjects (7ms)
		BackupInstance (0ms)
		ReleaseScriptingObjects (0ms)
		CreateAndSetChildDomain (44ms)
	RebuildCommonClasses (43ms)
	RebuildNativeTypeToScriptingClass (15ms)
	initialDomainReloadingComplete (37ms)
	LoadAllAssembliesAndSetupDomain (420ms)
		LoadAssemblies (373ms)
		RebuildTransferFunctionScriptingTraits (0ms)
		AnalyzeDomain (175ms)
			TypeCache.Refresh (11ms)
				TypeCache.ScanAssembly (1ms)
			BuildScriptInfoCaches (153ms)
			ResolveRequiredComponents (6ms)
	FinalizeReload (793ms)
		ReleaseScriptCaches (0ms)
		RebuildScriptCaches (0ms)
		SetupLoadedEditorAssemblies (638ms)
			LogAssemblyErrors (0ms)
			InitializePlatformSupportModulesInManaged (13ms)
			SetLoadedEditorAssemblies (4ms)
			BeforeProcessingInitializeOnLoad (125ms)
			ProcessInitializeOnLoadAttributes (458ms)
			ProcessInitializeOnLoadMethodAttributes (27ms)
			AfterProcessingInitializeOnLoad (9ms)
			EditorAssembliesLoaded (0ms)
		ExecutionOrderSort2 (0ms)
		AwakeInstancesAfterBackupRestoration (21ms)
Refreshing native plugins compatible for Editor in 0.72 ms, found 3 plugins.
Preloading 0 native plugins for Editor in 0.00 ms.
Unloading 12 Unused Serialized files (Serialized files now loaded: 0)
Unloading 3689 unused Assets / (2.8 MB). Loaded Objects now: 4296.
Memory consumption went from 91.5 MB to 88.7 MB.
Total: 6.159000 ms (FindLiveObjects: 0.442600 ms CreateObjectMapping: 0.154100 ms MarkObjects: 4.230700 ms  DeleteObjects: 1.330200 ms)

Prepare: number of updated asset objects reloaded= 0
========================================================================
Received Prepare
Refreshing native plugins compatible for Editor in 0.75 ms, found 3 plugins.
Preloading 0 native plugins for Editor in 0.00 ms.
Unloading 12 Unused Serialized files (Serialized files now loaded: 0)
Unloading 3684 unused Assets / (2.8 MB). Loaded Objects now: 4296.
Memory consumption went from 91.7 MB to 88.9 MB.
Total: 6.062000 ms (FindLiveObjects: 0.420200 ms CreateObjectMapping: 0.156400 ms MarkObjects: 4.235300 ms  DeleteObjects: 1.249500 ms)

Prepare: number of updated asset objects reloaded= 0
========================================================================
Received Prepare
Begin MonoManager ReloadAssembly
- Loaded All Assemblies, in  0.726 seconds
Refreshing native plugins compatible for Editor in 1.67 ms, found 3 plugins.
Native extension for Android target not found
Native extension for WindowsStandalone target not found
[Package Manager] Failed to launch server process. Reason: Unity was launched with the -noUpm command-line argument
[Package Manager] Unable to send message (not connected to server process).
[Package Manager] Cannot connect to Unity Package Manager local server
Mono: successfully reloaded assembly
- Finished resetting the current domain, in  0.791 seconds
Domain Reload Profiling: 1515ms
	BeginReloadAssembly (240ms)
		ExecutionOrderSort (0ms)
		DisableScriptedObjects (7ms)
		BackupInstance (0ms)
		ReleaseScriptingObjects (0ms)
		CreateAndSetChildDomain (43ms)
	RebuildCommonClasses (41ms)
	RebuildNativeTypeToScriptingClass (15ms)
	initialDomainReloadingComplete (34ms)
	LoadAllAssembliesAndSetupDomain (393ms)
		LoadAssemblies (375ms)
		RebuildTransferFunctionScriptingTraits (0ms)
		AnalyzeDomain (158ms)
			TypeCache.Refresh (13ms)
				TypeCache.ScanAssembly (1ms)
			BuildScriptInfoCaches (134ms)
			ResolveRequiredComponents (6ms)
	FinalizeReload (791ms)
		ReleaseScriptCaches (0ms)
		RebuildScriptCaches (0ms)
		SetupLoadedEditorAssemblies (645ms)
			LogAssemblyErrors (0ms)
			InitializePlatformSupportModulesInManaged (12ms)
			SetLoadedEditorAssemblies (6ms)
			BeforeProcessingInitializeOnLoad (116ms)
			ProcessInitializeOnLoadAttributes (458ms)
			ProcessInitializeOnLoadMethodAttributes (44ms)
			AfterProcessingInitializeOnLoad (8ms)
			EditorAssembliesLoaded (0ms)
		ExecutionOrderSort2 (0ms)
		AwakeInstancesAfterBackupRestoration (21ms)
Refreshing native plugins compatible for Editor in 0.70 ms, found 3 plugins.
Preloading 0 native plugins for Editor in 0.00 ms.
Unloading 12 Unused Serialized files (Serialized files now loaded: 0)
Unloading 3689 unused Assets / (2.4 MB). Loaded Objects now: 4297.
Memory consumption went from 91.5 MB to 89.1 MB.
Total: 5.977400 ms (FindLiveObjects: 0.477800 ms CreateObjectMapping: 0.167700 ms MarkObjects: 4.092000 ms  DeleteObjects: 1.238900 ms)

Prepare: number of updated asset objects reloaded= 0
========================================================================
Received Prepare
Refreshing native plugins compatible for Editor in 1.01 ms, found 3 plugins.
Preloading 0 native plugins for Editor in 0.00 ms.
Unloading 12 Unused Serialized files (Serialized files now loaded: 0)
Unloading 3684 unused Assets / (3.0 MB). Loaded Objects now: 4297.
Memory consumption went from 91.7 MB to 88.6 MB.
Total: 7.160300 ms (FindLiveObjects: 0.457900 ms CreateObjectMapping: 0.159600 ms MarkObjects: 4.628400 ms  DeleteObjects: 1.913400 ms)

Prepare: number of updated asset objects reloaded= 0
========================================================================
Received Prepare
Begin MonoManager ReloadAssembly
- Loaded All Assemblies, in  0.726 seconds
Refreshing native plugins compatible for Editor in 0.90 ms, found 3 plugins.
Native extension for Android target not found
Native extension for WindowsStandalone target not found
[Package Manager] Failed to launch server process. Reason: Unity was launched with the -noUpm command-line argument
[Package Manager] Unable to send message (not connected to server process).
[Package Manager] Cannot connect to Unity Package Manager local server
Mono: successfully reloaded assembly
- Finished resetting the current domain, in  0.775 seconds
Domain Reload Profiling: 1500ms
	BeginReloadAssembly (236ms)
		ExecutionOrderSort (0ms)
		DisableScriptedObjects (7ms)
		BackupInstance (0ms)
		ReleaseScriptingObjects (0ms)
		CreateAndSetChildDomain (46ms)
	RebuildCommonClasses (41ms)
	RebuildNativeTypeToScriptingClass (14ms)
	initialDomainReloadingComplete (37ms)
	LoadAllAssembliesAndSetupDomain (396ms)
		LoadAssemblies (358ms)
		RebuildTransferFunctionScriptingTraits (0ms)
		AnalyzeDomain (165ms)
			TypeCache.Refresh (12ms)
				TypeCache.ScanAssembly (1ms)
			BuildScriptInfoCaches (141ms)
			ResolveRequiredComponents (6ms)
	FinalizeReload (776ms)
		ReleaseScriptCaches (0ms)
		RebuildScriptCaches (0ms)
		SetupLoadedEditorAssemblies (628ms)
			LogAssemblyErrors (0ms)
			InitializePlatformSupportModulesInManaged (12ms)
			SetLoadedEditorAssemblies (3ms)
			BeforeProcessingInitializeOnLoad (115ms)
			ProcessInitializeOnLoadAttributes (460ms)
			ProcessInitializeOnLoadMethodAttributes (27ms)
			AfterProcessingInitializeOnLoad (10ms)
			EditorAssembliesLoaded (0ms)
		ExecutionOrderSort2 (0ms)
		AwakeInstancesAfterBackupRestoration (22ms)
Refreshing native plugins compatible for Editor in 1.01 ms, found 3 plugins.
Preloading 0 native plugins for Editor in 0.00 ms.
Unloading 12 Unused Serialized files (Serialized files now loaded: 0)
Unloading 3689 unused Assets / (2.8 MB). Loaded Objects now: 4298.
Memory consumption went from 91.5 MB to 88.7 MB.
Total: 6.559700 ms (FindLiveObjects: 0.823800 ms CreateObjectMapping: 0.267300 ms MarkObjects: 4.249100 ms  DeleteObjects: 1.218900 ms)

Prepare: number of updated asset objects reloaded= 0
========================================================================
Received Prepare
Refreshing native plugins compatible for Editor in 0.84 ms, found 3 plugins.
Preloading 0 native plugins for Editor in 0.00 ms.
Unloading 12 Unused Serialized files (Serialized files now loaded: 0)
Unloading 3684 unused Assets / (1.9 MB). Loaded Objects now: 4298.
Memory consumption went from 91.7 MB to 89.8 MB.
Total: 6.398900 ms (FindLiveObjects: 0.446600 ms CreateObjectMapping: 0.171600 ms MarkObjects: 4.648600 ms  DeleteObjects: 1.131200 ms)

Prepare: number of updated asset objects reloaded= 0
========================================================================
Received Prepare
Refreshing native plugins compatible for Editor in 0.74 ms, found 3 plugins.
Preloading 0 native plugins for Editor in 0.00 ms.
Unloading 12 Unused Serialized files (Serialized files now loaded: 0)
Unloading 3684 unused Assets / (2.6 MB). Loaded Objects now: 4298.
Memory consumption went from 91.7 MB to 89.1 MB.
Total: 6.973400 ms (FindLiveObjects: 0.432100 ms CreateObjectMapping: 0.175400 ms MarkObjects: 5.097000 ms  DeleteObjects: 1.267700 ms)

Prepare: number of updated asset objects reloaded= 0
========================================================================
Received Prepare
Refreshing native plugins compatible for Editor in 0.88 ms, found 3 plugins.
Preloading 0 native plugins for Editor in 0.00 ms.
Unloading 12 Unused Serialized files (Serialized files now loaded: 0)
Unloading 3684 unused Assets / (2.9 MB). Loaded Objects now: 4298.
Memory consumption went from 91.7 MB to 88.8 MB.
Total: 6.223800 ms (FindLiveObjects: 0.445300 ms CreateObjectMapping: 0.165500 ms MarkObjects: 4.311200 ms  DeleteObjects: 1.300800 ms)

Prepare: number of updated asset objects reloaded= 0
========================================================================
Received Prepare
Refreshing native plugins compatible for Editor in 0.82 ms, found 3 plugins.
Preloading 0 native plugins for Editor in 0.00 ms.
Unloading 12 Unused Serialized files (Serialized files now loaded: 0)
Unloading 3684 unused Assets / (2.8 MB). Loaded Objects now: 4298.
Memory consumption went from 91.7 MB to 88.9 MB.
Total: 6.080000 ms (FindLiveObjects: 0.443600 ms CreateObjectMapping: 0.160500 ms MarkObjects: 4.208500 ms  DeleteObjects: 1.266800 ms)

Prepare: number of updated asset objects reloaded= 0
========================================================================
Received Prepare
Refreshing native plugins compatible for Editor in 0.93 ms, found 3 plugins.
Preloading 0 native plugins for Editor in 0.00 ms.
Unloading 12 Unused Serialized files (Serialized files now loaded: 0)
Unloading 3684 unused Assets / (2.9 MB). Loaded Objects now: 4298.
Memory consumption went from 91.7 MB to 88.8 MB.
Total: 6.337700 ms (FindLiveObjects: 0.442100 ms CreateObjectMapping: 0.198900 ms MarkObjects: 4.407900 ms  DeleteObjects: 1.288200 ms)

Prepare: number of updated asset objects reloaded= 0
========================================================================
Received Prepare
Refreshing native plugins compatible for Editor in 0.76 ms, found 3 plugins.
Preloading 0 native plugins for Editor in 0.00 ms.
Unloading 12 Unused Serialized files (Serialized files now loaded: 0)
Unloading 3684 unused Assets / (2.8 MB). Loaded Objects now: 4298.
Memory consumption went from 91.7 MB to 88.9 MB.
Total: 6.243300 ms (FindLiveObjects: 0.435700 ms CreateObjectMapping: 0.155000 ms MarkObjects: 4.218400 ms  DeleteObjects: 1.433300 ms)

Prepare: number of updated asset objects reloaded= 0
========================================================================
Received Prepare
Refreshing native plugins compatible for Editor in 0.89 ms, found 3 plugins.
Preloading 0 native plugins for Editor in 0.00 ms.
Unloading 12 Unused Serialized files (Serialized files now loaded: 0)
Unloading 3684 unused Assets / (2.4 MB). Loaded Objects now: 4298.
Memory consumption went from 91.7 MB to 89.3 MB.
Total: 6.558500 ms (FindLiveObjects: 0.433100 ms CreateObjectMapping: 0.170200 ms MarkObjects: 4.741300 ms  DeleteObjects: 1.213000 ms)

Prepare: number of updated asset objects reloaded= 0
========================================================================
Received Prepare
Begin MonoManager ReloadAssembly
[Licensing::Client] Successfully resolved entitlement details
- Loaded All Assemblies, in  0.477 seconds
Refreshing native plugins compatible for Editor in 0.38 ms, found 3 plugins.
Native extension for Android target not found
Native extension for WindowsStandalone target not found
[Package Manager] Failed to launch server process. Reason: Unity was launched with the -noUpm command-line argument
[Package Manager] Unable to send message (not connected to server process).
[Package Manager] Cannot connect to Unity Package Manager local server
Mono: successfully reloaded assembly
- Finished resetting the current domain, in  0.443 seconds
Domain Reload Profiling: 919ms
	BeginReloadAssembly (158ms)
		ExecutionOrderSort (0ms)
		DisableScriptedObjects (6ms)
		BackupInstance (0ms)
		ReleaseScriptingObjects (0ms)
		CreateAndSetChildDomain (30ms)
	RebuildCommonClasses (25ms)
	RebuildNativeTypeToScriptingClass (9ms)
	initialDomainReloadingComplete (26ms)
	LoadAllAssembliesAndSetupDomain (258ms)
		LoadAssemblies (241ms)
		RebuildTransferFunctionScriptingTraits (0ms)
		AnalyzeDomain (99ms)
			TypeCache.Refresh (6ms)
				TypeCache.ScanAssembly (1ms)
			BuildScriptInfoCaches (86ms)
			ResolveRequiredComponents (3ms)
	FinalizeReload (443ms)
		ReleaseScriptCaches (0ms)
		RebuildScriptCaches (0ms)
		SetupLoadedEditorAssemblies (359ms)
			LogAssemblyErrors (0ms)
			InitializePlatformSupportModulesInManaged (8ms)
			SetLoadedEditorAssemblies (3ms)
			BeforeProcessingInitializeOnLoad (56ms)
			ProcessInitializeOnLoadAttributes (272ms)
			ProcessInitializeOnLoadMethodAttributes (16ms)
			AfterProcessingInitializeOnLoad (4ms)
			EditorAssembliesLoaded (0ms)
		ExecutionOrderSort2 (0ms)
		AwakeInstancesAfterBackupRestoration (11ms)
Refreshing native plugins compatible for Editor in 0.60 ms, found 3 plugins.
Preloading 0 native plugins for Editor in 0.00 ms.
Unloading 12 Unused Serialized files (Serialized files now loaded: 0)
Unloading 3689 unused Assets / (3.0 MB). Loaded Objects now: 4299.
Memory consumption went from 91.5 MB to 88.6 MB.
Total: 4.119000 ms (FindLiveObjects: 0.227700 ms CreateObjectMapping: 0.104600 ms MarkObjects: 2.913300 ms  DeleteObjects: 0.872400 ms)

Prepare: number of updated asset objects reloaded= 0
========================================================================
Received Import Request.
  Time since last request: 6675.688643 seconds.
  path: Assets/Animator/FilpFileAni.controller
  artifactKey: Guid(176f2fc0798b25c488f0f9d165b63769) Importer(815301076,1909f56bfc062723c751e8b465ee728b)
Start importing Assets/Animator/FilpFileAni.controller using Guid(176f2fc0798b25c488f0f9d165b63769) Importer(815301076,1909f56bfc062723c751e8b465ee728b) (PreviewImporter) -> (artifact id: 'b9f11c832626abe70a8bcead3de5c6db') in 0.9357682 seconds
Number of updated asset objects reloaded before import = 0Number of asset objects unloaded after import = 10

========================================================================
Received Import Request.
  Time since last request: 3.386399 seconds.
  path: Assets/Animator/LoadingNoteAni-ferris wheel.anim
  artifactKey: Guid(47a976c7852c9c1419c8fb4f1fd0188b) Importer(815301076,1909f56bfc062723c751e8b465ee728b)
Start importing Assets/Animator/LoadingNoteAni-ferris wheel.anim using Guid(47a976c7852c9c1419c8fb4f1fd0188b) Importer(815301076,1909f56bfc062723c751e8b465ee728b) (PreviewImporter) -> (artifact id: '6731bca19aa25012845eb74e8a811c72') in 0.0018581 seconds
Number of updated asset objects reloaded before import = 0Number of asset objects unloaded after import = 1

========================================================================
Received Prepare
Refreshing native plugins compatible for Editor in 0.82 ms, found 3 plugins.
Preloading 0 native plugins for Editor in 0.00 ms.
Unloading 12 Unused Serialized files (Serialized files now loaded: 0)
Unloading 3684 unused Assets / (2.8 MB). Loaded Objects now: 4299.
Memory consumption went from 91.7 MB to 88.9 MB.
Total: 7.649400 ms (FindLiveObjects: 0.448200 ms CreateObjectMapping: 0.179900 ms MarkObjects: 5.356200 ms  DeleteObjects: 1.663700 ms)

Prepare: number of updated asset objects reloaded= 0
========================================================================
Received Prepare
Begin MonoManager ReloadAssembly
[Licensing::Client] Successfully resolved entitlement details
- Loaded All Assemblies, in  0.723 seconds
Refreshing native plugins compatible for Editor in 1.27 ms, found 3 plugins.
Native extension for Android target not found
Native extension for WindowsStandalone target not found
[Package Manager] Failed to launch server process. Reason: Unity was launched with the -noUpm command-line argument
[Package Manager] Unable to send message (not connected to server process).
[Package Manager] Cannot connect to Unity Package Manager local server
Mono: successfully reloaded assembly
- Finished resetting the current domain, in  0.779 seconds
Domain Reload Profiling: 1501ms
	BeginReloadAssembly (258ms)
		ExecutionOrderSort (0ms)
		DisableScriptedObjects (7ms)
		BackupInstance (0ms)
		ReleaseScriptingObjects (0ms)
		CreateAndSetChildDomain (66ms)
	RebuildCommonClasses (42ms)
	RebuildNativeTypeToScriptingClass (14ms)
	initialDomainReloadingComplete (31ms)
	LoadAllAssembliesAndSetupDomain (376ms)
		LoadAssemblies (350ms)
		RebuildTransferFunctionScriptingTraits (0ms)
		AnalyzeDomain (156ms)
			TypeCache.Refresh (10ms)
				TypeCache.ScanAssembly (1ms)
			BuildScriptInfoCaches (136ms)
			ResolveRequiredComponents (6ms)
	FinalizeReload (779ms)
		ReleaseScriptCaches (0ms)
		RebuildScriptCaches (0ms)
		SetupLoadedEditorAssemblies (628ms)
			LogAssemblyErrors (0ms)
			InitializePlatformSupportModulesInManaged (13ms)
			SetLoadedEditorAssemblies (5ms)
			BeforeProcessingInitializeOnLoad (113ms)
			ProcessInitializeOnLoadAttributes (463ms)
			ProcessInitializeOnLoadMethodAttributes (27ms)
			AfterProcessingInitializeOnLoad (7ms)
			EditorAssembliesLoaded (0ms)
		ExecutionOrderSort2 (0ms)
		AwakeInstancesAfterBackupRestoration (19ms)
Refreshing native plugins compatible for Editor in 1.03 ms, found 3 plugins.
Preloading 0 native plugins for Editor in 0.00 ms.
Unloading 12 Unused Serialized files (Serialized files now loaded: 0)
Unloading 3689 unused Assets / (2.5 MB). Loaded Objects now: 4300.
Memory consumption went from 91.5 MB to 89.0 MB.
Total: 7.246400 ms (FindLiveObjects: 0.503200 ms CreateObjectMapping: 0.445900 ms MarkObjects: 4.922800 ms  DeleteObjects: 1.373100 ms)

Prepare: number of updated asset objects reloaded= 0
========================================================================
Received Prepare
Refreshing native plugins compatible for Editor in 0.82 ms, found 3 plugins.
Preloading 0 native plugins for Editor in 0.00 ms.
Unloading 12 Unused Serialized files (Serialized files now loaded: 0)
Unloading 3684 unused Assets / (3.0 MB). Loaded Objects now: 4300.
Memory consumption went from 91.7 MB to 88.7 MB.
Total: 6.133000 ms (FindLiveObjects: 0.508900 ms CreateObjectMapping: 0.197700 ms MarkObjects: 4.068600 ms  DeleteObjects: 1.356300 ms)

Prepare: number of updated asset objects reloaded= 0
========================================================================
Received Import Request.
  Time since last request: 211.244208 seconds.
  path: Assets/Animator/CheckClueScene_ManToilet/NoteBtn.controller
  artifactKey: Guid(209ca7bd5be106d48bffbb30b826bc9b) Importer(815301076,1909f56bfc062723c751e8b465ee728b)
Start importing Assets/Animator/CheckClueScene_ManToilet/NoteBtn.controller using Guid(209ca7bd5be106d48bffbb30b826bc9b) Importer(815301076,1909f56bfc062723c751e8b465ee728b) (PreviewImporter) -> (artifact id: '1ebb04aa466b2bdcc5c8232f91c6a891') in 0.0443166 seconds
Number of updated asset objects reloaded before import = 0Number of asset objects unloaded after import = 8

========================================================================
Received Prepare
Refreshing native plugins compatible for Editor in 0.95 ms, found 3 plugins.
Preloading 0 native plugins for Editor in 0.00 ms.
Unloading 12 Unused Serialized files (Serialized files now loaded: 0)
Unloading 3684 unused Assets / (2.9 MB). Loaded Objects now: 4300.
Memory consumption went from 91.7 MB to 88.9 MB.
Total: 7.498700 ms (FindLiveObjects: 0.637600 ms CreateObjectMapping: 0.326800 ms MarkObjects: 5.029300 ms  DeleteObjects: 1.504000 ms)

Prepare: number of updated asset objects reloaded= 0
========================================================================
Received Prepare
Begin MonoManager ReloadAssembly
[Licensing::Client] Successfully resolved entitlement details
- Loaded All Assemblies, in  0.716 seconds
Refreshing native plugins compatible for Editor in 0.59 ms, found 3 plugins.
Native extension for Android target not found
Native extension for WindowsStandalone target not found
[Package Manager] Failed to launch server process. Reason: Unity was launched with the -noUpm command-line argument
[Package Manager] Unable to send message (not connected to server process).
[Package Manager] Cannot connect to Unity Package Manager local server
Mono: successfully reloaded assembly
- Finished resetting the current domain, in  0.762 seconds
Domain Reload Profiling: 1478ms
	BeginReloadAssembly (240ms)
		ExecutionOrderSort (0ms)
		DisableScriptedObjects (8ms)
		BackupInstance (0ms)
		ReleaseScriptingObjects (0ms)
		CreateAndSetChildDomain (55ms)
	RebuildCommonClasses (44ms)
	RebuildNativeTypeToScriptingClass (15ms)
	initialDomainReloadingComplete (33ms)
	LoadAllAssembliesAndSetupDomain (383ms)
		LoadAssemblies (348ms)
		RebuildTransferFunctionScriptingTraits (0ms)
		AnalyzeDomain (159ms)
			TypeCache.Refresh (11ms)
				TypeCache.ScanAssembly (1ms)
			BuildScriptInfoCaches (138ms)
			ResolveRequiredComponents (6ms)
	FinalizeReload (763ms)
		ReleaseScriptCaches (0ms)
		RebuildScriptCaches (0ms)
		SetupLoadedEditorAssemblies (619ms)
			LogAssemblyErrors (0ms)
			InitializePlatformSupportModulesInManaged (15ms)
			SetLoadedEditorAssemblies (4ms)
			BeforeProcessingInitializeOnLoad (117ms)
			ProcessInitializeOnLoadAttributes (446ms)
			ProcessInitializeOnLoadMethodAttributes (28ms)
			AfterProcessingInitializeOnLoad (8ms)
			EditorAssembliesLoaded (0ms)
		ExecutionOrderSort2 (0ms)
		AwakeInstancesAfterBackupRestoration (21ms)
Refreshing native plugins compatible for Editor in 0.79 ms, found 3 plugins.
Preloading 0 native plugins for Editor in 0.00 ms.
Unloading 12 Unused Serialized files (Serialized files now loaded: 0)
Unloading 3689 unused Assets / (2.1 MB). Loaded Objects now: 4301.
Memory consumption went from 91.5 MB to 89.4 MB.
Total: 6.055300 ms (FindLiveObjects: 0.447400 ms CreateObjectMapping: 0.155600 ms MarkObjects: 4.313900 ms  DeleteObjects: 1.137600 ms)

Prepare: number of updated asset objects reloaded= 0
========================================================================
Received Prepare
Refreshing native plugins compatible for Editor in 0.79 ms, found 3 plugins.
Preloading 0 native plugins for Editor in 0.00 ms.
Unloading 12 Unused Serialized files (Serialized files now loaded: 0)
Unloading 3684 unused Assets / (2.8 MB). Loaded Objects now: 4301.
Memory consumption went from 91.7 MB to 88.9 MB.
Total: 5.958600 ms (FindLiveObjects: 0.420700 ms CreateObjectMapping: 0.152500 ms MarkObjects: 4.206700 ms  DeleteObjects: 1.178000 ms)

Prepare: number of updated asset objects reloaded= 0
========================================================================
Received Prepare
Begin MonoManager ReloadAssembly
- Loaded All Assemblies, in  0.705 seconds
Refreshing native plugins compatible for Editor in 0.82 ms, found 3 plugins.
Native extension for Android target not found
Native extension for WindowsStandalone target not found
[Package Manager] Failed to launch server process. Reason: Unity was launched with the -noUpm command-line argument
[Package Manager] Unable to send message (not connected to server process).
[Package Manager] Cannot connect to Unity Package Manager local server
Mono: successfully reloaded assembly
- Finished resetting the current domain, in  0.753 seconds
Domain Reload Profiling: 1456ms
	BeginReloadAssembly (229ms)
		ExecutionOrderSort (0ms)
		DisableScriptedObjects (7ms)
		BackupInstance (0ms)
		ReleaseScriptingObjects (0ms)
		CreateAndSetChildDomain (44ms)
	RebuildCommonClasses (41ms)
	RebuildNativeTypeToScriptingClass (14ms)
	initialDomainReloadingComplete (39ms)
	LoadAllAssembliesAndSetupDomain (379ms)
		LoadAssemblies (347ms)
		RebuildTransferFunctionScriptingTraits (0ms)
		AnalyzeDomain (158ms)
			TypeCache.Refresh (11ms)
				TypeCache.ScanAssembly (1ms)
			BuildScriptInfoCaches (136ms)
			ResolveRequiredComponents (6ms)
	FinalizeReload (753ms)
		ReleaseScriptCaches (0ms)
		RebuildScriptCaches (0ms)
		SetupLoadedEditorAssemblies (608ms)
			LogAssemblyErrors (0ms)
			InitializePlatformSupportModulesInManaged (14ms)
			SetLoadedEditorAssemblies (4ms)
			BeforeProcessingInitializeOnLoad (106ms)
			ProcessInitializeOnLoadAttributes (449ms)
			ProcessInitializeOnLoadMethodAttributes (27ms)
			AfterProcessingInitializeOnLoad (8ms)
			EditorAssembliesLoaded (0ms)
		ExecutionOrderSort2 (0ms)
		AwakeInstancesAfterBackupRestoration (19ms)
Refreshing native plugins compatible for Editor in 0.72 ms, found 3 plugins.
Preloading 0 native plugins for Editor in 0.00 ms.
Unloading 12 Unused Serialized files (Serialized files now loaded: 0)
Unloading 3689 unused Assets / (2.8 MB). Loaded Objects now: 4302.
Memory consumption went from 91.5 MB to 88.7 MB.
Total: 6.119200 ms (FindLiveObjects: 0.426300 ms CreateObjectMapping: 0.160100 ms MarkObjects: 4.196000 ms  DeleteObjects: 1.336300 ms)

Prepare: number of updated asset objects reloaded= 0
========================================================================
Received Prepare
Refreshing native plugins compatible for Editor in 0.86 ms, found 3 plugins.
Preloading 0 native plugins for Editor in 0.00 ms.
Unloading 12 Unused Serialized files (Serialized files now loaded: 0)
Unloading 3684 unused Assets / (2.8 MB). Loaded Objects now: 4302.
Memory consumption went from 91.7 MB to 88.9 MB.
Total: 6.268900 ms (FindLiveObjects: 0.432400 ms CreateObjectMapping: 0.158400 ms MarkObjects: 4.438500 ms  DeleteObjects: 1.238900 ms)

Prepare: number of updated asset objects reloaded= 0
========================================================================
Received Prepare
Begin MonoManager ReloadAssembly
- Loaded All Assemblies, in  0.717 seconds
Refreshing native plugins compatible for Editor in 0.95 ms, found 3 plugins.
Native extension for Android target not found
Native extension for WindowsStandalone target not found
[Package Manager] Failed to launch server process. Reason: Unity was launched with the -noUpm command-line argument
[Package Manager] Unable to send message (not connected to server process).
[Package Manager] Cannot connect to Unity Package Manager local server
Mono: successfully reloaded assembly
- Finished resetting the current domain, in  0.799 seconds
Domain Reload Profiling: 1516ms
	BeginReloadAssembly (236ms)
		ExecutionOrderSort (0ms)
		DisableScriptedObjects (7ms)
		BackupInstance (0ms)
		ReleaseScriptingObjects (0ms)
		CreateAndSetChildDomain (44ms)
	RebuildCommonClasses (42ms)
	RebuildNativeTypeToScriptingClass (14ms)
	initialDomainReloadingComplete (33ms)
	LoadAllAssembliesAndSetupDomain (390ms)
		LoadAssemblies (369ms)
		RebuildTransferFunctionScriptingTraits (0ms)
		AnalyzeDomain (158ms)
			TypeCache.Refresh (12ms)
				TypeCache.ScanAssembly (2ms)
			BuildScriptInfoCaches (135ms)
			ResolveRequiredComponents (6ms)
	FinalizeReload (800ms)
		ReleaseScriptCaches (0ms)
		RebuildScriptCaches (0ms)
		SetupLoadedEditorAssemblies (645ms)
			LogAssemblyErrors (0ms)
			InitializePlatformSupportModulesInManaged (16ms)
			SetLoadedEditorAssemblies (5ms)
			BeforeProcessingInitializeOnLoad (114ms)
			ProcessInitializeOnLoadAttributes (470ms)
			ProcessInitializeOnLoadMethodAttributes (27ms)
			AfterProcessingInitializeOnLoad (14ms)
			EditorAssembliesLoaded (0ms)
		ExecutionOrderSort2 (0ms)
		AwakeInstancesAfterBackupRestoration (21ms)
Refreshing native plugins compatible for Editor in 0.81 ms, found 3 plugins.
Preloading 0 native plugins for Editor in 0.00 ms.
Unloading 12 Unused Serialized files (Serialized files now loaded: 0)
Unloading 3689 unused Assets / (2.8 MB). Loaded Objects now: 4303.
Memory consumption went from 91.5 MB to 88.7 MB.
Total: 6.062800 ms (FindLiveObjects: 0.438000 ms CreateObjectMapping: 0.159900 ms MarkObjects: 4.178000 ms  DeleteObjects: 1.286100 ms)

Prepare: number of updated asset objects reloaded= 0
========================================================================
Received Prepare
Refreshing native plugins compatible for Editor in 0.76 ms, found 3 plugins.
Preloading 0 native plugins for Editor in 0.00 ms.
Unloading 12 Unused Serialized files (Serialized files now loaded: 0)
Unloading 3684 unused Assets / (2.9 MB). Loaded Objects now: 4303.
Memory consumption went from 91.7 MB to 88.8 MB.
Total: 6.910100 ms (FindLiveObjects: 0.672900 ms CreateObjectMapping: 0.234200 ms MarkObjects: 4.640900 ms  DeleteObjects: 1.360800 ms)

Prepare: number of updated asset objects reloaded= 0
========================================================================
Received Prepare
Begin MonoManager ReloadAssembly
- Loaded All Assemblies, in  0.918 seconds
Refreshing native plugins compatible for Editor in 3.85 ms, found 3 plugins.
Native extension for Android target not found
Native extension for WindowsStandalone target not found
[Package Manager] Failed to launch server process. Reason: Unity was launched with the -noUpm command-line argument
[Package Manager] Unable to send message (not connected to server process).
[Package Manager] Cannot connect to Unity Package Manager local server
Mono: successfully reloaded assembly
- Finished resetting the current domain, in  1.028 seconds
Domain Reload Profiling: 1946ms
	BeginReloadAssembly (334ms)
		ExecutionOrderSort (0ms)
		DisableScriptedObjects (8ms)
		BackupInstance (0ms)
		ReleaseScriptingObjects (0ms)
		CreateAndSetChildDomain (67ms)
	RebuildCommonClasses (45ms)
	RebuildNativeTypeToScriptingClass (26ms)
	initialDomainReloadingComplete (40ms)
	LoadAllAssembliesAndSetupDomain (472ms)
		LoadAssemblies (432ms)
		RebuildTransferFunctionScriptingTraits (0ms)
		AnalyzeDomain (209ms)
			TypeCache.Refresh (11ms)
				TypeCache.ScanAssembly (1ms)
			BuildScriptInfoCaches (182ms)
			ResolveRequiredComponents (11ms)
	FinalizeReload (1028ms)
		ReleaseScriptCaches (0ms)
		RebuildScriptCaches (0ms)
		SetupLoadedEditorAssemblies (840ms)
			LogAssemblyErrors (0ms)
			InitializePlatformSupportModulesInManaged (15ms)
			SetLoadedEditorAssemblies (6ms)
			BeforeProcessingInitializeOnLoad (271ms)
			ProcessInitializeOnLoadAttributes (512ms)
			ProcessInitializeOnLoadMethodAttributes (29ms)
			AfterProcessingInitializeOnLoad (8ms)
			EditorAssembliesLoaded (0ms)
		ExecutionOrderSort2 (0ms)
		AwakeInstancesAfterBackupRestoration (22ms)
Refreshing native plugins compatible for Editor in 0.76 ms, found 3 plugins.
Preloading 0 native plugins for Editor in 0.00 ms.
Unloading 12 Unused Serialized files (Serialized files now loaded: 0)
Unloading 3689 unused Assets / (2.8 MB). Loaded Objects now: 4304.
Memory consumption went from 91.5 MB to 88.7 MB.
Total: 6.507900 ms (FindLiveObjects: 0.425000 ms CreateObjectMapping: 0.154300 ms MarkObjects: 4.665100 ms  DeleteObjects: 1.262700 ms)

Prepare: number of updated asset objects reloaded= 0
========================================================================
Received Prepare
Refreshing native plugins compatible for Editor in 0.87 ms, found 3 plugins.
Preloading 0 native plugins for Editor in 0.00 ms.
Unloading 12 Unused Serialized files (Serialized files now loaded: 0)
Unloading 3684 unused Assets / (2.9 MB). Loaded Objects now: 4304.
Memory consumption went from 91.7 MB to 88.8 MB.
Total: 7.344100 ms (FindLiveObjects: 0.561500 ms CreateObjectMapping: 0.186800 ms MarkObjects: 5.120600 ms  DeleteObjects: 1.474400 ms)

Prepare: number of updated asset objects reloaded= 0
========================================================================
Received Prepare
Refreshing native plugins compatible for Editor in 0.74 ms, found 3 plugins.
Preloading 0 native plugins for Editor in 0.00 ms.
Unloading 12 Unused Serialized files (Serialized files now loaded: 0)
Unloading 3684 unused Assets / (2.8 MB). Loaded Objects now: 4304.
Memory consumption went from 91.7 MB to 88.9 MB.
Total: 6.338000 ms (FindLiveObjects: 0.421400 ms CreateObjectMapping: 0.162600 ms MarkObjects: 4.509300 ms  DeleteObjects: 1.244000 ms)

Prepare: number of updated asset objects reloaded= 0
========================================================================
Received Prepare
Refreshing native plugins compatible for Editor in 0.73 ms, found 3 plugins.
Preloading 0 native plugins for Editor in 0.00 ms.
Unloading 12 Unused Serialized files (Serialized files now loaded: 0)
Unloading 3684 unused Assets / (2.7 MB). Loaded Objects now: 4304.
Memory consumption went from 91.7 MB to 89.0 MB.
Total: 6.417900 ms (FindLiveObjects: 0.440000 ms CreateObjectMapping: 0.159600 ms MarkObjects: 4.604400 ms  DeleteObjects: 1.213100 ms)

Prepare: number of updated asset objects reloaded= 0
========================================================================
Received Prepare
Begin MonoManager ReloadAssembly
[Licensing::Client] Successfully resolved entitlement details
- Loaded All Assemblies, in  0.725 seconds
Refreshing native plugins compatible for Editor in 1.23 ms, found 3 plugins.
Native extension for Android target not found
Native extension for WindowsStandalone target not found
[Package Manager] Failed to launch server process. Reason: Unity was launched with the -noUpm command-line argument
[Package Manager] Unable to send message (not connected to server process).
[Package Manager] Cannot connect to Unity Package Manager local server
Mono: successfully reloaded assembly
- Finished resetting the current domain, in  0.789 seconds
Domain Reload Profiling: 1513ms
	BeginReloadAssembly (239ms)
		ExecutionOrderSort (0ms)
		DisableScriptedObjects (8ms)
		BackupInstance (0ms)
		ReleaseScriptingObjects (0ms)
		CreateAndSetChildDomain (47ms)
	RebuildCommonClasses (43ms)
	RebuildNativeTypeToScriptingClass (14ms)
	initialDomainReloadingComplete (34ms)
	LoadAllAssembliesAndSetupDomain (393ms)
		LoadAssemblies (355ms)
		RebuildTransferFunctionScriptingTraits (0ms)
		AnalyzeDomain (167ms)
			TypeCache.Refresh (10ms)
				TypeCache.ScanAssembly (1ms)
			BuildScriptInfoCaches (145ms)
			ResolveRequiredComponents (6ms)
	FinalizeReload (790ms)
		ReleaseScriptCaches (0ms)
		RebuildScriptCaches (0ms)
		SetupLoadedEditorAssemblies (637ms)
			LogAssemblyErrors (0ms)
			InitializePlatformSupportModulesInManaged (16ms)
			SetLoadedEditorAssemblies (5ms)
			BeforeProcessingInitializeOnLoad (113ms)
			ProcessInitializeOnLoadAttributes (466ms)
			ProcessInitializeOnLoadMethodAttributes (27ms)
			AfterProcessingInitializeOnLoad (10ms)
			EditorAssembliesLoaded (0ms)
		ExecutionOrderSort2 (0ms)
		AwakeInstancesAfterBackupRestoration (26ms)
Refreshing native plugins compatible for Editor in 0.87 ms, found 3 plugins.
Preloading 0 native plugins for Editor in 0.00 ms.
Unloading 12 Unused Serialized files (Serialized files now loaded: 0)
Unloading 3689 unused Assets / (2.8 MB). Loaded Objects now: 4305.
Memory consumption went from 91.5 MB to 88.8 MB.
Total: 6.434100 ms (FindLiveObjects: 0.452600 ms CreateObjectMapping: 0.198600 ms MarkObjects: 4.497100 ms  DeleteObjects: 1.284800 ms)

Prepare: number of updated asset objects reloaded= 0
========================================================================
Received Prepare
Refreshing native plugins compatible for Editor in 0.69 ms, found 3 plugins.
Preloading 0 native plugins for Editor in 0.00 ms.
Unloading 12 Unused Serialized files (Serialized files now loaded: 0)
Unloading 3684 unused Assets / (2.8 MB). Loaded Objects now: 4305.
Memory consumption went from 91.7 MB to 88.9 MB.
Total: 6.144300 ms (FindLiveObjects: 0.423500 ms CreateObjectMapping: 0.160500 ms MarkObjects: 4.334000 ms  DeleteObjects: 1.225600 ms)

Prepare: number of updated asset objects reloaded= 0
========================================================================
Received Prepare
Begin MonoManager ReloadAssembly
- Loaded All Assemblies, in  0.723 seconds
Refreshing native plugins compatible for Editor in 1.44 ms, found 3 plugins.
Native extension for Android target not found
Native extension for WindowsStandalone target not found
[Package Manager] Failed to launch server process. Reason: Unity was launched with the -noUpm command-line argument
[Package Manager] Unable to send message (not connected to server process).
[Package Manager] Cannot connect to Unity Package Manager local server
Mono: successfully reloaded assembly
- Finished resetting the current domain, in  0.768 seconds
Domain Reload Profiling: 1491ms
	BeginReloadAssembly (241ms)
		ExecutionOrderSort (0ms)
		DisableScriptedObjects (8ms)
		BackupInstance (0ms)
		ReleaseScriptingObjects (0ms)
		CreateAndSetChildDomain (49ms)
	RebuildCommonClasses (46ms)
	RebuildNativeTypeToScriptingClass (14ms)
	initialDomainReloadingComplete (35ms)
	LoadAllAssembliesAndSetupDomain (385ms)
		LoadAssemblies (356ms)
		RebuildTransferFunctionScriptingTraits (0ms)
		AnalyzeDomain (159ms)
			TypeCache.Refresh (10ms)
				TypeCache.ScanAssembly (1ms)
			BuildScriptInfoCaches (138ms)
			ResolveRequiredComponents (6ms)
	FinalizeReload (769ms)
		ReleaseScriptCaches (0ms)
		RebuildScriptCaches (0ms)
		SetupLoadedEditorAssemblies (619ms)
			LogAssemblyErrors (0ms)
			InitializePlatformSupportModulesInManaged (12ms)
			SetLoadedEditorAssemblies (5ms)
			BeforeProcessingInitializeOnLoad (116ms)
			ProcessInitializeOnLoadAttributes (449ms)
			ProcessInitializeOnLoadMethodAttributes (29ms)
			AfterProcessingInitializeOnLoad (8ms)
			EditorAssembliesLoaded (0ms)
		ExecutionOrderSort2 (0ms)
		AwakeInstancesAfterBackupRestoration (21ms)
Refreshing native plugins compatible for Editor in 0.77 ms, found 3 plugins.
Preloading 0 native plugins for Editor in 0.00 ms.
Unloading 12 Unused Serialized files (Serialized files now loaded: 0)
Unloading 3689 unused Assets / (2.8 MB). Loaded Objects now: 4306.
Memory consumption went from 91.5 MB to 88.7 MB.
Total: 6.507300 ms (FindLiveObjects: 0.433000 ms CreateObjectMapping: 0.180900 ms MarkObjects: 4.612400 ms  DeleteObjects: 1.279900 ms)

Prepare: number of updated asset objects reloaded= 0
========================================================================
Received Prepare
Refreshing native plugins compatible for Editor in 0.77 ms, found 3 plugins.
Preloading 0 native plugins for Editor in 0.00 ms.
Unloading 12 Unused Serialized files (Serialized files now loaded: 0)
Unloading 3684 unused Assets / (2.8 MB). Loaded Objects now: 4306.
Memory consumption went from 91.7 MB to 88.9 MB.
Total: 6.526300 ms (FindLiveObjects: 0.448500 ms CreateObjectMapping: 0.170700 ms MarkObjects: 4.676300 ms  DeleteObjects: 1.229800 ms)

Prepare: number of updated asset objects reloaded= 0
========================================================================
Received Prepare
Begin MonoManager ReloadAssembly
- Loaded All Assemblies, in  0.705 seconds
Refreshing native plugins compatible for Editor in 0.66 ms, found 3 plugins.
Native extension for Android target not found
Native extension for WindowsStandalone target not found
[Package Manager] Failed to launch server process. Reason: Unity was launched with the -noUpm command-line argument
[Package Manager] Unable to send message (not connected to server process).
[Package Manager] Cannot connect to Unity Package Manager local server
Mono: successfully reloaded assembly
- Finished resetting the current domain, in  0.751 seconds
Domain Reload Profiling: 1455ms
	BeginReloadAssembly (230ms)
		ExecutionOrderSort (0ms)
		DisableScriptedObjects (7ms)
		BackupInstance (0ms)
		ReleaseScriptingObjects (0ms)
		CreateAndSetChildDomain (50ms)
	RebuildCommonClasses (41ms)
	RebuildNativeTypeToScriptingClass (14ms)
	initialDomainReloadingComplete (33ms)
	LoadAllAssembliesAndSetupDomain (386ms)
		LoadAssemblies (344ms)
		RebuildTransferFunctionScriptingTraits (0ms)
		AnalyzeDomain (165ms)
			TypeCache.Refresh (11ms)
				TypeCache.ScanAssembly (1ms)
			BuildScriptInfoCaches (143ms)
			ResolveRequiredComponents (6ms)
	FinalizeReload (751ms)
		ReleaseScriptCaches (0ms)
		RebuildScriptCaches (0ms)
		SetupLoadedEditorAssemblies (607ms)
			LogAssemblyErrors (0ms)
			InitializePlatformSupportModulesInManaged (12ms)
			SetLoadedEditorAssemblies (4ms)
			BeforeProcessingInitializeOnLoad (111ms)
			ProcessInitializeOnLoadAttributes (443ms)
			ProcessInitializeOnLoadMethodAttributes (27ms)
			AfterProcessingInitializeOnLoad (9ms)
			EditorAssembliesLoaded (0ms)
		ExecutionOrderSort2 (0ms)
		AwakeInstancesAfterBackupRestoration (20ms)
Refreshing native plugins compatible for Editor in 0.75 ms, found 3 plugins.
Preloading 0 native plugins for Editor in 0.00 ms.
Unloading 12 Unused Serialized files (Serialized files now loaded: 0)
Unloading 3689 unused Assets / (2.9 MB). Loaded Objects now: 4307.
Memory consumption went from 91.5 MB to 88.7 MB.
Total: 6.361100 ms (FindLiveObjects: 0.440600 ms CreateObjectMapping: 0.166900 ms MarkObjects: 4.448600 ms  DeleteObjects: 1.304400 ms)

Prepare: number of updated asset objects reloaded= 0
========================================================================
Received Prepare
Refreshing native plugins compatible for Editor in 1.06 ms, found 3 plugins.
Preloading 0 native plugins for Editor in 0.00 ms.
Unloading 12 Unused Serialized files (Serialized files now loaded: 0)
Unloading 3684 unused Assets / (2.8 MB). Loaded Objects now: 4307.
Memory consumption went from 91.7 MB to 88.9 MB.
Total: 7.004600 ms (FindLiveObjects: 0.425500 ms CreateObjectMapping: 0.196400 ms MarkObjects: 5.068200 ms  DeleteObjects: 1.313900 ms)

Prepare: number of updated asset objects reloaded= 0
========================================================================
Received Prepare
Begin MonoManager ReloadAssembly
[Licensing::Client] Successfully resolved entitlement details
- Loaded All Assemblies, in  0.763 seconds
Refreshing native plugins compatible for Editor in 1.21 ms, found 3 plugins.
Native extension for Android target not found
Native extension for WindowsStandalone target not found
[Package Manager] Failed to launch server process. Reason: Unity was launched with the -noUpm command-line argument
[Package Manager] Unable to send message (not connected to server process).
[Package Manager] Cannot connect to Unity Package Manager local server
Mono: successfully reloaded assembly
- Finished resetting the current domain, in  0.785 seconds
Domain Reload Profiling: 1546ms
	BeginReloadAssembly (248ms)
		ExecutionOrderSort (0ms)
		DisableScriptedObjects (8ms)
		BackupInstance (0ms)
		ReleaseScriptingObjects (0ms)
		CreateAndSetChildDomain (46ms)
	RebuildCommonClasses (42ms)
	RebuildNativeTypeToScriptingClass (15ms)
	initialDomainReloadingComplete (34ms)
	LoadAllAssembliesAndSetupDomain (422ms)
		LoadAssemblies (390ms)
		RebuildTransferFunctionScriptingTraits (0ms)
		AnalyzeDomain (171ms)
			TypeCache.Refresh (12ms)
				TypeCache.ScanAssembly (1ms)
			BuildScriptInfoCaches (147ms)
			ResolveRequiredComponents (6ms)
	FinalizeReload (785ms)
		ReleaseScriptCaches (0ms)
		RebuildScriptCaches (0ms)
		SetupLoadedEditorAssemblies (634ms)
			LogAssemblyErrors (0ms)
			InitializePlatformSupportModulesInManaged (13ms)
			SetLoadedEditorAssemblies (5ms)
			BeforeProcessingInitializeOnLoad (105ms)
			ProcessInitializeOnLoadAttributes (475ms)
			ProcessInitializeOnLoadMethodAttributes (28ms)
			AfterProcessingInitializeOnLoad (8ms)
			EditorAssembliesLoaded (0ms)
		ExecutionOrderSort2 (0ms)
		AwakeInstancesAfterBackupRestoration (20ms)
Refreshing native plugins compatible for Editor in 0.70 ms, found 3 plugins.
Preloading 0 native plugins for Editor in 0.00 ms.
Unloading 12 Unused Serialized files (Serialized files now loaded: 0)
Unloading 3689 unused Assets / (2.8 MB). Loaded Objects now: 4308.
Memory consumption went from 91.5 MB to 88.7 MB.
Total: 6.766100 ms (FindLiveObjects: 0.420200 ms CreateObjectMapping: 0.152100 ms MarkObjects: 4.891600 ms  DeleteObjects: 1.301600 ms)

Prepare: number of updated asset objects reloaded= 0
========================================================================
Received Prepare
Refreshing native plugins compatible for Editor in 0.85 ms, found 3 plugins.
Preloading 0 native plugins for Editor in 0.00 ms.
Unloading 12 Unused Serialized files (Serialized files now loaded: 0)
Unloading 3684 unused Assets / (2.8 MB). Loaded Objects now: 4308.
Memory consumption went from 91.7 MB to 88.9 MB.
Total: 5.998900 ms (FindLiveObjects: 0.424700 ms CreateObjectMapping: 0.174700 ms MarkObjects: 4.240500 ms  DeleteObjects: 1.158400 ms)

Prepare: number of updated asset objects reloaded= 0
========================================================================
Received Prepare
Begin MonoManager ReloadAssembly
- Loaded All Assemblies, in  0.708 seconds
Refreshing native plugins compatible for Editor in 1.09 ms, found 3 plugins.
Native extension for Android target not found
Native extension for WindowsStandalone target not found
[Package Manager] Failed to launch server process. Reason: Unity was launched with the -noUpm command-line argument
[Package Manager] Unable to send message (not connected to server process).
[Package Manager] Cannot connect to Unity Package Manager local server
Mono: successfully reloaded assembly
- Finished resetting the current domain, in  0.767 seconds
Domain Reload Profiling: 1473ms
	BeginReloadAssembly (235ms)
		ExecutionOrderSort (0ms)
		DisableScriptedObjects (7ms)
		BackupInstance (0ms)
		ReleaseScriptingObjects (0ms)
		CreateAndSetChildDomain (43ms)
	RebuildCommonClasses (42ms)
	RebuildNativeTypeToScriptingClass (15ms)
	initialDomainReloadingComplete (34ms)
	LoadAllAssembliesAndSetupDomain (380ms)
		LoadAssemblies (356ms)
		RebuildTransferFunctionScriptingTraits (0ms)
		AnalyzeDomain (158ms)
			TypeCache.Refresh (11ms)
				TypeCache.ScanAssembly (1ms)
			BuildScriptInfoCaches (136ms)
			ResolveRequiredComponents (6ms)
	FinalizeReload (767ms)
		ReleaseScriptCaches (0ms)
		RebuildScriptCaches (0ms)
		SetupLoadedEditorAssemblies (618ms)
			LogAssemblyErrors (0ms)
			InitializePlatformSupportModulesInManaged (13ms)
			SetLoadedEditorAssemblies (4ms)
			BeforeProcessingInitializeOnLoad (113ms)
			ProcessInitializeOnLoadAttributes (443ms)
			ProcessInitializeOnLoadMethodAttributes (28ms)
			AfterProcessingInitializeOnLoad (16ms)
			EditorAssembliesLoaded (0ms)
		ExecutionOrderSort2 (0ms)
		AwakeInstancesAfterBackupRestoration (20ms)
Refreshing native plugins compatible for Editor in 0.76 ms, found 3 plugins.
Preloading 0 native plugins for Editor in 0.00 ms.
Unloading 12 Unused Serialized files (Serialized files now loaded: 0)
Unloading 3689 unused Assets / (2.8 MB). Loaded Objects now: 4309.
Memory consumption went from 91.5 MB to 88.7 MB.
Total: 6.241100 ms (FindLiveObjects: 0.455500 ms CreateObjectMapping: 0.168200 ms MarkObjects: 4.381300 ms  DeleteObjects: 1.235000 ms)

Prepare: number of updated asset objects reloaded= 0
========================================================================
Received Prepare
Refreshing native plugins compatible for Editor in 0.69 ms, found 3 plugins.
Preloading 0 native plugins for Editor in 0.00 ms.
Unloading 12 Unused Serialized files (Serialized files now loaded: 0)
Unloading 3684 unused Assets / (3.0 MB). Loaded Objects now: 4309.
Memory consumption went from 91.7 MB to 88.8 MB.
Total: 6.971700 ms (FindLiveObjects: 0.438600 ms CreateObjectMapping: 0.161500 ms MarkObjects: 4.942800 ms  DeleteObjects: 1.427600 ms)

Prepare: number of updated asset objects reloaded= 0
========================================================================
Received Prepare
Begin MonoManager ReloadAssembly
- Loaded All Assemblies, in  0.734 seconds
Refreshing native plugins compatible for Editor in 0.67 ms, found 3 plugins.
Native extension for Android target not found
Native extension for WindowsStandalone target not found
[Package Manager] Failed to launch server process. Reason: Unity was launched with the -noUpm command-line argument
[Package Manager] Unable to send message (not connected to server process).
[Package Manager] Cannot connect to Unity Package Manager local server
Mono: successfully reloaded assembly
- Finished resetting the current domain, in  0.801 seconds
Domain Reload Profiling: 1534ms
	BeginReloadAssembly (239ms)
		ExecutionOrderSort (0ms)
		DisableScriptedObjects (10ms)
		BackupInstance (0ms)
		ReleaseScriptingObjects (0ms)
		CreateAndSetChildDomain (47ms)
	RebuildCommonClasses (41ms)
	RebuildNativeTypeToScriptingClass (14ms)
	initialDomainReloadingComplete (33ms)
	LoadAllAssembliesAndSetupDomain (405ms)
		LoadAssemblies (372ms)
		RebuildTransferFunctionScriptingTraits (0ms)
		AnalyzeDomain (161ms)
			TypeCache.Refresh (11ms)
				TypeCache.ScanAssembly (1ms)
			BuildScriptInfoCaches (138ms)
			ResolveRequiredComponents (6ms)
	FinalizeReload (801ms)
		ReleaseScriptCaches (0ms)
		RebuildScriptCaches (0ms)
		SetupLoadedEditorAssemblies (637ms)
			LogAssemblyErrors (0ms)
			InitializePlatformSupportModulesInManaged (13ms)
			SetLoadedEditorAssemblies (4ms)
			BeforeProcessingInitializeOnLoad (122ms)
			ProcessInitializeOnLoadAttributes (456ms)
			ProcessInitializeOnLoadMethodAttributes (27ms)
			AfterProcessingInitializeOnLoad (15ms)
			EditorAssembliesLoaded (0ms)
		ExecutionOrderSort2 (0ms)
		AwakeInstancesAfterBackupRestoration (21ms)
Refreshing native plugins compatible for Editor in 0.69 ms, found 3 plugins.
Preloading 0 native plugins for Editor in 0.00 ms.
Unloading 12 Unused Serialized files (Serialized files now loaded: 0)
Unloading 3689 unused Assets / (2.8 MB). Loaded Objects now: 4310.
Memory consumption went from 91.5 MB to 88.7 MB.
Total: 5.978700 ms (FindLiveObjects: 0.427500 ms CreateObjectMapping: 0.150700 ms MarkObjects: 4.233300 ms  DeleteObjects: 1.166600 ms)

Prepare: number of updated asset objects reloaded= 0
========================================================================
Received Prepare
Refreshing native plugins compatible for Editor in 0.75 ms, found 3 plugins.
Preloading 0 native plugins for Editor in 0.00 ms.
Unloading 12 Unused Serialized files (Serialized files now loaded: 0)
Unloading 3684 unused Assets / (2.8 MB). Loaded Objects now: 4310.
Memory consumption went from 91.7 MB to 88.9 MB.
Total: 6.275800 ms (FindLiveObjects: 0.437000 ms CreateObjectMapping: 0.181400 ms MarkObjects: 4.245400 ms  DeleteObjects: 1.410800 ms)

Prepare: number of updated asset objects reloaded= 0
========================================================================
Received Prepare
Begin MonoManager ReloadAssembly
- Loaded All Assemblies, in  0.719 seconds
Refreshing native plugins compatible for Editor in 0.63 ms, found 3 plugins.
Native extension for Android target not found
Native extension for WindowsStandalone target not found
[Package Manager] Failed to launch server process. Reason: Unity was launched with the -noUpm command-line argument
[Package Manager] Unable to send message (not connected to server process).
[Package Manager] Cannot connect to Unity Package Manager local server
Mono: successfully reloaded assembly
- Finished resetting the current domain, in  0.794 seconds
Domain Reload Profiling: 1511ms
	BeginReloadAssembly (235ms)
		ExecutionOrderSort (0ms)
		DisableScriptedObjects (8ms)
		BackupInstance (0ms)
		ReleaseScriptingObjects (0ms)
		CreateAndSetChildDomain (45ms)
	RebuildCommonClasses (41ms)
	RebuildNativeTypeToScriptingClass (15ms)
	initialDomainReloadingComplete (34ms)
	LoadAllAssembliesAndSetupDomain (391ms)
		LoadAssemblies (363ms)
		RebuildTransferFunctionScriptingTraits (0ms)
		AnalyzeDomain (162ms)
			TypeCache.Refresh (11ms)
				TypeCache.ScanAssembly (1ms)
			BuildScriptInfoCaches (141ms)
			ResolveRequiredComponents (6ms)
	FinalizeReload (795ms)
		ReleaseScriptCaches (0ms)
		RebuildScriptCaches (0ms)
		SetupLoadedEditorAssemblies (650ms)
			LogAssemblyErrors (0ms)
			InitializePlatformSupportModulesInManaged (13ms)
			SetLoadedEditorAssemblies (4ms)
			BeforeProcessingInitializeOnLoad (116ms)
			ProcessInitializeOnLoadAttributes (478ms)
			ProcessInitializeOnLoadMethodAttributes (28ms)
			AfterProcessingInitializeOnLoad (10ms)
			EditorAssembliesLoaded (0ms)
		ExecutionOrderSort2 (0ms)
		AwakeInstancesAfterBackupRestoration (20ms)
Refreshing native plugins compatible for Editor in 0.73 ms, found 3 plugins.
Preloading 0 native plugins for Editor in 0.00 ms.
Unloading 12 Unused Serialized files (Serialized files now loaded: 0)
Unloading 3689 unused Assets / (2.8 MB). Loaded Objects now: 4311.
Memory consumption went from 91.5 MB to 88.7 MB.
Total: 6.280800 ms (FindLiveObjects: 0.454400 ms CreateObjectMapping: 0.197300 ms MarkObjects: 4.338800 ms  DeleteObjects: 1.289200 ms)

Prepare: number of updated asset objects reloaded= 0
========================================================================
Received Prepare
Refreshing native plugins compatible for Editor in 0.71 ms, found 3 plugins.
Preloading 0 native plugins for Editor in 0.00 ms.
Unloading 12 Unused Serialized files (Serialized files now loaded: 0)
Unloading 3684 unused Assets / (2.8 MB). Loaded Objects now: 4311.
Memory consumption went from 91.7 MB to 88.9 MB.
Total: 6.217600 ms (FindLiveObjects: 0.479100 ms CreateObjectMapping: 0.177400 ms MarkObjects: 4.346800 ms  DeleteObjects: 1.213600 ms)

Prepare: number of updated asset objects reloaded= 0
========================================================================
Received Prepare
Begin MonoManager ReloadAssembly
- Loaded All Assemblies, in  0.716 seconds
Refreshing native plugins compatible for Editor in 0.97 ms, found 3 plugins.
Native extension for Android target not found
Native extension for WindowsStandalone target not found
[Package Manager] Failed to launch server process. Reason: Unity was launched with the -noUpm command-line argument
[Package Manager] Unable to send message (not connected to server process).
[Package Manager] Cannot connect to Unity Package Manager local server
Mono: successfully reloaded assembly
- Finished resetting the current domain, in  0.825 seconds
Domain Reload Profiling: 1541ms
	BeginReloadAssembly (235ms)
		ExecutionOrderSort (0ms)
		DisableScriptedObjects (9ms)
		BackupInstance (0ms)
		ReleaseScriptingObjects (0ms)
		CreateAndSetChildDomain (42ms)
	RebuildCommonClasses (42ms)
	RebuildNativeTypeToScriptingClass (15ms)
	initialDomainReloadingComplete (34ms)
	LoadAllAssembliesAndSetupDomain (390ms)
		LoadAssemblies (361ms)
		RebuildTransferFunctionScriptingTraits (0ms)
		AnalyzeDomain (163ms)
			TypeCache.Refresh (10ms)
				TypeCache.ScanAssembly (1ms)
			BuildScriptInfoCaches (141ms)
			ResolveRequiredComponents (7ms)
	FinalizeReload (826ms)
		ReleaseScriptCaches (0ms)
		RebuildScriptCaches (0ms)
		SetupLoadedEditorAssemblies (658ms)
			LogAssemblyErrors (0ms)
			InitializePlatformSupportModulesInManaged (13ms)
			SetLoadedEditorAssemblies (4ms)
			BeforeProcessingInitializeOnLoad (136ms)
			ProcessInitializeOnLoadAttributes (466ms)
			ProcessInitializeOnLoadMethodAttributes (31ms)
			AfterProcessingInitializeOnLoad (7ms)
			EditorAssembliesLoaded (0ms)
		ExecutionOrderSort2 (0ms)
		AwakeInstancesAfterBackupRestoration (20ms)
Refreshing native plugins compatible for Editor in 0.87 ms, found 3 plugins.
Preloading 0 native plugins for Editor in 0.00 ms.
Unloading 12 Unused Serialized files (Serialized files now loaded: 0)
Unloading 3689 unused Assets / (2.8 MB). Loaded Objects now: 4312.
Memory consumption went from 91.6 MB to 88.7 MB.
Total: 6.323400 ms (FindLiveObjects: 0.438200 ms CreateObjectMapping: 0.175900 ms MarkObjects: 4.365100 ms  DeleteObjects: 1.343000 ms)

Prepare: number of updated asset objects reloaded= 0
========================================================================
Received Prepare
Refreshing native plugins compatible for Editor in 0.74 ms, found 3 plugins.
Preloading 0 native plugins for Editor in 0.00 ms.
Unloading 12 Unused Serialized files (Serialized files now loaded: 0)
Unloading 3684 unused Assets / (2.8 MB). Loaded Objects now: 4312.
Memory consumption went from 91.7 MB to 88.9 MB.
Total: 6.043400 ms (FindLiveObjects: 0.441400 ms CreateObjectMapping: 0.155600 ms MarkObjects: 4.217700 ms  DeleteObjects: 1.228100 ms)

Prepare: number of updated asset objects reloaded= 0
========================================================================
Received Prepare
Begin MonoManager ReloadAssembly
- Loaded All Assemblies, in  0.702 seconds
Refreshing native plugins compatible for Editor in 0.83 ms, found 3 plugins.
Native extension for Android target not found
Native extension for WindowsStandalone target not found
[Package Manager] Failed to launch server process. Reason: Unity was launched with the -noUpm command-line argument
[Package Manager] Unable to send message (not connected to server process).
[Package Manager] Cannot connect to Unity Package Manager local server
Mono: successfully reloaded assembly
- Finished resetting the current domain, in  0.788 seconds
Domain Reload Profiling: 1490ms
	BeginReloadAssembly (232ms)
		ExecutionOrderSort (0ms)
		DisableScriptedObjects (8ms)
		BackupInstance (0ms)
		ReleaseScriptingObjects (0ms)
		CreateAndSetChildDomain (42ms)
	RebuildCommonClasses (43ms)
	RebuildNativeTypeToScriptingClass (16ms)
	initialDomainReloadingComplete (32ms)
	LoadAllAssembliesAndSetupDomain (377ms)
		LoadAssemblies (352ms)
		RebuildTransferFunctionScriptingTraits (0ms)
		AnalyzeDomain (158ms)
			TypeCache.Refresh (11ms)
				TypeCache.ScanAssembly (2ms)
			BuildScriptInfoCaches (136ms)
			ResolveRequiredComponents (6ms)
	FinalizeReload (789ms)
		ReleaseScriptCaches (0ms)
		RebuildScriptCaches (0ms)
		SetupLoadedEditorAssemblies (634ms)
			LogAssemblyErrors (0ms)
			InitializePlatformSupportModulesInManaged (16ms)
			SetLoadedEditorAssemblies (11ms)
			BeforeProcessingInitializeOnLoad (105ms)
			ProcessInitializeOnLoadAttributes (466ms)
			ProcessInitializeOnLoadMethodAttributes (27ms)
			AfterProcessingInitializeOnLoad (8ms)
			EditorAssembliesLoaded (0ms)
		ExecutionOrderSort2 (0ms)
		AwakeInstancesAfterBackupRestoration (28ms)
Refreshing native plugins compatible for Editor in 1.48 ms, found 3 plugins.
Preloading 0 native plugins for Editor in 0.00 ms.
Unloading 12 Unused Serialized files (Serialized files now loaded: 0)
Unloading 3689 unused Assets / (2.9 MB). Loaded Objects now: 4313.
Memory consumption went from 91.6 MB to 88.7 MB.
Total: 10.684500 ms (FindLiveObjects: 1.096000 ms CreateObjectMapping: 0.232900 ms MarkObjects: 7.754700 ms  DeleteObjects: 1.599600 ms)

Prepare: number of updated asset objects reloaded= 0
========================================================================
Received Prepare
Refreshing native plugins compatible for Editor in 0.79 ms, found 3 plugins.
Preloading 0 native plugins for Editor in 0.00 ms.
Unloading 12 Unused Serialized files (Serialized files now loaded: 0)
Unloading 3684 unused Assets / (2.8 MB). Loaded Objects now: 4313.
Memory consumption went from 91.8 MB to 89.0 MB.
Total: 6.276600 ms (FindLiveObjects: 0.418500 ms CreateObjectMapping: 0.151600 ms MarkObjects: 4.401600 ms  DeleteObjects: 1.304400 ms)

Prepare: number of updated asset objects reloaded= 0
========================================================================
Received Prepare
Begin MonoManager ReloadAssembly
- Loaded All Assemblies, in  0.731 seconds
Refreshing native plugins compatible for Editor in 0.76 ms, found 3 plugins.
Native extension for Android target not found
Native extension for WindowsStandalone target not found
[Package Manager] Failed to launch server process. Reason: Unity was launched with the -noUpm command-line argument
[Package Manager] Unable to send message (not connected to server process).
[Package Manager] Cannot connect to Unity Package Manager local server
Mono: successfully reloaded assembly
- Finished resetting the current domain, in  0.799 seconds
Domain Reload Profiling: 1531ms
	BeginReloadAssembly (251ms)
		ExecutionOrderSort (0ms)
		DisableScriptedObjects (7ms)
		BackupInstance (0ms)
		ReleaseScriptingObjects (0ms)
		CreateAndSetChildDomain (47ms)
	RebuildCommonClasses (43ms)
	RebuildNativeTypeToScriptingClass (14ms)
	initialDomainReloadingComplete (33ms)
	LoadAllAssembliesAndSetupDomain (390ms)
		LoadAssemblies (364ms)
		RebuildTransferFunctionScriptingTraits (0ms)
		AnalyzeDomain (164ms)
			TypeCache.Refresh (12ms)
				TypeCache.ScanAssembly (1ms)
			BuildScriptInfoCaches (141ms)
			ResolveRequiredComponents (6ms)
	FinalizeReload (800ms)
		ReleaseScriptCaches (0ms)
		RebuildScriptCaches (0ms)
		SetupLoadedEditorAssemblies (646ms)
			LogAssemblyErrors (0ms)
			InitializePlatformSupportModulesInManaged (19ms)
			SetLoadedEditorAssemblies (5ms)
			BeforeProcessingInitializeOnLoad (107ms)
			ProcessInitializeOnLoadAttributes (470ms)
			ProcessInitializeOnLoadMethodAttributes (28ms)
			AfterProcessingInitializeOnLoad (17ms)
			EditorAssembliesLoaded (0ms)
		ExecutionOrderSort2 (0ms)
		AwakeInstancesAfterBackupRestoration (21ms)
Refreshing native plugins compatible for Editor in 0.71 ms, found 3 plugins.
Preloading 0 native plugins for Editor in 0.00 ms.
Unloading 12 Unused Serialized files (Serialized files now loaded: 0)
Unloading 3689 unused Assets / (2.9 MB). Loaded Objects now: 4314.
Memory consumption went from 91.6 MB to 88.8 MB.
Total: 6.906400 ms (FindLiveObjects: 0.421000 ms CreateObjectMapping: 0.152500 ms MarkObjects: 4.511200 ms  DeleteObjects: 1.820700 ms)

Prepare: number of updated asset objects reloaded= 0
========================================================================
Received Prepare
Refreshing native plugins compatible for Editor in 0.72 ms, found 3 plugins.
Preloading 0 native plugins for Editor in 0.00 ms.
Unloading 12 Unused Serialized files (Serialized files now loaded: 0)
Unloading 3684 unused Assets / (2.8 MB). Loaded Objects now: 4314.
Memory consumption went from 91.8 MB to 89.0 MB.
Total: 6.270600 ms (FindLiveObjects: 0.422700 ms CreateObjectMapping: 0.162200 ms MarkObjects: 4.337200 ms  DeleteObjects: 1.347800 ms)

Prepare: number of updated asset objects reloaded= 0
========================================================================
Received Prepare
Begin MonoManager ReloadAssembly
- Loaded All Assemblies, in  0.694 seconds
Refreshing native plugins compatible for Editor in 0.74 ms, found 3 plugins.
Native extension for Android target not found
Native extension for WindowsStandalone target not found
[Package Manager] Failed to launch server process. Reason: Unity was launched with the -noUpm command-line argument
[Package Manager] Unable to send message (not connected to server process).
[Package Manager] Cannot connect to Unity Package Manager local server
Mono: successfully reloaded assembly
- Finished resetting the current domain, in  0.795 seconds
Domain Reload Profiling: 1488ms
	BeginReloadAssembly (218ms)
		ExecutionOrderSort (0ms)
		DisableScriptedObjects (8ms)
		BackupInstance (0ms)
		ReleaseScriptingObjects (0ms)
		CreateAndSetChildDomain (44ms)
	RebuildCommonClasses (40ms)
	RebuildNativeTypeToScriptingClass (15ms)
	initialDomainReloadingComplete (31ms)
	LoadAllAssembliesAndSetupDomain (389ms)
		LoadAssemblies (335ms)
		RebuildTransferFunctionScriptingTraits (0ms)
		AnalyzeDomain (181ms)
			TypeCache.Refresh (12ms)
				TypeCache.ScanAssembly (1ms)
			BuildScriptInfoCaches (157ms)
			ResolveRequiredComponents (7ms)
	FinalizeReload (795ms)
		ReleaseScriptCaches (0ms)
		RebuildScriptCaches (0ms)
		SetupLoadedEditorAssemblies (637ms)
			LogAssemblyErrors (0ms)
			InitializePlatformSupportModulesInManaged (14ms)
			SetLoadedEditorAssemblies (5ms)
			BeforeProcessingInitializeOnLoad (109ms)
			ProcessInitializeOnLoadAttributes (467ms)
			ProcessInitializeOnLoadMethodAttributes (27ms)
			AfterProcessingInitializeOnLoad (15ms)
			EditorAssembliesLoaded (0ms)
		ExecutionOrderSort2 (0ms)
		AwakeInstancesAfterBackupRestoration (20ms)
Refreshing native plugins compatible for Editor in 0.91 ms, found 3 plugins.
Preloading 0 native plugins for Editor in 0.00 ms.
Unloading 12 Unused Serialized files (Serialized files now loaded: 0)
Unloading 3689 unused Assets / (2.8 MB). Loaded Objects now: 4315.
Memory consumption went from 91.6 MB to 88.8 MB.
Total: 5.997300 ms (FindLiveObjects: 0.425300 ms CreateObjectMapping: 0.151400 ms MarkObjects: 4.230000 ms  DeleteObjects: 1.190100 ms)

Prepare: number of updated asset objects reloaded= 0
========================================================================
Received Prepare
Refreshing native plugins compatible for Editor in 0.70 ms, found 3 plugins.
Preloading 0 native plugins for Editor in 0.00 ms.
Unloading 12 Unused Serialized files (Serialized files now loaded: 0)
Unloading 3684 unused Assets / (2.9 MB). Loaded Objects now: 4315.
Memory consumption went from 91.8 MB to 88.9 MB.
Total: 6.982600 ms (FindLiveObjects: 0.433900 ms CreateObjectMapping: 0.160100 ms MarkObjects: 5.054100 ms  DeleteObjects: 1.333700 ms)

Prepare: number of updated asset objects reloaded= 0
========================================================================
Received Prepare
Refreshing native plugins compatible for Editor in 0.97 ms, found 3 plugins.
Preloading 0 native plugins for Editor in 0.00 ms.
Unloading 12 Unused Serialized files (Serialized files now loaded: 0)
Unloading 3684 unused Assets / (2.9 MB). Loaded Objects now: 4315.
Memory consumption went from 91.8 MB to 88.9 MB.
Total: 6.360600 ms (FindLiveObjects: 0.420100 ms CreateObjectMapping: 0.149700 ms MarkObjects: 4.407500 ms  DeleteObjects: 1.382700 ms)

Prepare: number of updated asset objects reloaded= 0
========================================================================
Received Prepare
Refreshing native plugins compatible for Editor in 0.71 ms, found 3 plugins.
Preloading 0 native plugins for Editor in 0.00 ms.
Unloading 12 Unused Serialized files (Serialized files now loaded: 0)
Unloading 3684 unused Assets / (2.9 MB). Loaded Objects now: 4315.
Memory consumption went from 91.8 MB to 88.9 MB.
Total: 6.344200 ms (FindLiveObjects: 0.419600 ms CreateObjectMapping: 0.158800 ms MarkObjects: 4.438400 ms  DeleteObjects: 1.326600 ms)

Prepare: number of updated asset objects reloaded= 0
========================================================================
Received Prepare
Begin MonoManager ReloadAssembly
[Licensing::Client] Successfully resolved entitlement details
- Loaded All Assemblies, in  0.732 seconds
Refreshing native plugins compatible for Editor in 1.44 ms, found 3 plugins.
Native extension for Android target not found
Native extension for WindowsStandalone target not found
[Package Manager] Failed to launch server process. Reason: Unity was launched with the -noUpm command-line argument
[Package Manager] Unable to send message (not connected to server process).
[Package Manager] Cannot connect to Unity Package Manager local server
Mono: successfully reloaded assembly
- Finished resetting the current domain, in  0.802 seconds
Domain Reload Profiling: 1533ms
	BeginReloadAssembly (241ms)
		ExecutionOrderSort (0ms)
		DisableScriptedObjects (9ms)
		BackupInstance (0ms)
		ReleaseScriptingObjects (0ms)
		CreateAndSetChildDomain (42ms)
	RebuildCommonClasses (44ms)
	RebuildNativeTypeToScriptingClass (15ms)
	initialDomainReloadingComplete (34ms)
	LoadAllAssembliesAndSetupDomain (397ms)
		LoadAssemblies (368ms)
		RebuildTransferFunctionScriptingTraits (0ms)
		AnalyzeDomain (167ms)
			TypeCache.Refresh (12ms)
				TypeCache.ScanAssembly (1ms)
			BuildScriptInfoCaches (141ms)
			ResolveRequiredComponents (10ms)
	FinalizeReload (802ms)
		ReleaseScriptCaches (0ms)
		RebuildScriptCaches (0ms)
		SetupLoadedEditorAssemblies (649ms)
			LogAssemblyErrors (0ms)
			InitializePlatformSupportModulesInManaged (14ms)
			SetLoadedEditorAssemblies (5ms)
			BeforeProcessingInitializeOnLoad (117ms)
			ProcessInitializeOnLoadAttributes (468ms)
			ProcessInitializeOnLoadMethodAttributes (31ms)
			AfterProcessingInitializeOnLoad (12ms)
			EditorAssembliesLoaded (0ms)
		ExecutionOrderSort2 (0ms)
		AwakeInstancesAfterBackupRestoration (21ms)
Refreshing native plugins compatible for Editor in 0.72 ms, found 3 plugins.
Preloading 0 native plugins for Editor in 0.00 ms.
Unloading 12 Unused Serialized files (Serialized files now loaded: 0)
Unloading 3689 unused Assets / (2.9 MB). Loaded Objects now: 4316.
Memory consumption went from 91.6 MB to 88.8 MB.
Total: 6.655200 ms (FindLiveObjects: 0.425800 ms CreateObjectMapping: 0.160400 ms MarkObjects: 4.795500 ms  DeleteObjects: 1.272800 ms)

Prepare: number of updated asset objects reloaded= 0
========================================================================
Received Prepare
Refreshing native plugins compatible for Editor in 1.23 ms, found 3 plugins.
Preloading 0 native plugins for Editor in 0.00 ms.
Unloading 12 Unused Serialized files (Serialized files now loaded: 0)
Unloading 3684 unused Assets / (2.9 MB). Loaded Objects now: 4316.
Memory consumption went from 91.8 MB to 88.9 MB.
Total: 6.424000 ms (FindLiveObjects: 0.440900 ms CreateObjectMapping: 0.151600 ms MarkObjects: 4.514500 ms  DeleteObjects: 1.316100 ms)

Prepare: number of updated asset objects reloaded= 0
========================================================================
Received Prepare
Begin MonoManager ReloadAssembly
[Licensing::Client] Successfully resolved entitlement details
- Loaded All Assemblies, in  0.721 seconds
Refreshing native plugins compatible for Editor in 0.68 ms, found 3 plugins.
Native extension for Android target not found
Native extension for WindowsStandalone target not found
[Package Manager] Failed to launch server process. Reason: Unity was launched with the -noUpm command-line argument
[Package Manager] Unable to send message (not connected to server process).
[Package Manager] Cannot connect to Unity Package Manager local server
Mono: successfully reloaded assembly
- Finished resetting the current domain, in  0.792 seconds
Domain Reload Profiling: 1511ms
	BeginReloadAssembly (236ms)
		ExecutionOrderSort (0ms)
		DisableScriptedObjects (8ms)
		BackupInstance (0ms)
		ReleaseScriptingObjects (0ms)
		CreateAndSetChildDomain (43ms)
	RebuildCommonClasses (43ms)
	RebuildNativeTypeToScriptingClass (15ms)
	initialDomainReloadingComplete (34ms)
	LoadAllAssembliesAndSetupDomain (391ms)
		LoadAssemblies (360ms)
		RebuildTransferFunctionScriptingTraits (0ms)
		AnalyzeDomain (162ms)
			TypeCache.Refresh (11ms)
				TypeCache.ScanAssembly (1ms)
			BuildScriptInfoCaches (140ms)
			ResolveRequiredComponents (6ms)
	FinalizeReload (793ms)
		ReleaseScriptCaches (0ms)
		RebuildScriptCaches (0ms)
		SetupLoadedEditorAssemblies (643ms)
			LogAssemblyErrors (0ms)
			InitializePlatformSupportModulesInManaged (15ms)
			SetLoadedEditorAssemblies (4ms)
			BeforeProcessingInitializeOnLoad (117ms)
			ProcessInitializeOnLoadAttributes (462ms)
			ProcessInitializeOnLoadMethodAttributes (33ms)
			AfterProcessingInitializeOnLoad (11ms)
			EditorAssembliesLoaded (0ms)
		ExecutionOrderSort2 (0ms)
		AwakeInstancesAfterBackupRestoration (21ms)
Refreshing native plugins compatible for Editor in 0.80 ms, found 3 plugins.
Preloading 0 native plugins for Editor in 0.00 ms.
Unloading 12 Unused Serialized files (Serialized files now loaded: 0)
Unloading 3689 unused Assets / (2.8 MB). Loaded Objects now: 4317.
Memory consumption went from 91.6 MB to 88.8 MB.
Total: 6.089700 ms (FindLiveObjects: 0.432400 ms CreateObjectMapping: 0.172800 ms MarkObjects: 4.229100 ms  DeleteObjects: 1.254200 ms)

Prepare: number of updated asset objects reloaded= 0
========================================================================
Received Prepare
Refreshing native plugins compatible for Editor in 0.83 ms, found 3 plugins.
Preloading 0 native plugins for Editor in 0.00 ms.
Unloading 12 Unused Serialized files (Serialized files now loaded: 0)
Unloading 3684 unused Assets / (2.9 MB). Loaded Objects now: 4317.
Memory consumption went from 91.8 MB to 88.9 MB.
Total: 6.848500 ms (FindLiveObjects: 0.478500 ms CreateObjectMapping: 0.275100 ms MarkObjects: 4.754600 ms  DeleteObjects: 1.339300 ms)

Prepare: number of updated asset objects reloaded= 0
========================================================================
Received Prepare
Refreshing native plugins compatible for Editor in 0.73 ms, found 3 plugins.
Preloading 0 native plugins for Editor in 0.00 ms.
Unloading 12 Unused Serialized files (Serialized files now loaded: 0)
Unloading 3684 unused Assets / (2.8 MB). Loaded Objects now: 4317.
Memory consumption went from 91.8 MB to 89.0 MB.
Total: 6.838200 ms (FindLiveObjects: 0.440800 ms CreateObjectMapping: 0.164700 ms MarkObjects: 4.947500 ms  DeleteObjects: 1.284300 ms)

Prepare: number of updated asset objects reloaded= 0
========================================================================
Received Prepare
Begin MonoManager ReloadAssembly
- Loaded All Assemblies, in  0.711 seconds
Refreshing native plugins compatible for Editor in 0.87 ms, found 3 plugins.
Native extension for Android target not found
Native extension for WindowsStandalone target not found
[Package Manager] Failed to launch server process. Reason: Unity was launched with the -noUpm command-line argument
[Package Manager] Unable to send message (not connected to server process).
[Package Manager] Cannot connect to Unity Package Manager local server
Mono: successfully reloaded assembly
- Finished resetting the current domain, in  0.792 seconds
Domain Reload Profiling: 1501ms
	BeginReloadAssembly (233ms)
		ExecutionOrderSort (0ms)
		DisableScriptedObjects (9ms)
		BackupInstance (0ms)
		ReleaseScriptingObjects (0ms)
		CreateAndSetChildDomain (45ms)
	RebuildCommonClasses (41ms)
	RebuildNativeTypeToScriptingClass (14ms)
	initialDomainReloadingComplete (36ms)
	LoadAllAssembliesAndSetupDomain (383ms)
		LoadAssemblies (344ms)
		RebuildTransferFunctionScriptingTraits (0ms)
		AnalyzeDomain (162ms)
			TypeCache.Refresh (12ms)
				TypeCache.ScanAssembly (1ms)
			BuildScriptInfoCaches (139ms)
			ResolveRequiredComponents (6ms)
	FinalizeReload (793ms)
		ReleaseScriptCaches (0ms)
		RebuildScriptCaches (0ms)
		SetupLoadedEditorAssemblies (641ms)
			LogAssemblyErrors (0ms)
			InitializePlatformSupportModulesInManaged (14ms)
			SetLoadedEditorAssemblies (4ms)
			BeforeProcessingInitializeOnLoad (121ms)
			ProcessInitializeOnLoadAttributes (460ms)
			ProcessInitializeOnLoadMethodAttributes (30ms)
			AfterProcessingInitializeOnLoad (13ms)
			EditorAssembliesLoaded (0ms)
		ExecutionOrderSort2 (0ms)
		AwakeInstancesAfterBackupRestoration (25ms)
Refreshing native plugins compatible for Editor in 0.74 ms, found 3 plugins.
Preloading 0 native plugins for Editor in 0.00 ms.
Unloading 12 Unused Serialized files (Serialized files now loaded: 0)
Unloading 3689 unused Assets / (2.7 MB). Loaded Objects now: 4318.
Memory consumption went from 91.6 MB to 89.0 MB.
Total: 5.985500 ms (FindLiveObjects: 0.446500 ms CreateObjectMapping: 0.154300 ms MarkObjects: 4.221900 ms  DeleteObjects: 1.162000 ms)

Prepare: number of updated asset objects reloaded= 0
========================================================================
Received Prepare
Refreshing native plugins compatible for Editor in 0.74 ms, found 3 plugins.
Preloading 0 native plugins for Editor in 0.00 ms.
Unloading 12 Unused Serialized files (Serialized files now loaded: 0)
Unloading 3684 unused Assets / (2.8 MB). Loaded Objects now: 4318.
Memory consumption went from 91.8 MB to 89.0 MB.
Total: 6.524500 ms (FindLiveObjects: 0.427800 ms CreateObjectMapping: 0.162300 ms MarkObjects: 4.667500 ms  DeleteObjects: 1.266000 ms)

Prepare: number of updated asset objects reloaded= 0
========================================================================
Received Prepare
Begin MonoManager ReloadAssembly
- Loaded All Assemblies, in  0.713 seconds
Refreshing native plugins compatible for Editor in 1.07 ms, found 3 plugins.
Native extension for Android target not found
Native extension for WindowsStandalone target not found
[Package Manager] Failed to launch server process. Reason: Unity was launched with the -noUpm command-line argument
[Package Manager] Unable to send message (not connected to server process).
[Package Manager] Cannot connect to Unity Package Manager local server
Mono: successfully reloaded assembly
- Finished resetting the current domain, in  0.782 seconds
Domain Reload Profiling: 1494ms
	BeginReloadAssembly (242ms)
		ExecutionOrderSort (0ms)
		DisableScriptedObjects (7ms)
		BackupInstance (0ms)
		ReleaseScriptingObjects (0ms)
		CreateAndSetChildDomain (47ms)
	RebuildCommonClasses (44ms)
	RebuildNativeTypeToScriptingClass (15ms)
	initialDomainReloadingComplete (33ms)
	LoadAllAssembliesAndSetupDomain (378ms)
		LoadAssemblies (357ms)
		RebuildTransferFunctionScriptingTraits (0ms)
		AnalyzeDomain (158ms)
			TypeCache.Refresh (13ms)
				TypeCache.ScanAssembly (1ms)
			BuildScriptInfoCaches (135ms)
			ResolveRequiredComponents (6ms)
	FinalizeReload (783ms)
		ReleaseScriptCaches (0ms)
		RebuildScriptCaches (0ms)
		SetupLoadedEditorAssemblies (629ms)
			LogAssemblyErrors (0ms)
			InitializePlatformSupportModulesInManaged (13ms)
			SetLoadedEditorAssemblies (5ms)
			BeforeProcessingInitializeOnLoad (115ms)
			ProcessInitializeOnLoadAttributes (458ms)
			ProcessInitializeOnLoadMethodAttributes (28ms)
			AfterProcessingInitializeOnLoad (10ms)
			EditorAssembliesLoaded (0ms)
		ExecutionOrderSort2 (2ms)
		AwakeInstancesAfterBackupRestoration (20ms)
Refreshing native plugins compatible for Editor in 0.89 ms, found 3 plugins.
Preloading 0 native plugins for Editor in 0.00 ms.
Unloading 12 Unused Serialized files (Serialized files now loaded: 0)
Unloading 3689 unused Assets / (2.8 MB). Loaded Objects now: 4319.
Memory consumption went from 91.6 MB to 88.8 MB.
Total: 6.024400 ms (FindLiveObjects: 0.439700 ms CreateObjectMapping: 0.173900 ms MarkObjects: 4.165000 ms  DeleteObjects: 1.245100 ms)

Prepare: number of updated asset objects reloaded= 0
========================================================================
Received Prepare
Refreshing native plugins compatible for Editor in 0.88 ms, found 3 plugins.
Preloading 0 native plugins for Editor in 0.00 ms.
Unloading 12 Unused Serialized files (Serialized files now loaded: 0)
Unloading 3684 unused Assets / (2.8 MB). Loaded Objects now: 4319.
Memory consumption went from 91.8 MB to 89.0 MB.
Total: 6.378300 ms (FindLiveObjects: 0.437700 ms CreateObjectMapping: 0.155900 ms MarkObjects: 4.460500 ms  DeleteObjects: 1.323200 ms)

Prepare: number of updated asset objects reloaded= 0
========================================================================
Received Prepare
Begin MonoManager ReloadAssembly
[Licensing::Client] Successfully resolved entitlement details
- Loaded All Assemblies, in  0.712 seconds
Refreshing native plugins compatible for Editor in 0.60 ms, found 3 plugins.
Native extension for Android target not found
Native extension for WindowsStandalone target not found
[Package Manager] Failed to launch server process. Reason: Unity was launched with the -noUpm command-line argument
[Package Manager] Unable to send message (not connected to server process).
[Package Manager] Cannot connect to Unity Package Manager local server
Mono: successfully reloaded assembly
- Finished resetting the current domain, in  0.787 seconds
Domain Reload Profiling: 1498ms
	BeginReloadAssembly (229ms)
		ExecutionOrderSort (0ms)
		DisableScriptedObjects (7ms)
		BackupInstance (0ms)
		ReleaseScriptingObjects (0ms)
		CreateAndSetChildDomain (51ms)
	RebuildCommonClasses (41ms)
	RebuildNativeTypeToScriptingClass (15ms)
	initialDomainReloadingComplete (36ms)
	LoadAllAssembliesAndSetupDomain (390ms)
		LoadAssemblies (343ms)
		RebuildTransferFunctionScriptingTraits (0ms)
		AnalyzeDomain (165ms)
			TypeCache.Refresh (11ms)
				TypeCache.ScanAssembly (1ms)
			BuildScriptInfoCaches (144ms)
			ResolveRequiredComponents (6ms)
	FinalizeReload (788ms)
		ReleaseScriptCaches (0ms)
		RebuildScriptCaches (0ms)
		SetupLoadedEditorAssemblies (637ms)
			LogAssemblyErrors (0ms)
			InitializePlatformSupportModulesInManaged (16ms)
			SetLoadedEditorAssemblies (4ms)
			BeforeProcessingInitializeOnLoad (115ms)
			ProcessInitializeOnLoadAttributes (463ms)
			ProcessInitializeOnLoadMethodAttributes (28ms)
			AfterProcessingInitializeOnLoad (10ms)
			EditorAssembliesLoaded (0ms)
		ExecutionOrderSort2 (0ms)
		AwakeInstancesAfterBackupRestoration (20ms)
Refreshing native plugins compatible for Editor in 0.70 ms, found 3 plugins.
Preloading 0 native plugins for Editor in 0.00 ms.
Unloading 12 Unused Serialized files (Serialized files now loaded: 0)
Unloading 3689 unused Assets / (2.9 MB). Loaded Objects now: 4320.
Memory consumption went from 91.6 MB to 88.7 MB.
Total: 6.891200 ms (FindLiveObjects: 0.453000 ms CreateObjectMapping: 0.175200 ms MarkObjects: 4.739600 ms  DeleteObjects: 1.521900 ms)

Prepare: number of updated asset objects reloaded= 0
========================================================================
Received Prepare
Refreshing native plugins compatible for Editor in 0.72 ms, found 3 plugins.
Preloading 0 native plugins for Editor in 0.00 ms.
Unloading 12 Unused Serialized files (Serialized files now loaded: 0)
Unloading 3684 unused Assets / (2.9 MB). Loaded Objects now: 4320.
Memory consumption went from 91.8 MB to 89.0 MB.
Total: 6.611800 ms (FindLiveObjects: 0.448200 ms CreateObjectMapping: 0.167700 ms MarkObjects: 4.682800 ms  DeleteObjects: 1.312300 ms)

Prepare: number of updated asset objects reloaded= 0
========================================================================
Received Prepare
Refreshing native plugins compatible for Editor in 0.71 ms, found 3 plugins.
Preloading 0 native plugins for Editor in 0.00 ms.
Unloading 12 Unused Serialized files (Serialized files now loaded: 0)
Unloading 3684 unused Assets / (2.9 MB). Loaded Objects now: 4320.
Memory consumption went from 91.8 MB to 88.9 MB.
Total: 6.103000 ms (FindLiveObjects: 0.432600 ms CreateObjectMapping: 0.169400 ms MarkObjects: 4.201500 ms  DeleteObjects: 1.299100 ms)

Prepare: number of updated asset objects reloaded= 0
========================================================================
Received Prepare
Begin MonoManager ReloadAssembly
- Loaded All Assemblies, in  0.718 seconds
Refreshing native plugins compatible for Editor in 1.10 ms, found 3 plugins.
Native extension for Android target not found
Native extension for WindowsStandalone target not found
[Package Manager] Failed to launch server process. Reason: Unity was launched with the -noUpm command-line argument
[Package Manager] Unable to send message (not connected to server process).
[Package Manager] Cannot connect to Unity Package Manager local server
Mono: successfully reloaded assembly
- Finished resetting the current domain, in  0.780 seconds
Domain Reload Profiling: 1497ms
	BeginReloadAssembly (241ms)
		ExecutionOrderSort (0ms)
		DisableScriptedObjects (8ms)
		BackupInstance (0ms)
		ReleaseScriptingObjects (0ms)
		CreateAndSetChildDomain (45ms)
	RebuildCommonClasses (43ms)
	RebuildNativeTypeToScriptingClass (15ms)
	initialDomainReloadingComplete (34ms)
	LoadAllAssembliesAndSetupDomain (383ms)
		LoadAssemblies (364ms)
		RebuildTransferFunctionScriptingTraits (0ms)
		AnalyzeDomain (156ms)
			TypeCache.Refresh (10ms)
				TypeCache.ScanAssembly (0ms)
			BuildScriptInfoCaches (136ms)
			ResolveRequiredComponents (6ms)
	FinalizeReload (781ms)
		ReleaseScriptCaches (0ms)
		RebuildScriptCaches (0ms)
		SetupLoadedEditorAssemblies (620ms)
			LogAssemblyErrors (0ms)
			InitializePlatformSupportModulesInManaged (13ms)
			SetLoadedEditorAssemblies (4ms)
			BeforeProcessingInitializeOnLoad (102ms)
			ProcessInitializeOnLoadAttributes (464ms)
			ProcessInitializeOnLoadMethodAttributes (29ms)
			AfterProcessingInitializeOnLoad (8ms)
			EditorAssembliesLoaded (0ms)
		ExecutionOrderSort2 (0ms)
		AwakeInstancesAfterBackupRestoration (20ms)
Refreshing native plugins compatible for Editor in 0.69 ms, found 3 plugins.
Preloading 0 native plugins for Editor in 0.00 ms.
Unloading 12 Unused Serialized files (Serialized files now loaded: 0)
Unloading 3689 unused Assets / (2.8 MB). Loaded Objects now: 4321.
Memory consumption went from 91.6 MB to 88.8 MB.
Total: 5.879900 ms (FindLiveObjects: 0.450400 ms CreateObjectMapping: 0.162900 ms MarkObjects: 4.064000 ms  DeleteObjects: 1.202000 ms)

Prepare: number of updated asset objects reloaded= 0
========================================================================
Received Prepare
Refreshing native plugins compatible for Editor in 0.76 ms, found 3 plugins.
Preloading 0 native plugins for Editor in 0.00 ms.
Unloading 12 Unused Serialized files (Serialized files now loaded: 0)
Unloading 3684 unused Assets / (2.8 MB). Loaded Objects now: 4321.
Memory consumption went from 91.8 MB to 89.1 MB.
Total: 6.367200 ms (FindLiveObjects: 0.432400 ms CreateObjectMapping: 0.154800 ms MarkObjects: 4.529300 ms  DeleteObjects: 1.249900 ms)

Prepare: number of updated asset objects reloaded= 0
========================================================================
Received Prepare
Begin MonoManager ReloadAssembly
- Loaded All Assemblies, in  0.748 seconds
Refreshing native plugins compatible for Editor in 0.86 ms, found 3 plugins.
Native extension for Android target not found
Native extension for WindowsStandalone target not found
[Package Manager] Failed to launch server process. Reason: Unity was launched with the -noUpm command-line argument
[Package Manager] Unable to send message (not connected to server process).
[Package Manager] Cannot connect to Unity Package Manager local server
Mono: successfully reloaded assembly
- Finished resetting the current domain, in  0.781 seconds
Domain Reload Profiling: 1527ms
	BeginReloadAssembly (234ms)
		ExecutionOrderSort (0ms)
		DisableScriptedObjects (7ms)
		BackupInstance (0ms)
		ReleaseScriptingObjects (0ms)
		CreateAndSetChildDomain (42ms)
	RebuildCommonClasses (46ms)
	RebuildNativeTypeToScriptingClass (16ms)
	initialDomainReloadingComplete (37ms)
	LoadAllAssembliesAndSetupDomain (412ms)
		LoadAssemblies (382ms)
		RebuildTransferFunctionScriptingTraits (0ms)
		AnalyzeDomain (167ms)
			TypeCache.Refresh (13ms)
				TypeCache.ScanAssembly (2ms)
			BuildScriptInfoCaches (142ms)
			ResolveRequiredComponents (6ms)
	FinalizeReload (781ms)
		ReleaseScriptCaches (0ms)
		RebuildScriptCaches (0ms)
		SetupLoadedEditorAssemblies (628ms)
			LogAssemblyErrors (0ms)
			InitializePlatformSupportModulesInManaged (13ms)
			SetLoadedEditorAssemblies (4ms)
			BeforeProcessingInitializeOnLoad (107ms)
			ProcessInitializeOnLoadAttributes (459ms)
			ProcessInitializeOnLoadMethodAttributes (35ms)
			AfterProcessingInitializeOnLoad (10ms)
			EditorAssembliesLoaded (0ms)
		ExecutionOrderSort2 (0ms)
		AwakeInstancesAfterBackupRestoration (21ms)
Refreshing native plugins compatible for Editor in 0.74 ms, found 3 plugins.
Preloading 0 native plugins for Editor in 0.00 ms.
Unloading 12 Unused Serialized files (Serialized files now loaded: 0)
Unloading 3689 unused Assets / (2.9 MB). Loaded Objects now: 4322.
Memory consumption went from 91.6 MB to 88.8 MB.
Total: 6.233900 ms (FindLiveObjects: 0.443800 ms CreateObjectMapping: 0.188300 ms MarkObjects: 4.287000 ms  DeleteObjects: 1.314200 ms)

Prepare: number of updated asset objects reloaded= 0
========================================================================
Received Prepare
Refreshing native plugins compatible for Editor in 0.77 ms, found 3 plugins.
Preloading 0 native plugins for Editor in 0.00 ms.
Unloading 12 Unused Serialized files (Serialized files now loaded: 0)
Unloading 3684 unused Assets / (2.8 MB). Loaded Objects now: 4322.
Memory consumption went from 91.8 MB to 89.0 MB.
Total: 6.153200 ms (FindLiveObjects: 0.433600 ms CreateObjectMapping: 0.177400 ms MarkObjects: 4.337300 ms  DeleteObjects: 1.204300 ms)

Prepare: number of updated asset objects reloaded= 0
========================================================================
Received Prepare
Begin MonoManager ReloadAssembly
- Loaded All Assemblies, in  0.730 seconds
Refreshing native plugins compatible for Editor in 0.98 ms, found 3 plugins.
Native extension for Android target not found
Native extension for WindowsStandalone target not found
[Package Manager] Failed to launch server process. Reason: Unity was launched with the -noUpm command-line argument
[Package Manager] Unable to send message (not connected to server process).
[Package Manager] Cannot connect to Unity Package Manager local server
Mono: successfully reloaded assembly
- Finished resetting the current domain, in  0.757 seconds
Domain Reload Profiling: 1485ms
	BeginReloadAssembly (229ms)
		ExecutionOrderSort (0ms)
		DisableScriptedObjects (8ms)
		BackupInstance (0ms)
		ReleaseScriptingObjects (0ms)
		CreateAndSetChildDomain (42ms)
	RebuildCommonClasses (40ms)
	RebuildNativeTypeToScriptingClass (15ms)
	initialDomainReloadingComplete (35ms)
	LoadAllAssembliesAndSetupDomain (409ms)
		LoadAssemblies (362ms)
		RebuildTransferFunctionScriptingTraits (0ms)
		AnalyzeDomain (178ms)
			TypeCache.Refresh (13ms)
				TypeCache.ScanAssembly (1ms)
			BuildScriptInfoCaches (154ms)
			ResolveRequiredComponents (6ms)
	FinalizeReload (757ms)
		ReleaseScriptCaches (0ms)
		RebuildScriptCaches (0ms)
		SetupLoadedEditorAssemblies (610ms)
			LogAssemblyErrors (0ms)
			InitializePlatformSupportModulesInManaged (13ms)
			SetLoadedEditorAssemblies (4ms)
			BeforeProcessingInitializeOnLoad (111ms)
			ProcessInitializeOnLoadAttributes (444ms)
			ProcessInitializeOnLoadMethodAttributes (29ms)
			AfterProcessingInitializeOnLoad (8ms)
			EditorAssembliesLoaded (0ms)
		ExecutionOrderSort2 (0ms)
		AwakeInstancesAfterBackupRestoration (20ms)
Refreshing native plugins compatible for Editor in 0.87 ms, found 3 plugins.
Preloading 0 native plugins for Editor in 0.00 ms.
Unloading 12 Unused Serialized files (Serialized files now loaded: 0)
Unloading 3689 unused Assets / (3.0 MB). Loaded Objects now: 4323.
Memory consumption went from 91.6 MB to 88.6 MB.
Total: 6.472000 ms (FindLiveObjects: 0.487400 ms CreateObjectMapping: 0.186300 ms MarkObjects: 4.364900 ms  DeleteObjects: 1.432900 ms)

Prepare: number of updated asset objects reloaded= 0
========================================================================
Received Prepare
Refreshing native plugins compatible for Editor in 0.85 ms, found 3 plugins.
Preloading 0 native plugins for Editor in 0.00 ms.
Unloading 12 Unused Serialized files (Serialized files now loaded: 0)
Unloading 3684 unused Assets / (2.8 MB). Loaded Objects now: 4323.
Memory consumption went from 91.8 MB to 89.0 MB.
Total: 7.245700 ms (FindLiveObjects: 0.526800 ms CreateObjectMapping: 0.274100 ms MarkObjects: 5.082800 ms  DeleteObjects: 1.360900 ms)

Prepare: number of updated asset objects reloaded= 0
========================================================================
Received Prepare
Begin MonoManager ReloadAssembly
- Loaded All Assemblies, in  0.728 seconds
Refreshing native plugins compatible for Editor in 0.71 ms, found 3 plugins.
Native extension for Android target not found
Native extension for WindowsStandalone target not found
[Package Manager] Failed to launch server process. Reason: Unity was launched with the -noUpm command-line argument
[Package Manager] Unable to send message (not connected to server process).
[Package Manager] Cannot connect to Unity Package Manager local server
Mono: successfully reloaded assembly
- Finished resetting the current domain, in  0.803 seconds
Domain Reload Profiling: 1527ms
	BeginReloadAssembly (240ms)
		ExecutionOrderSort (0ms)
		DisableScriptedObjects (8ms)
		BackupInstance (0ms)
		ReleaseScriptingObjects (0ms)
		CreateAndSetChildDomain (57ms)
	RebuildCommonClasses (43ms)
	RebuildNativeTypeToScriptingClass (14ms)
	initialDomainReloadingComplete (40ms)
	LoadAllAssembliesAndSetupDomain (386ms)
		LoadAssemblies (348ms)
		RebuildTransferFunctionScriptingTraits (0ms)
		AnalyzeDomain (163ms)
			TypeCache.Refresh (13ms)
				TypeCache.ScanAssembly (1ms)
			BuildScriptInfoCaches (139ms)
			ResolveRequiredComponents (6ms)
	FinalizeReload (804ms)
		ReleaseScriptCaches (0ms)
		RebuildScriptCaches (0ms)
		SetupLoadedEditorAssemblies (651ms)
			LogAssemblyErrors (0ms)
			InitializePlatformSupportModulesInManaged (13ms)
			SetLoadedEditorAssemblies (4ms)
			BeforeProcessingInitializeOnLoad (120ms)
			ProcessInitializeOnLoadAttributes (472ms)
			ProcessInitializeOnLoadMethodAttributes (28ms)
			AfterProcessingInitializeOnLoad (14ms)
			EditorAssembliesLoaded (0ms)
		ExecutionOrderSort2 (0ms)
		AwakeInstancesAfterBackupRestoration (22ms)
Refreshing native plugins compatible for Editor in 0.88 ms, found 3 plugins.
Preloading 0 native plugins for Editor in 0.00 ms.
Unloading 12 Unused Serialized files (Serialized files now loaded: 0)
Unloading 3689 unused Assets / (2.9 MB). Loaded Objects now: 4324.
Memory consumption went from 91.6 MB to 88.7 MB.
Total: 6.396300 ms (FindLiveObjects: 0.446600 ms CreateObjectMapping: 0.166500 ms MarkObjects: 4.377700 ms  DeleteObjects: 1.404700 ms)

Prepare: number of updated asset objects reloaded= 0
========================================================================
Received Prepare
Refreshing native plugins compatible for Editor in 1.04 ms, found 3 plugins.
Preloading 0 native plugins for Editor in 0.00 ms.
Unloading 12 Unused Serialized files (Serialized files now loaded: 0)
Unloading 3684 unused Assets / (2.8 MB). Loaded Objects now: 4324.
Memory consumption went from 91.8 MB to 89.0 MB.
Total: 5.990400 ms (FindLiveObjects: 0.433400 ms CreateObjectMapping: 0.160000 ms MarkObjects: 4.137800 ms  DeleteObjects: 1.258600 ms)

Prepare: number of updated asset objects reloaded= 0
========================================================================
Received Prepare
Begin MonoManager ReloadAssembly
[Licensing::Client] Successfully resolved entitlement details
- Loaded All Assemblies, in  0.750 seconds
Refreshing native plugins compatible for Editor in 0.74 ms, found 3 plugins.
Native extension for Android target not found
Native extension for WindowsStandalone target not found
[Package Manager] Failed to launch server process. Reason: Unity was launched with the -noUpm command-line argument
[Package Manager] Unable to send message (not connected to server process).
[Package Manager] Cannot connect to Unity Package Manager local server
Mono: successfully reloaded assembly
- Finished resetting the current domain, in  0.757 seconds
Domain Reload Profiling: 1506ms
	BeginReloadAssembly (249ms)
		ExecutionOrderSort (0ms)
		DisableScriptedObjects (8ms)
		BackupInstance (0ms)
		ReleaseScriptingObjects (0ms)
		CreateAndSetChildDomain (43ms)
	RebuildCommonClasses (41ms)
	RebuildNativeTypeToScriptingClass (15ms)
	initialDomainReloadingComplete (36ms)
	LoadAllAssembliesAndSetupDomain (408ms)
		LoadAssemblies (378ms)
		RebuildTransferFunctionScriptingTraits (0ms)
		AnalyzeDomain (171ms)
			TypeCache.Refresh (12ms)
				TypeCache.ScanAssembly (1ms)
			BuildScriptInfoCaches (147ms)
			ResolveRequiredComponents (6ms)
	FinalizeReload (758ms)
		ReleaseScriptCaches (0ms)
		RebuildScriptCaches (0ms)
		SetupLoadedEditorAssemblies (601ms)
			LogAssemblyErrors (0ms)
			InitializePlatformSupportModulesInManaged (15ms)
			SetLoadedEditorAssemblies (4ms)
			BeforeProcessingInitializeOnLoad (105ms)
			ProcessInitializeOnLoadAttributes (438ms)
			ProcessInitializeOnLoadMethodAttributes (30ms)
			AfterProcessingInitializeOnLoad (8ms)
			EditorAssembliesLoaded (0ms)
		ExecutionOrderSort2 (0ms)
		AwakeInstancesAfterBackupRestoration (21ms)
Refreshing native plugins compatible for Editor in 0.99 ms, found 3 plugins.
Preloading 0 native plugins for Editor in 0.00 ms.
Unloading 12 Unused Serialized files (Serialized files now loaded: 0)
Unloading 3689 unused Assets / (2.9 MB). Loaded Objects now: 4325.
Memory consumption went from 91.7 MB to 88.8 MB.
Total: 6.424600 ms (FindLiveObjects: 0.449800 ms CreateObjectMapping: 0.174000 ms MarkObjects: 4.422000 ms  DeleteObjects: 1.378000 ms)

Prepare: number of updated asset objects reloaded= 0
========================================================================
Received Prepare
Refreshing native plugins compatible for Editor in 0.77 ms, found 3 plugins.
Preloading 0 native plugins for Editor in 0.00 ms.
Unloading 12 Unused Serialized files (Serialized files now loaded: 0)
Unloading 3684 unused Assets / (2.9 MB). Loaded Objects now: 4325.
Memory consumption went from 91.8 MB to 89.0 MB.
Total: 6.173600 ms (FindLiveObjects: 0.438900 ms CreateObjectMapping: 0.165600 ms MarkObjects: 4.236700 ms  DeleteObjects: 1.332000 ms)

Prepare: number of updated asset objects reloaded= 0
========================================================================
Received Prepare
Begin MonoManager ReloadAssembly
- Loaded All Assemblies, in  0.462 seconds
Refreshing native plugins compatible for Editor in 0.37 ms, found 3 plugins.
Native extension for Android target not found
Native extension for WindowsStandalone target not found
[Package Manager] Failed to launch server process. Reason: Unity was launched with the -noUpm command-line argument
[Package Manager] Unable to send message (not connected to server process).
[Package Manager] Cannot connect to Unity Package Manager local server
Mono: successfully reloaded assembly
- Finished resetting the current domain, in  0.458 seconds
Domain Reload Profiling: 919ms
	BeginReloadAssembly (158ms)
		ExecutionOrderSort (0ms)
		DisableScriptedObjects (3ms)
		BackupInstance (0ms)
		ReleaseScriptingObjects (0ms)
		CreateAndSetChildDomain (28ms)
	RebuildCommonClasses (39ms)
	RebuildNativeTypeToScriptingClass (13ms)
	initialDomainReloadingComplete (23ms)
	LoadAllAssembliesAndSetupDomain (228ms)
		LoadAssemblies (221ms)
		RebuildTransferFunctionScriptingTraits (0ms)
		AnalyzeDomain (93ms)
			TypeCache.Refresh (6ms)
				TypeCache.ScanAssembly (1ms)
			BuildScriptInfoCaches (79ms)
			ResolveRequiredComponents (3ms)
	FinalizeReload (458ms)
		ReleaseScriptCaches (0ms)
		RebuildScriptCaches (0ms)
		SetupLoadedEditorAssemblies (369ms)
			LogAssemblyErrors (0ms)
			InitializePlatformSupportModulesInManaged (8ms)
			SetLoadedEditorAssemblies (3ms)
			BeforeProcessingInitializeOnLoad (66ms)
			ProcessInitializeOnLoadAttributes (274ms)
			ProcessInitializeOnLoadMethodAttributes (15ms)
			AfterProcessingInitializeOnLoad (3ms)
			EditorAssembliesLoaded (0ms)
		ExecutionOrderSort2 (0ms)
		AwakeInstancesAfterBackupRestoration (9ms)
Refreshing native plugins compatible for Editor in 0.52 ms, found 3 plugins.
Preloading 0 native plugins for Editor in 0.00 ms.
Unloading 12 Unused Serialized files (Serialized files now loaded: 0)
Unloading 3689 unused Assets / (2.9 MB). Loaded Objects now: 4326.
Memory consumption went from 91.7 MB to 88.8 MB.
Total: 3.842400 ms (FindLiveObjects: 0.237900 ms CreateObjectMapping: 0.108500 ms MarkObjects: 2.662100 ms  DeleteObjects: 0.833100 ms)

Prepare: number of updated asset objects reloaded= 0
========================================================================
Received Prepare
Refreshing native plugins compatible for Editor in 0.74 ms, found 3 plugins.
Preloading 0 native plugins for Editor in 0.00 ms.
Unloading 12 Unused Serialized files (Serialized files now loaded: 0)
Unloading 3684 unused Assets / (2.8 MB). Loaded Objects now: 4326.
Memory consumption went from 91.8 MB to 89.0 MB.
Total: 6.230800 ms (FindLiveObjects: 0.427900 ms CreateObjectMapping: 0.156300 ms MarkObjects: 4.345300 ms  DeleteObjects: 1.300600 ms)

Prepare: number of updated asset objects reloaded= 0
========================================================================
Received Prepare
Begin MonoManager ReloadAssembly
- Loaded All Assemblies, in  0.725 seconds
Refreshing native plugins compatible for Editor in 0.67 ms, found 3 plugins.
Native extension for Android target not found
Native extension for WindowsStandalone target not found
[Package Manager] Failed to launch server process. Reason: Unity was launched with the -noUpm command-line argument
[Package Manager] Unable to send message (not connected to server process).
[Package Manager] Cannot connect to Unity Package Manager local server
Mono: successfully reloaded assembly
- Finished resetting the current domain, in  0.774 seconds
Domain Reload Profiling: 1497ms
	BeginReloadAssembly (236ms)
		ExecutionOrderSort (0ms)
		DisableScriptedObjects (7ms)
		BackupInstance (0ms)
		ReleaseScriptingObjects (0ms)
		CreateAndSetChildDomain (48ms)
	RebuildCommonClasses (45ms)
	RebuildNativeTypeToScriptingClass (15ms)
	initialDomainReloadingComplete (34ms)
	LoadAllAssembliesAndSetupDomain (392ms)
		LoadAssemblies (364ms)
		RebuildTransferFunctionScriptingTraits (0ms)
		AnalyzeDomain (160ms)
			TypeCache.Refresh (10ms)
				TypeCache.ScanAssembly (1ms)
			BuildScriptInfoCaches (138ms)
			ResolveRequiredComponents (6ms)
	FinalizeReload (774ms)
		ReleaseScriptCaches (0ms)
		RebuildScriptCaches (0ms)
		SetupLoadedEditorAssemblies (625ms)
			LogAssemblyErrors (0ms)
			InitializePlatformSupportModulesInManaged (9ms)
			SetLoadedEditorAssemblies (3ms)
			BeforeProcessingInitializeOnLoad (123ms)
			ProcessInitializeOnLoadAttributes (448ms)
			ProcessInitializeOnLoadMethodAttributes (32ms)
			AfterProcessingInitializeOnLoad (8ms)
			EditorAssembliesLoaded (0ms)
		ExecutionOrderSort2 (0ms)
		AwakeInstancesAfterBackupRestoration (21ms)
Refreshing native plugins compatible for Editor in 0.79 ms, found 3 plugins.
Preloading 0 native plugins for Editor in 0.00 ms.
Unloading 12 Unused Serialized files (Serialized files now loaded: 0)
Unloading 3689 unused Assets / (2.9 MB). Loaded Objects now: 4327.
Memory consumption went from 91.7 MB to 88.8 MB.
Total: 6.955500 ms (FindLiveObjects: 0.440000 ms CreateObjectMapping: 0.173900 ms MarkObjects: 5.012400 ms  DeleteObjects: 1.328000 ms)

Prepare: number of updated asset objects reloaded= 0
========================================================================
Received Prepare
Refreshing native plugins compatible for Editor in 0.91 ms, found 3 plugins.
Preloading 0 native plugins for Editor in 0.00 ms.
Unloading 12 Unused Serialized files (Serialized files now loaded: 0)
Unloading 3684 unused Assets / (2.9 MB). Loaded Objects now: 4327.
Memory consumption went from 91.9 MB to 89.0 MB.
Total: 6.716600 ms (FindLiveObjects: 0.451200 ms CreateObjectMapping: 0.178700 ms MarkObjects: 4.664300 ms  DeleteObjects: 1.421400 ms)

Prepare: number of updated asset objects reloaded= 0
========================================================================
Received Prepare
Begin MonoManager ReloadAssembly
- Loaded All Assemblies, in  0.718 seconds
Refreshing native plugins compatible for Editor in 0.79 ms, found 3 plugins.
Native extension for Android target not found
Native extension for WindowsStandalone target not found
[Package Manager] Failed to launch server process. Reason: Unity was launched with the -noUpm command-line argument
[Package Manager] Unable to send message (not connected to server process).
[Package Manager] Cannot connect to Unity Package Manager local server
Mono: successfully reloaded assembly
- Finished resetting the current domain, in  0.782 seconds
Domain Reload Profiling: 1499ms
	BeginReloadAssembly (237ms)
		ExecutionOrderSort (0ms)
		DisableScriptedObjects (7ms)
		BackupInstance (0ms)
		ReleaseScriptingObjects (0ms)
		CreateAndSetChildDomain (42ms)
	RebuildCommonClasses (43ms)
	RebuildNativeTypeToScriptingClass (14ms)
	initialDomainReloadingComplete (33ms)
	LoadAllAssembliesAndSetupDomain (390ms)
		LoadAssemblies (364ms)
		RebuildTransferFunctionScriptingTraits (0ms)
		AnalyzeDomain (160ms)
			TypeCache.Refresh (13ms)
				TypeCache.ScanAssembly (1ms)
			BuildScriptInfoCaches (136ms)
			ResolveRequiredComponents (6ms)
	FinalizeReload (782ms)
		ReleaseScriptCaches (0ms)
		RebuildScriptCaches (0ms)
		SetupLoadedEditorAssemblies (630ms)
			LogAssemblyErrors (0ms)
			InitializePlatformSupportModulesInManaged (13ms)
			SetLoadedEditorAssemblies (5ms)
			BeforeProcessingInitializeOnLoad (109ms)
			ProcessInitializeOnLoadAttributes (460ms)
			ProcessInitializeOnLoadMethodAttributes (30ms)
			AfterProcessingInitializeOnLoad (14ms)
			EditorAssembliesLoaded (0ms)
		ExecutionOrderSort2 (0ms)
		AwakeInstancesAfterBackupRestoration (21ms)
Refreshing native plugins compatible for Editor in 0.76 ms, found 3 plugins.
Preloading 0 native plugins for Editor in 0.00 ms.
Unloading 12 Unused Serialized files (Serialized files now loaded: 0)
Unloading 3689 unused Assets / (2.2 MB). Loaded Objects now: 4328.
Memory consumption went from 91.7 MB to 89.5 MB.
Total: 5.833700 ms (FindLiveObjects: 0.437800 ms CreateObjectMapping: 0.153000 ms MarkObjects: 4.070500 ms  DeleteObjects: 1.171900 ms)

Prepare: number of updated asset objects reloaded= 0
========================================================================
Received Prepare
Refreshing native plugins compatible for Editor in 0.95 ms, found 3 plugins.
Preloading 0 native plugins for Editor in 0.00 ms.
Unloading 12 Unused Serialized files (Serialized files now loaded: 0)
Unloading 3684 unused Assets / (2.8 MB). Loaded Objects now: 4328.
Memory consumption went from 91.9 MB to 89.1 MB.
Total: 6.037100 ms (FindLiveObjects: 0.432600 ms CreateObjectMapping: 0.156800 ms MarkObjects: 4.255500 ms  DeleteObjects: 1.191500 ms)

Prepare: number of updated asset objects reloaded= 0
========================================================================
Received Prepare
Refreshing native plugins compatible for Editor in 0.74 ms, found 3 plugins.
Preloading 0 native plugins for Editor in 0.00 ms.
Unloading 12 Unused Serialized files (Serialized files now loaded: 0)
Unloading 3684 unused Assets / (2.9 MB). Loaded Objects now: 4328.
Memory consumption went from 91.9 MB to 89.0 MB.
Total: 6.720900 ms (FindLiveObjects: 0.434000 ms CreateObjectMapping: 0.152100 ms MarkObjects: 4.717800 ms  DeleteObjects: 1.416000 ms)

Prepare: number of updated asset objects reloaded= 0
========================================================================
Received Prepare
Refreshing native plugins compatible for Editor in 0.87 ms, found 3 plugins.
Preloading 0 native plugins for Editor in 0.00 ms.
Unloading 12 Unused Serialized files (Serialized files now loaded: 0)
Unloading 3684 unused Assets / (2.9 MB). Loaded Objects now: 4328.
Memory consumption went from 91.9 MB to 88.9 MB.
Total: 6.510600 ms (FindLiveObjects: 0.428500 ms CreateObjectMapping: 0.154200 ms MarkObjects: 4.565400 ms  DeleteObjects: 1.361700 ms)

Prepare: number of updated asset objects reloaded= 0
========================================================================
Received Prepare
Begin MonoManager ReloadAssembly
[Licensing::Client] Successfully resolved entitlement details
- Loaded All Assemblies, in  0.719 seconds
Refreshing native plugins compatible for Editor in 0.66 ms, found 3 plugins.
Native extension for Android target not found
Native extension for WindowsStandalone target not found
[Package Manager] Failed to launch server process. Reason: Unity was launched with the -noUpm command-line argument
[Package Manager] Unable to send message (not connected to server process).
[Package Manager] Cannot connect to Unity Package Manager local server
Mono: successfully reloaded assembly
- Finished resetting the current domain, in  0.796 seconds
Domain Reload Profiling: 1514ms
	BeginReloadAssembly (245ms)
		ExecutionOrderSort (0ms)
		DisableScriptedObjects (7ms)
		BackupInstance (0ms)
		ReleaseScriptingObjects (0ms)
		CreateAndSetChildDomain (42ms)
	RebuildCommonClasses (42ms)
	RebuildNativeTypeToScriptingClass (14ms)
	initialDomainReloadingComplete (34ms)
	LoadAllAssembliesAndSetupDomain (382ms)
		LoadAssemblies (365ms)
		RebuildTransferFunctionScriptingTraits (0ms)
		AnalyzeDomain (158ms)
			TypeCache.Refresh (10ms)
				TypeCache.ScanAssembly (1ms)
			BuildScriptInfoCaches (137ms)
			ResolveRequiredComponents (6ms)
	FinalizeReload (797ms)
		ReleaseScriptCaches (0ms)
		RebuildScriptCaches (0ms)
		SetupLoadedEditorAssemblies (644ms)
			LogAssemblyErrors (0ms)
			InitializePlatformSupportModulesInManaged (13ms)
			SetLoadedEditorAssemblies (4ms)
			BeforeProcessingInitializeOnLoad (120ms)
			ProcessInitializeOnLoadAttributes (463ms)
			ProcessInitializeOnLoadMethodAttributes (30ms)
			AfterProcessingInitializeOnLoad (14ms)
			EditorAssembliesLoaded (0ms)
		ExecutionOrderSort2 (0ms)
		AwakeInstancesAfterBackupRestoration (21ms)
Refreshing native plugins compatible for Editor in 1.01 ms, found 3 plugins.
Preloading 0 native plugins for Editor in 0.00 ms.
Unloading 12 Unused Serialized files (Serialized files now loaded: 0)
Unloading 3689 unused Assets / (2.7 MB). Loaded Objects now: 4329.
Memory consumption went from 91.7 MB to 89.0 MB.
Total: 5.899900 ms (FindLiveObjects: 0.440100 ms CreateObjectMapping: 0.163400 ms MarkObjects: 4.115900 ms  DeleteObjects: 1.180000 ms)

Prepare: number of updated asset objects reloaded= 0
========================================================================
Received Prepare
Refreshing native plugins compatible for Editor in 0.86 ms, found 3 plugins.
Preloading 0 native plugins for Editor in 0.00 ms.
Unloading 12 Unused Serialized files (Serialized files now loaded: 0)
Unloading 3684 unused Assets / (2.8 MB). Loaded Objects now: 4329.
Memory consumption went from 91.9 MB to 89.1 MB.
Total: 6.087400 ms (FindLiveObjects: 0.426100 ms CreateObjectMapping: 0.166200 ms MarkObjects: 4.272300 ms  DeleteObjects: 1.221900 ms)

Prepare: number of updated asset objects reloaded= 0
========================================================================
Received Prepare
Begin MonoManager ReloadAssembly
- Loaded All Assemblies, in  0.697 seconds
Refreshing native plugins compatible for Editor in 0.78 ms, found 3 plugins.
Native extension for Android target not found
Native extension for WindowsStandalone target not found
[Package Manager] Failed to launch server process. Reason: Unity was launched with the -noUpm command-line argument
[Package Manager] Unable to send message (not connected to server process).
[Package Manager] Cannot connect to Unity Package Manager local server
Mono: successfully reloaded assembly
- Finished resetting the current domain, in  0.811 seconds
Domain Reload Profiling: 1507ms
	BeginReloadAssembly (234ms)
		ExecutionOrderSort (0ms)
		DisableScriptedObjects (8ms)
		BackupInstance (0ms)
		ReleaseScriptingObjects (0ms)
		CreateAndSetChildDomain (43ms)
	RebuildCommonClasses (43ms)
	RebuildNativeTypeToScriptingClass (14ms)
	initialDomainReloadingComplete (34ms)
	LoadAllAssembliesAndSetupDomain (371ms)
		LoadAssemblies (357ms)
		RebuildTransferFunctionScriptingTraits (0ms)
		AnalyzeDomain (149ms)
			TypeCache.Refresh (9ms)
				TypeCache.ScanAssembly (1ms)
			BuildScriptInfoCaches (129ms)
			ResolveRequiredComponents (6ms)
	FinalizeReload (811ms)
		ReleaseScriptCaches (0ms)
		RebuildScriptCaches (0ms)
		SetupLoadedEditorAssemblies (654ms)
			LogAssemblyErrors (0ms)
			InitializePlatformSupportModulesInManaged (14ms)
			SetLoadedEditorAssemblies (5ms)
			BeforeProcessingInitializeOnLoad (113ms)
			ProcessInitializeOnLoadAttributes (480ms)
			ProcessInitializeOnLoadMethodAttributes (33ms)
			AfterProcessingInitializeOnLoad (8ms)
			EditorAssembliesLoaded (0ms)
		ExecutionOrderSort2 (0ms)
		AwakeInstancesAfterBackupRestoration (20ms)
Refreshing native plugins compatible for Editor in 0.76 ms, found 3 plugins.
Preloading 0 native plugins for Editor in 0.00 ms.
Unloading 12 Unused Serialized files (Serialized files now loaded: 0)
Unloading 3689 unused Assets / (2.9 MB). Loaded Objects now: 4330.
Memory consumption went from 91.7 MB to 88.8 MB.
Total: 7.332300 ms (FindLiveObjects: 0.525000 ms CreateObjectMapping: 0.246700 ms MarkObjects: 5.034000 ms  DeleteObjects: 1.525300 ms)

Prepare: number of updated asset objects reloaded= 0
========================================================================
Received Prepare
Refreshing native plugins compatible for Editor in 0.96 ms, found 3 plugins.
Preloading 0 native plugins for Editor in 0.00 ms.
Unloading 12 Unused Serialized files (Serialized files now loaded: 0)
Unloading 3684 unused Assets / (2.9 MB). Loaded Objects now: 4330.
Memory consumption went from 91.9 MB to 89.0 MB.
Total: 6.347200 ms (FindLiveObjects: 0.438000 ms CreateObjectMapping: 0.179500 ms MarkObjects: 4.416500 ms  DeleteObjects: 1.312200 ms)

Prepare: number of updated asset objects reloaded= 0
========================================================================
Received Prepare
Refreshing native plugins compatible for Editor in 0.85 ms, found 3 plugins.
Preloading 0 native plugins for Editor in 0.00 ms.
Unloading 12 Unused Serialized files (Serialized files now loaded: 0)
Unloading 3684 unused Assets / (2.8 MB). Loaded Objects now: 4330.
Memory consumption went from 91.9 MB to 89.0 MB.
Total: 6.650700 ms (FindLiveObjects: 0.422500 ms CreateObjectMapping: 0.181700 ms MarkObjects: 4.709700 ms  DeleteObjects: 1.335900 ms)

Prepare: number of updated asset objects reloaded= 0
========================================================================
Received Prepare
Begin MonoManager ReloadAssembly
- Loaded All Assemblies, in  0.727 seconds
Refreshing native plugins compatible for Editor in 0.82 ms, found 3 plugins.
Native extension for Android target not found
Native extension for WindowsStandalone target not found
[Package Manager] Failed to launch server process. Reason: Unity was launched with the -noUpm command-line argument
[Package Manager] Unable to send message (not connected to server process).
[Package Manager] Cannot connect to Unity Package Manager local server
Mono: successfully reloaded assembly
- Finished resetting the current domain, in  0.762 seconds
Domain Reload Profiling: 1487ms
	BeginReloadAssembly (242ms)
		ExecutionOrderSort (0ms)
		DisableScriptedObjects (7ms)
		BackupInstance (0ms)
		ReleaseScriptingObjects (0ms)
		CreateAndSetChildDomain (44ms)
	RebuildCommonClasses (42ms)
	RebuildNativeTypeToScriptingClass (15ms)
	initialDomainReloadingComplete (36ms)
	LoadAllAssembliesAndSetupDomain (389ms)
		LoadAssemblies (373ms)
		RebuildTransferFunctionScriptingTraits (0ms)
		AnalyzeDomain (159ms)
			TypeCache.Refresh (11ms)
				TypeCache.ScanAssembly (1ms)
			BuildScriptInfoCaches (137ms)
			ResolveRequiredComponents (6ms)
	FinalizeReload (762ms)
		ReleaseScriptCaches (0ms)
		RebuildScriptCaches (0ms)
		SetupLoadedEditorAssemblies (609ms)
			LogAssemblyErrors (0ms)
			InitializePlatformSupportModulesInManaged (12ms)
			SetLoadedEditorAssemblies (4ms)
			BeforeProcessingInitializeOnLoad (109ms)
			ProcessInitializeOnLoadAttributes (441ms)
			ProcessInitializeOnLoadMethodAttributes (29ms)
			AfterProcessingInitializeOnLoad (13ms)
			EditorAssembliesLoaded (0ms)
		ExecutionOrderSort2 (0ms)
		AwakeInstancesAfterBackupRestoration (21ms)
Refreshing native plugins compatible for Editor in 0.76 ms, found 3 plugins.
Preloading 0 native plugins for Editor in 0.00 ms.
Unloading 12 Unused Serialized files (Serialized files now loaded: 0)
Unloading 3689 unused Assets / (2.8 MB). Loaded Objects now: 4331.
Memory consumption went from 91.7 MB to 88.9 MB.
Total: 5.916700 ms (FindLiveObjects: 0.454000 ms CreateObjectMapping: 0.161600 ms MarkObjects: 4.070600 ms  DeleteObjects: 1.229800 ms)

Prepare: number of updated asset objects reloaded= 0
========================================================================
Received Prepare
Refreshing native plugins compatible for Editor in 0.73 ms, found 3 plugins.
Preloading 0 native plugins for Editor in 0.00 ms.
Unloading 12 Unused Serialized files (Serialized files now loaded: 0)
Unloading 3684 unused Assets / (2.7 MB). Loaded Objects now: 4331.
Memory consumption went from 91.9 MB to 89.1 MB.
Total: 6.616500 ms (FindLiveObjects: 0.439400 ms CreateObjectMapping: 0.171000 ms MarkObjects: 4.732100 ms  DeleteObjects: 1.273400 ms)

Prepare: number of updated asset objects reloaded= 0
========================================================================
Received Prepare
Begin MonoManager ReloadAssembly
[Licensing::Client] Successfully resolved entitlement details
- Loaded All Assemblies, in  0.715 seconds
Refreshing native plugins compatible for Editor in 0.61 ms, found 3 plugins.
Native extension for Android target not found
Native extension for WindowsStandalone target not found
[Package Manager] Failed to launch server process. Reason: Unity was launched with the -noUpm command-line argument
[Package Manager] Unable to send message (not connected to server process).
[Package Manager] Cannot connect to Unity Package Manager local server
Mono: successfully reloaded assembly
- Finished resetting the current domain, in  0.816 seconds
Domain Reload Profiling: 1530ms
	BeginReloadAssembly (237ms)
		ExecutionOrderSort (0ms)
		DisableScriptedObjects (8ms)
		BackupInstance (0ms)
		ReleaseScriptingObjects (0ms)
		CreateAndSetChildDomain (43ms)
	RebuildCommonClasses (41ms)
	RebuildNativeTypeToScriptingClass (14ms)
	initialDomainReloadingComplete (36ms)
	LoadAllAssembliesAndSetupDomain (385ms)
		LoadAssemblies (348ms)
		RebuildTransferFunctionScriptingTraits (0ms)
		AnalyzeDomain (169ms)
			TypeCache.Refresh (12ms)
				TypeCache.ScanAssembly (1ms)
			BuildScriptInfoCaches (145ms)
			ResolveRequiredComponents (7ms)
	FinalizeReload (817ms)
		ReleaseScriptCaches (0ms)
		RebuildScriptCaches (0ms)
		SetupLoadedEditorAssemblies (657ms)
			LogAssemblyErrors (0ms)
			InitializePlatformSupportModulesInManaged (13ms)
			SetLoadedEditorAssemblies (4ms)
			BeforeProcessingInitializeOnLoad (114ms)
			ProcessInitializeOnLoadAttributes (486ms)
			ProcessInitializeOnLoadMethodAttributes (29ms)
			AfterProcessingInitializeOnLoad (10ms)
			EditorAssembliesLoaded (0ms)
		ExecutionOrderSort2 (0ms)
		AwakeInstancesAfterBackupRestoration (23ms)
Refreshing native plugins compatible for Editor in 0.71 ms, found 3 plugins.
Preloading 0 native plugins for Editor in 0.00 ms.
Unloading 12 Unused Serialized files (Serialized files now loaded: 0)
Unloading 3689 unused Assets / (2.8 MB). Loaded Objects now: 4332.
Memory consumption went from 91.7 MB to 88.9 MB.
Total: 5.992900 ms (FindLiveObjects: 0.510700 ms CreateObjectMapping: 0.160800 ms MarkObjects: 4.061700 ms  DeleteObjects: 1.259100 ms)

Prepare: number of updated asset objects reloaded= 0
========================================================================
Received Prepare
Refreshing native plugins compatible for Editor in 0.72 ms, found 3 plugins.
Preloading 0 native plugins for Editor in 0.00 ms.
Unloading 12 Unused Serialized files (Serialized files now loaded: 0)
Unloading 3684 unused Assets / (2.8 MB). Loaded Objects now: 4332.
Memory consumption went from 91.9 MB to 89.0 MB.
Total: 6.454400 ms (FindLiveObjects: 0.436900 ms CreateObjectMapping: 0.345300 ms MarkObjects: 4.440600 ms  DeleteObjects: 1.231000 ms)

Prepare: number of updated asset objects reloaded= 0
========================================================================
Received Prepare
Refreshing native plugins compatible for Editor in 0.74 ms, found 3 plugins.
Preloading 0 native plugins for Editor in 0.00 ms.
Unloading 12 Unused Serialized files (Serialized files now loaded: 0)
Unloading 3684 unused Assets / (2.9 MB). Loaded Objects now: 4332.
Memory consumption went from 91.9 MB to 89.0 MB.
Total: 6.483900 ms (FindLiveObjects: 0.434900 ms CreateObjectMapping: 0.159700 ms MarkObjects: 4.497600 ms  DeleteObjects: 1.390900 ms)

Prepare: number of updated asset objects reloaded= 0
========================================================================
Received Prepare
Refreshing native plugins compatible for Editor in 0.78 ms, found 3 plugins.
Preloading 0 native plugins for Editor in 0.00 ms.
Unloading 12 Unused Serialized files (Serialized files now loaded: 0)
Unloading 3684 unused Assets / (2.2 MB). Loaded Objects now: 4332.
Memory consumption went from 91.9 MB to 89.6 MB.
Total: 6.785400 ms (FindLiveObjects: 0.489200 ms CreateObjectMapping: 0.442600 ms MarkObjects: 4.561300 ms  DeleteObjects: 1.291600 ms)

Prepare: number of updated asset objects reloaded= 0
========================================================================
Received Prepare
Begin MonoManager ReloadAssembly
- Loaded All Assemblies, in  0.492 seconds
Refreshing native plugins compatible for Editor in 0.45 ms, found 3 plugins.
Native extension for Android target not found
Native extension for WindowsStandalone target not found
[Package Manager] Failed to launch server process. Reason: Unity was launched with the -noUpm command-line argument
[Package Manager] Unable to send message (not connected to server process).
[Package Manager] Cannot connect to Unity Package Manager local server
Mono: successfully reloaded assembly
- Finished resetting the current domain, in  0.437 seconds
Domain Reload Profiling: 927ms
	BeginReloadAssembly (161ms)
		ExecutionOrderSort (0ms)
		DisableScriptedObjects (4ms)
		BackupInstance (0ms)
		ReleaseScriptingObjects (0ms)
		CreateAndSetChildDomain (28ms)
	RebuildCommonClasses (26ms)
	RebuildNativeTypeToScriptingClass (9ms)
	initialDomainReloadingComplete (21ms)
	LoadAllAssembliesAndSetupDomain (274ms)
		LoadAssemblies (259ms)
		RebuildTransferFunctionScriptingTraits (0ms)
		AnalyzeDomain (108ms)
			TypeCache.Refresh (8ms)
				TypeCache.ScanAssembly (1ms)
			BuildScriptInfoCaches (94ms)
			ResolveRequiredComponents (3ms)
	FinalizeReload (437ms)
		ReleaseScriptCaches (0ms)
		RebuildScriptCaches (0ms)
		SetupLoadedEditorAssemblies (347ms)
			LogAssemblyErrors (0ms)
			InitializePlatformSupportModulesInManaged (8ms)
			SetLoadedEditorAssemblies (3ms)
			BeforeProcessingInitializeOnLoad (57ms)
			ProcessInitializeOnLoadAttributes (260ms)
			ProcessInitializeOnLoadMethodAttributes (16ms)
			AfterProcessingInitializeOnLoad (3ms)
			EditorAssembliesLoaded (0ms)
		ExecutionOrderSort2 (0ms)
		AwakeInstancesAfterBackupRestoration (9ms)
Refreshing native plugins compatible for Editor in 0.42 ms, found 3 plugins.
Preloading 0 native plugins for Editor in 0.00 ms.
Unloading 12 Unused Serialized files (Serialized files now loaded: 0)
Unloading 3689 unused Assets / (2.8 MB). Loaded Objects now: 4333.
Memory consumption went from 91.7 MB to 88.9 MB.
Total: 3.854800 ms (FindLiveObjects: 0.235900 ms CreateObjectMapping: 0.107900 ms MarkObjects: 2.693200 ms  DeleteObjects: 0.817000 ms)

Prepare: number of updated asset objects reloaded= 0
========================================================================
Received Prepare
Begin MonoManager ReloadAssembly
- Loaded All Assemblies, in  0.396 seconds
Refreshing native plugins compatible for Editor in 0.32 ms, found 3 plugins.
Native extension for Android target not found
Native extension for WindowsStandalone target not found
[Package Manager] Failed to launch server process. Reason: Unity was launched with the -noUpm command-line argument
[Package Manager] Unable to send message (not connected to server process).
[Package Manager] Cannot connect to Unity Package Manager local server
Mono: successfully reloaded assembly
- Finished resetting the current domain, in  0.464 seconds
Domain Reload Profiling: 861ms
	BeginReloadAssembly (132ms)
		ExecutionOrderSort (0ms)
		DisableScriptedObjects (4ms)
		BackupInstance (0ms)
		ReleaseScriptingObjects (0ms)
		CreateAndSetChildDomain (26ms)
	RebuildCommonClasses (23ms)
	RebuildNativeTypeToScriptingClass (8ms)
	initialDomainReloadingComplete (20ms)
	LoadAllAssembliesAndSetupDomain (214ms)
		LoadAssemblies (192ms)
		RebuildTransferFunctionScriptingTraits (0ms)
		AnalyzeDomain (92ms)
			TypeCache.Refresh (5ms)
				TypeCache.ScanAssembly (0ms)
			BuildScriptInfoCaches (80ms)
			ResolveRequiredComponents (3ms)
	FinalizeReload (465ms)
		ReleaseScriptCaches (0ms)
		RebuildScriptCaches (0ms)
		SetupLoadedEditorAssemblies (378ms)
			LogAssemblyErrors (0ms)
			InitializePlatformSupportModulesInManaged (9ms)
			SetLoadedEditorAssemblies (3ms)
			BeforeProcessingInitializeOnLoad (58ms)
			ProcessInitializeOnLoadAttributes (285ms)
			ProcessInitializeOnLoadMethodAttributes (19ms)
			AfterProcessingInitializeOnLoad (4ms)
			EditorAssembliesLoaded (0ms)
		ExecutionOrderSort2 (0ms)
		AwakeInstancesAfterBackupRestoration (11ms)
Refreshing native plugins compatible for Editor in 0.41 ms, found 3 plugins.
Preloading 0 native plugins for Editor in 0.00 ms.
Unloading 12 Unused Serialized files (Serialized files now loaded: 0)
Unloading 3689 unused Assets / (2.9 MB). Loaded Objects now: 4334.
Memory consumption went from 91.7 MB to 88.8 MB.
Total: 4.037700 ms (FindLiveObjects: 0.243300 ms CreateObjectMapping: 0.109600 ms MarkObjects: 2.806100 ms  DeleteObjects: 0.878000 ms)

Prepare: number of updated asset objects reloaded= 0
========================================================================
Received Prepare
Begin MonoManager ReloadAssembly
[Licensing::Client] Successfully resolved entitlement details
- Loaded All Assemblies, in  0.403 seconds
Refreshing native plugins compatible for Editor in 0.32 ms, found 3 plugins.
Native extension for Android target not found
Native extension for WindowsStandalone target not found
[Package Manager] Failed to launch server process. Reason: Unity was launched with the -noUpm command-line argument
[Package Manager] Unable to send message (not connected to server process).
[Package Manager] Cannot connect to Unity Package Manager local server
Mono: successfully reloaded assembly
- Finished resetting the current domain, in  0.467 seconds
Domain Reload Profiling: 871ms
	BeginReloadAssembly (134ms)
		ExecutionOrderSort (0ms)
		DisableScriptedObjects (4ms)
		BackupInstance (0ms)
		ReleaseScriptingObjects (0ms)
		CreateAndSetChildDomain (24ms)
	RebuildCommonClasses (25ms)
	RebuildNativeTypeToScriptingClass (8ms)
	initialDomainReloadingComplete (20ms)
	LoadAllAssembliesAndSetupDomain (217ms)
		LoadAssemblies (196ms)
		RebuildTransferFunctionScriptingTraits (0ms)
		AnalyzeDomain (91ms)
			TypeCache.Refresh (5ms)
				TypeCache.ScanAssembly (0ms)
			BuildScriptInfoCaches (80ms)
			ResolveRequiredComponents (3ms)
	FinalizeReload (467ms)
		ReleaseScriptCaches (0ms)
		RebuildScriptCaches (0ms)
		SetupLoadedEditorAssemblies (376ms)
			LogAssemblyErrors (0ms)
			InitializePlatformSupportModulesInManaged (7ms)
			SetLoadedEditorAssemblies (3ms)
			BeforeProcessingInitializeOnLoad (57ms)
			ProcessInitializeOnLoadAttributes (285ms)
			ProcessInitializeOnLoadMethodAttributes (20ms)
			AfterProcessingInitializeOnLoad (5ms)
			EditorAssembliesLoaded (0ms)
		ExecutionOrderSort2 (0ms)
		AwakeInstancesAfterBackupRestoration (11ms)
Refreshing native plugins compatible for Editor in 0.48 ms, found 3 plugins.
Preloading 0 native plugins for Editor in 0.00 ms.
Unloading 12 Unused Serialized files (Serialized files now loaded: 0)
Unloading 3689 unused Assets / (2.9 MB). Loaded Objects now: 4335.
Memory consumption went from 91.7 MB to 88.8 MB.
Total: 3.983000 ms (FindLiveObjects: 0.259900 ms CreateObjectMapping: 0.122900 ms MarkObjects: 2.677000 ms  DeleteObjects: 0.922600 ms)

Prepare: number of updated asset objects reloaded= 0
========================================================================
Received Prepare
Begin MonoManager ReloadAssembly
- Loaded All Assemblies, in  0.398 seconds
Refreshing native plugins compatible for Editor in 0.58 ms, found 3 plugins.
Native extension for Android target not found
Native extension for WindowsStandalone target not found
[Package Manager] Failed to launch server process. Reason: Unity was launched with the -noUpm command-line argument
[Package Manager] Unable to send message (not connected to server process).
[Package Manager] Cannot connect to Unity Package Manager local server
Mono: successfully reloaded assembly
- Finished resetting the current domain, in  0.466 seconds
Domain Reload Profiling: 864ms
	BeginReloadAssembly (133ms)
		ExecutionOrderSort (0ms)
		DisableScriptedObjects (4ms)
		BackupInstance (0ms)
		ReleaseScriptingObjects (0ms)
		CreateAndSetChildDomain (25ms)
	RebuildCommonClasses (24ms)
	RebuildNativeTypeToScriptingClass (8ms)
	initialDomainReloadingComplete (18ms)
	LoadAllAssembliesAndSetupDomain (214ms)
		LoadAssemblies (194ms)
		RebuildTransferFunctionScriptingTraits (0ms)
		AnalyzeDomain (91ms)
			TypeCache.Refresh (5ms)
				TypeCache.ScanAssembly (0ms)
			BuildScriptInfoCaches (80ms)
			ResolveRequiredComponents (3ms)
	FinalizeReload (466ms)
		ReleaseScriptCaches (0ms)
		RebuildScriptCaches (0ms)
		SetupLoadedEditorAssemblies (379ms)
			LogAssemblyErrors (0ms)
			InitializePlatformSupportModulesInManaged (8ms)
			SetLoadedEditorAssemblies (3ms)
			BeforeProcessingInitializeOnLoad (57ms)
			ProcessInitializeOnLoadAttributes (288ms)
			ProcessInitializeOnLoadMethodAttributes (20ms)
			AfterProcessingInitializeOnLoad (4ms)
			EditorAssembliesLoaded (0ms)
		ExecutionOrderSort2 (0ms)
		AwakeInstancesAfterBackupRestoration (11ms)
Refreshing native plugins compatible for Editor in 0.43 ms, found 3 plugins.
Preloading 0 native plugins for Editor in 0.00 ms.
Unloading 12 Unused Serialized files (Serialized files now loaded: 0)
Unloading 3689 unused Assets / (2.9 MB). Loaded Objects now: 4336.
Memory consumption went from 91.7 MB to 88.8 MB.
Total: 4.300400 ms (FindLiveObjects: 0.243100 ms CreateObjectMapping: 0.146500 ms MarkObjects: 3.036100 ms  DeleteObjects: 0.873800 ms)

Prepare: number of updated asset objects reloaded= 0
========================================================================
Received Prepare
Refreshing native plugins compatible for Editor in 0.84 ms, found 3 plugins.
Preloading 0 native plugins for Editor in 0.00 ms.
Unloading 12 Unused Serialized files (Serialized files now loaded: 0)
Unloading 3684 unused Assets / (2.8 MB). Loaded Objects now: 4336.
Memory consumption went from 91.9 MB to 89.1 MB.
Total: 6.411000 ms (FindLiveObjects: 0.450400 ms CreateObjectMapping: 0.159000 ms MarkObjects: 4.501600 ms  DeleteObjects: 1.299300 ms)

Prepare: number of updated asset objects reloaded= 0
========================================================================
Received Prepare
Begin MonoManager ReloadAssembly
[Licensing::Client] Successfully resolved entitlement details
- Loaded All Assemblies, in  0.493 seconds
Refreshing native plugins compatible for Editor in 0.32 ms, found 3 plugins.
Native extension for Android target not found
Native extension for WindowsStandalone target not found
[Package Manager] Failed to launch server process. Reason: Unity was launched with the -noUpm command-line argument
[Package Manager] Unable to send message (not connected to server process).
[Package Manager] Cannot connect to Unity Package Manager local server
Mono: successfully reloaded assembly
- Finished resetting the current domain, in  0.456 seconds
Domain Reload Profiling: 945ms
	BeginReloadAssembly (152ms)
		ExecutionOrderSort (0ms)
		DisableScriptedObjects (4ms)
		BackupInstance (0ms)
		ReleaseScriptingObjects (0ms)
		CreateAndSetChildDomain (32ms)
	RebuildCommonClasses (35ms)
	RebuildNativeTypeToScriptingClass (14ms)
	initialDomainReloadingComplete (26ms)
	LoadAllAssembliesAndSetupDomain (262ms)
		LoadAssemblies (240ms)
		RebuildTransferFunctionScriptingTraits (0ms)
		AnalyzeDomain (103ms)
			TypeCache.Refresh (8ms)
				TypeCache.ScanAssembly (1ms)
			BuildScriptInfoCaches (89ms)
			ResolveRequiredComponents (3ms)
	FinalizeReload (456ms)
		ReleaseScriptCaches (0ms)
		RebuildScriptCaches (0ms)
		SetupLoadedEditorAssemblies (364ms)
			LogAssemblyErrors (0ms)
			InitializePlatformSupportModulesInManaged (7ms)
			SetLoadedEditorAssemblies (3ms)
			BeforeProcessingInitializeOnLoad (64ms)
			ProcessInitializeOnLoadAttributes (268ms)
			ProcessInitializeOnLoadMethodAttributes (17ms)
			AfterProcessingInitializeOnLoad (4ms)
			EditorAssembliesLoaded (0ms)
		ExecutionOrderSort2 (0ms)
		AwakeInstancesAfterBackupRestoration (11ms)
Refreshing native plugins compatible for Editor in 0.41 ms, found 3 plugins.
Preloading 0 native plugins for Editor in 0.00 ms.
Unloading 12 Unused Serialized files (Serialized files now loaded: 0)
Unloading 3689 unused Assets / (2.8 MB). Loaded Objects now: 4337.
Memory consumption went from 91.7 MB to 88.9 MB.
Total: 3.695600 ms (FindLiveObjects: 0.236200 ms CreateObjectMapping: 0.105400 ms MarkObjects: 2.615900 ms  DeleteObjects: 0.737500 ms)

Prepare: number of updated asset objects reloaded= 0
========================================================================
Received Prepare
Begin MonoManager ReloadAssembly
- Loaded All Assemblies, in  0.402 seconds
Refreshing native plugins compatible for Editor in 0.49 ms, found 3 plugins.
Native extension for Android target not found
Native extension for WindowsStandalone target not found
[Package Manager] Failed to launch server process. Reason: Unity was launched with the -noUpm command-line argument
[Package Manager] Unable to send message (not connected to server process).
[Package Manager] Cannot connect to Unity Package Manager local server
Mono: successfully reloaded assembly
- Finished resetting the current domain, in  0.467 seconds
Domain Reload Profiling: 869ms
	BeginReloadAssembly (135ms)
		ExecutionOrderSort (0ms)
		DisableScriptedObjects (4ms)
		BackupInstance (0ms)
		ReleaseScriptingObjects (0ms)
		CreateAndSetChildDomain (25ms)
	RebuildCommonClasses (23ms)
	RebuildNativeTypeToScriptingClass (8ms)
	initialDomainReloadingComplete (20ms)
	LoadAllAssembliesAndSetupDomain (216ms)
		LoadAssemblies (193ms)
		RebuildTransferFunctionScriptingTraits (0ms)
		AnalyzeDomain (91ms)
			TypeCache.Refresh (5ms)
				TypeCache.ScanAssembly (0ms)
			BuildScriptInfoCaches (81ms)
			ResolveRequiredComponents (3ms)
	FinalizeReload (468ms)
		ReleaseScriptCaches (0ms)
		RebuildScriptCaches (0ms)
		SetupLoadedEditorAssemblies (377ms)
			LogAssemblyErrors (0ms)
			InitializePlatformSupportModulesInManaged (8ms)
			SetLoadedEditorAssemblies (3ms)
			BeforeProcessingInitializeOnLoad (56ms)
			ProcessInitializeOnLoadAttributes (288ms)
			ProcessInitializeOnLoadMethodAttributes (17ms)
			AfterProcessingInitializeOnLoad (4ms)
			EditorAssembliesLoaded (0ms)
		ExecutionOrderSort2 (0ms)
		AwakeInstancesAfterBackupRestoration (11ms)
Refreshing native plugins compatible for Editor in 0.39 ms, found 3 plugins.
Preloading 0 native plugins for Editor in 0.00 ms.
Unloading 12 Unused Serialized files (Serialized files now loaded: 0)
Unloading 3689 unused Assets / (2.8 MB). Loaded Objects now: 4338.
Memory consumption went from 91.7 MB to 88.9 MB.
Total: 4.709200 ms (FindLiveObjects: 0.246800 ms CreateObjectMapping: 0.113000 ms MarkObjects: 3.429900 ms  DeleteObjects: 0.918400 ms)

Prepare: number of updated asset objects reloaded= 0
========================================================================
Received Prepare
Refreshing native plugins compatible for Editor in 0.76 ms, found 3 plugins.
Preloading 0 native plugins for Editor in 0.00 ms.
Unloading 12 Unused Serialized files (Serialized files now loaded: 0)
Unloading 3684 unused Assets / (2.9 MB). Loaded Objects now: 4338.
Memory consumption went from 91.9 MB to 89.0 MB.
Total: 6.706700 ms (FindLiveObjects: 0.458700 ms CreateObjectMapping: 0.176100 ms MarkObjects: 4.664700 ms  DeleteObjects: 1.406400 ms)

Prepare: number of updated asset objects reloaded= 0
========================================================================
Received Prepare
Begin MonoManager ReloadAssembly
- Loaded All Assemblies, in  0.689 seconds
Refreshing native plugins compatible for Editor in 0.40 ms, found 3 plugins.
Native extension for Android target not found
Native extension for WindowsStandalone target not found
[Package Manager] Failed to launch server process. Reason: Unity was launched with the -noUpm command-line argument
[Package Manager] Unable to send message (not connected to server process).
[Package Manager] Cannot connect to Unity Package Manager local server
Mono: successfully reloaded assembly
- Finished resetting the current domain, in  0.495 seconds
Domain Reload Profiling: 1182ms
	BeginReloadAssembly (247ms)
		ExecutionOrderSort (0ms)
		DisableScriptedObjects (7ms)
		BackupInstance (0ms)
		ReleaseScriptingObjects (0ms)
		CreateAndSetChildDomain (47ms)
	RebuildCommonClasses (40ms)
	RebuildNativeTypeToScriptingClass (15ms)
	initialDomainReloadingComplete (36ms)
	LoadAllAssembliesAndSetupDomain (348ms)
		LoadAssemblies (374ms)
		RebuildTransferFunctionScriptingTraits (0ms)
		AnalyzeDomain (117ms)
			TypeCache.Refresh (12ms)
				TypeCache.ScanAssembly (1ms)
			BuildScriptInfoCaches (99ms)
			ResolveRequiredComponents (3ms)
	FinalizeReload (496ms)
		ReleaseScriptCaches (0ms)
		RebuildScriptCaches (0ms)
		SetupLoadedEditorAssemblies (404ms)
			LogAssemblyErrors (0ms)
			InitializePlatformSupportModulesInManaged (8ms)
			SetLoadedEditorAssemblies (3ms)
			BeforeProcessingInitializeOnLoad (64ms)
			ProcessInitializeOnLoadAttributes (306ms)
			ProcessInitializeOnLoadMethodAttributes (18ms)
			AfterProcessingInitializeOnLoad (4ms)
			EditorAssembliesLoaded (0ms)
		ExecutionOrderSort2 (0ms)
		AwakeInstancesAfterBackupRestoration (11ms)
Refreshing native plugins compatible for Editor in 0.58 ms, found 3 plugins.
Preloading 0 native plugins for Editor in 0.00 ms.
Unloading 12 Unused Serialized files (Serialized files now loaded: 0)
Unloading 3689 unused Assets / (2.9 MB). Loaded Objects now: 4339.
Memory consumption went from 91.7 MB to 88.8 MB.
Total: 4.420900 ms (FindLiveObjects: 0.233400 ms CreateObjectMapping: 0.107200 ms MarkObjects: 3.238300 ms  DeleteObjects: 0.841200 ms)

Prepare: number of updated asset objects reloaded= 0
========================================================================
Received Prepare
Begin MonoManager ReloadAssembly
[Licensing::Client] Successfully resolved entitlement details
- Loaded All Assemblies, in  0.406 seconds
Refreshing native plugins compatible for Editor in 0.40 ms, found 3 plugins.
Native extension for Android target not found
Native extension for WindowsStandalone target not found
[Package Manager] Failed to launch server process. Reason: Unity was launched with the -noUpm command-line argument
[Package Manager] Unable to send message (not connected to server process).
[Package Manager] Cannot connect to Unity Package Manager local server
Mono: successfully reloaded assembly
- Finished resetting the current domain, in  0.495 seconds
Domain Reload Profiling: 901ms
	BeginReloadAssembly (136ms)
		ExecutionOrderSort (0ms)
		DisableScriptedObjects (4ms)
		BackupInstance (0ms)
		ReleaseScriptingObjects (0ms)
		CreateAndSetChildDomain (25ms)
	RebuildCommonClasses (23ms)
	RebuildNativeTypeToScriptingClass (8ms)
	initialDomainReloadingComplete (22ms)
	LoadAllAssembliesAndSetupDomain (218ms)
		LoadAssemblies (200ms)
		RebuildTransferFunctionScriptingTraits (0ms)
		AnalyzeDomain (90ms)
			TypeCache.Refresh (5ms)
				TypeCache.ScanAssembly (0ms)
			BuildScriptInfoCaches (78ms)
			ResolveRequiredComponents (3ms)
	FinalizeReload (495ms)
		ReleaseScriptCaches (0ms)
		RebuildScriptCaches (0ms)
		SetupLoadedEditorAssemblies (397ms)
			LogAssemblyErrors (0ms)
			InitializePlatformSupportModulesInManaged (9ms)
			SetLoadedEditorAssemblies (3ms)
			BeforeProcessingInitializeOnLoad (68ms)
			ProcessInitializeOnLoadAttributes (294ms)
			ProcessInitializeOnLoadMethodAttributes (18ms)
			AfterProcessingInitializeOnLoad (5ms)
			EditorAssembliesLoaded (0ms)
		ExecutionOrderSort2 (0ms)
		AwakeInstancesAfterBackupRestoration (12ms)
Refreshing native plugins compatible for Editor in 0.77 ms, found 3 plugins.
Preloading 0 native plugins for Editor in 0.00 ms.
Unloading 12 Unused Serialized files (Serialized files now loaded: 0)
Unloading 3689 unused Assets / (2.8 MB). Loaded Objects now: 4340.
Memory consumption went from 91.7 MB to 88.9 MB.
Total: 6.690700 ms (FindLiveObjects: 0.460300 ms CreateObjectMapping: 0.172600 ms MarkObjects: 4.751000 ms  DeleteObjects: 1.305900 ms)

Prepare: number of updated asset objects reloaded= 0
========================================================================
Received Prepare
Begin MonoManager ReloadAssembly
- Loaded All Assemblies, in  0.397 seconds
Refreshing native plugins compatible for Editor in 0.34 ms, found 3 plugins.
Native extension for Android target not found
Native extension for WindowsStandalone target not found
[Package Manager] Failed to launch server process. Reason: Unity was launched with the -noUpm command-line argument
[Package Manager] Unable to send message (not connected to server process).
[Package Manager] Cannot connect to Unity Package Manager local server
Mono: successfully reloaded assembly
- Finished resetting the current domain, in  0.481 seconds
Domain Reload Profiling: 877ms
	BeginReloadAssembly (134ms)
		ExecutionOrderSort (0ms)
		DisableScriptedObjects (4ms)
		BackupInstance (0ms)
		ReleaseScriptingObjects (0ms)
		CreateAndSetChildDomain (25ms)
	RebuildCommonClasses (23ms)
	RebuildNativeTypeToScriptingClass (8ms)
	initialDomainReloadingComplete (21ms)
	LoadAllAssembliesAndSetupDomain (209ms)
		LoadAssemblies (195ms)
		RebuildTransferFunctionScriptingTraits (0ms)
		AnalyzeDomain (87ms)
			TypeCache.Refresh (4ms)
				TypeCache.ScanAssembly (0ms)
			BuildScriptInfoCaches (76ms)
			ResolveRequiredComponents (3ms)
	FinalizeReload (481ms)
		ReleaseScriptCaches (0ms)
		RebuildScriptCaches (0ms)
		SetupLoadedEditorAssemblies (388ms)
			LogAssemblyErrors (0ms)
			InitializePlatformSupportModulesInManaged (10ms)
			SetLoadedEditorAssemblies (3ms)
			BeforeProcessingInitializeOnLoad (69ms)
			ProcessInitializeOnLoadAttributes (286ms)
			ProcessInitializeOnLoadMethodAttributes (16ms)
			AfterProcessingInitializeOnLoad (4ms)
			EditorAssembliesLoaded (0ms)
		ExecutionOrderSort2 (0ms)
		AwakeInstancesAfterBackupRestoration (10ms)
Refreshing native plugins compatible for Editor in 0.41 ms, found 3 plugins.
Preloading 0 native plugins for Editor in 0.00 ms.
Unloading 12 Unused Serialized files (Serialized files now loaded: 0)
Unloading 3689 unused Assets / (2.8 MB). Loaded Objects now: 4341.
Memory consumption went from 91.7 MB to 89.0 MB.
Total: 3.716200 ms (FindLiveObjects: 0.249000 ms CreateObjectMapping: 0.109500 ms MarkObjects: 2.608200 ms  DeleteObjects: 0.748800 ms)

Prepare: number of updated asset objects reloaded= 0
========================================================================
Received Prepare
Refreshing native plugins compatible for Editor in 0.74 ms, found 3 plugins.
Preloading 0 native plugins for Editor in 0.00 ms.
Unloading 12 Unused Serialized files (Serialized files now loaded: 0)
Unloading 3684 unused Assets / (2.8 MB). Loaded Objects now: 4341.
Memory consumption went from 91.9 MB to 89.1 MB.
Total: 6.492000 ms (FindLiveObjects: 0.429900 ms CreateObjectMapping: 0.177500 ms MarkObjects: 4.625100 ms  DeleteObjects: 1.258800 ms)

Prepare: number of updated asset objects reloaded= 0
========================================================================
Received Prepare
Begin MonoManager ReloadAssembly
[Licensing::Client] Successfully resolved entitlement details
- Loaded All Assemblies, in  0.718 seconds
Refreshing native plugins compatible for Editor in 1.20 ms, found 3 plugins.
Native extension for Android target not found
Native extension for WindowsStandalone target not found
[Package Manager] Failed to launch server process. Reason: Unity was launched with the -noUpm command-line argument
[Package Manager] Unable to send message (not connected to server process).
[Package Manager] Cannot connect to Unity Package Manager local server
Mono: successfully reloaded assembly
- Finished resetting the current domain, in  0.797 seconds
Domain Reload Profiling: 1514ms
	BeginReloadAssembly (235ms)
		ExecutionOrderSort (0ms)
		DisableScriptedObjects (7ms)
		BackupInstance (0ms)
		ReleaseScriptingObjects (0ms)
		CreateAndSetChildDomain (43ms)
	RebuildCommonClasses (41ms)
	RebuildNativeTypeToScriptingClass (14ms)
	initialDomainReloadingComplete (36ms)
	LoadAllAssembliesAndSetupDomain (391ms)
		LoadAssemblies (363ms)
		RebuildTransferFunctionScriptingTraits (0ms)
		AnalyzeDomain (160ms)
			TypeCache.Refresh (11ms)
				TypeCache.ScanAssembly (1ms)
			BuildScriptInfoCaches (138ms)
			ResolveRequiredComponents (6ms)
	FinalizeReload (798ms)
		ReleaseScriptCaches (0ms)
		RebuildScriptCaches (0ms)
		SetupLoadedEditorAssemblies (638ms)
			LogAssemblyErrors (0ms)
			InitializePlatformSupportModulesInManaged (14ms)
			SetLoadedEditorAssemblies (4ms)
			BeforeProcessingInitializeOnLoad (109ms)
			ProcessInitializeOnLoadAttributes (465ms)
			ProcessInitializeOnLoadMethodAttributes (33ms)
			AfterProcessingInitializeOnLoad (12ms)
			EditorAssembliesLoaded (0ms)
		ExecutionOrderSort2 (0ms)
		AwakeInstancesAfterBackupRestoration (20ms)
Refreshing native plugins compatible for Editor in 0.79 ms, found 3 plugins.
Preloading 0 native plugins for Editor in 0.00 ms.
Unloading 12 Unused Serialized files (Serialized files now loaded: 0)
Unloading 3689 unused Assets / (2.8 MB). Loaded Objects now: 4342.
Memory consumption went from 91.7 MB to 88.9 MB.
Total: 6.010500 ms (FindLiveObjects: 0.454700 ms CreateObjectMapping: 0.161800 ms MarkObjects: 4.125900 ms  DeleteObjects: 1.267400 ms)

Prepare: number of updated asset objects reloaded= 0
========================================================================
Received Prepare
Refreshing native plugins compatible for Editor in 0.89 ms, found 3 plugins.
Preloading 0 native plugins for Editor in 0.00 ms.
Unloading 12 Unused Serialized files (Serialized files now loaded: 0)
Unloading 3684 unused Assets / (2.9 MB). Loaded Objects now: 4342.
Memory consumption went from 91.9 MB to 89.0 MB.
Total: 6.905400 ms (FindLiveObjects: 0.483200 ms CreateObjectMapping: 0.184200 ms MarkObjects: 4.834900 ms  DeleteObjects: 1.401900 ms)

Prepare: number of updated asset objects reloaded= 0
========================================================================
Received Prepare
Begin MonoManager ReloadAssembly
- Loaded All Assemblies, in  0.630 seconds
Refreshing native plugins compatible for Editor in 0.39 ms, found 3 plugins.
Native extension for Android target not found
Native extension for WindowsStandalone target not found
[Package Manager] Failed to launch server process. Reason: Unity was launched with the -noUpm command-line argument
[Package Manager] Unable to send message (not connected to server process).
[Package Manager] Cannot connect to Unity Package Manager local server
Mono: successfully reloaded assembly
- Finished resetting the current domain, in  0.479 seconds
Domain Reload Profiling: 1107ms
	BeginReloadAssembly (234ms)
		ExecutionOrderSort (0ms)
		DisableScriptedObjects (8ms)
		BackupInstance (0ms)
		ReleaseScriptingObjects (0ms)
		CreateAndSetChildDomain (42ms)
	RebuildCommonClasses (41ms)
	RebuildNativeTypeToScriptingClass (15ms)
	initialDomainReloadingComplete (37ms)
	LoadAllAssembliesAndSetupDomain (301ms)
		LoadAssemblies (333ms)
		RebuildTransferFunctionScriptingTraits (0ms)
		AnalyzeDomain (103ms)
			TypeCache.Refresh (6ms)
				TypeCache.ScanAssembly (1ms)
			BuildScriptInfoCaches (89ms)
			ResolveRequiredComponents (4ms)
	FinalizeReload (479ms)
		ReleaseScriptCaches (0ms)
		RebuildScriptCaches (0ms)
		SetupLoadedEditorAssemblies (389ms)
			LogAssemblyErrors (0ms)
			InitializePlatformSupportModulesInManaged (8ms)
			SetLoadedEditorAssemblies (3ms)
			BeforeProcessingInitializeOnLoad (58ms)
			ProcessInitializeOnLoadAttributes (300ms)
			ProcessInitializeOnLoadMethodAttributes (17ms)
			AfterProcessingInitializeOnLoad (3ms)
			EditorAssembliesLoaded (0ms)
		ExecutionOrderSort2 (0ms)
		AwakeInstancesAfterBackupRestoration (10ms)
Refreshing native plugins compatible for Editor in 0.49 ms, found 3 plugins.
Preloading 0 native plugins for Editor in 0.00 ms.
Unloading 12 Unused Serialized files (Serialized files now loaded: 0)
Unloading 3689 unused Assets / (2.9 MB). Loaded Objects now: 4343.
Memory consumption went from 91.7 MB to 88.9 MB.
Total: 3.941600 ms (FindLiveObjects: 0.245800 ms CreateObjectMapping: 0.109400 ms MarkObjects: 2.763300 ms  DeleteObjects: 0.822500 ms)

Prepare: number of updated asset objects reloaded= 0
========================================================================
Received Prepare
Begin MonoManager ReloadAssembly
- Loaded All Assemblies, in  0.405 seconds
Refreshing native plugins compatible for Editor in 0.34 ms, found 3 plugins.
Native extension for Android target not found
Native extension for WindowsStandalone target not found
[Package Manager] Failed to launch server process. Reason: Unity was launched with the -noUpm command-line argument
[Package Manager] Unable to send message (not connected to server process).
[Package Manager] Cannot connect to Unity Package Manager local server
Mono: successfully reloaded assembly
- Finished resetting the current domain, in  0.424 seconds
Domain Reload Profiling: 830ms
	BeginReloadAssembly (132ms)
		ExecutionOrderSort (0ms)
		DisableScriptedObjects (3ms)
		BackupInstance (0ms)
		ReleaseScriptingObjects (0ms)
		CreateAndSetChildDomain (23ms)
	RebuildCommonClasses (24ms)
	RebuildNativeTypeToScriptingClass (8ms)
	initialDomainReloadingComplete (22ms)
	LoadAllAssembliesAndSetupDomain (221ms)
		LoadAssemblies (196ms)
		RebuildTransferFunctionScriptingTraits (0ms)
		AnalyzeDomain (95ms)
			TypeCache.Refresh (7ms)
				TypeCache.ScanAssembly (1ms)
			BuildScriptInfoCaches (81ms)
			ResolveRequiredComponents (3ms)
	FinalizeReload (425ms)
		ReleaseScriptCaches (0ms)
		RebuildScriptCaches (0ms)
		SetupLoadedEditorAssemblies (337ms)
			LogAssemblyErrors (0ms)
			InitializePlatformSupportModulesInManaged (7ms)
			SetLoadedEditorAssemblies (3ms)
			BeforeProcessingInitializeOnLoad (55ms)
			ProcessInitializeOnLoadAttributes (252ms)
			ProcessInitializeOnLoadMethodAttributes (16ms)
			AfterProcessingInitializeOnLoad (3ms)
			EditorAssembliesLoaded (0ms)
		ExecutionOrderSort2 (0ms)
		AwakeInstancesAfterBackupRestoration (10ms)
Refreshing native plugins compatible for Editor in 0.45 ms, found 3 plugins.
Preloading 0 native plugins for Editor in 0.00 ms.
Unloading 12 Unused Serialized files (Serialized files now loaded: 0)
Unloading 3689 unused Assets / (2.9 MB). Loaded Objects now: 4344.
Memory consumption went from 91.7 MB to 88.8 MB.
Total: 3.931400 ms (FindLiveObjects: 0.235400 ms CreateObjectMapping: 0.105400 ms MarkObjects: 2.673400 ms  DeleteObjects: 0.916700 ms)

Prepare: number of updated asset objects reloaded= 0
========================================================================
Received Prepare
Begin MonoManager ReloadAssembly
- Loaded All Assemblies, in  0.403 seconds
Refreshing native plugins compatible for Editor in 0.58 ms, found 3 plugins.
Native extension for Android target not found
Native extension for WindowsStandalone target not found
[Package Manager] Failed to launch server process. Reason: Unity was launched with the -noUpm command-line argument
[Package Manager] Unable to send message (not connected to server process).
[Package Manager] Cannot connect to Unity Package Manager local server
Mono: successfully reloaded assembly
- Finished resetting the current domain, in  0.470 seconds
Domain Reload Profiling: 873ms
	BeginReloadAssembly (132ms)
		ExecutionOrderSort (0ms)
		DisableScriptedObjects (4ms)
		BackupInstance (0ms)
		ReleaseScriptingObjects (0ms)
		CreateAndSetChildDomain (23ms)
	RebuildCommonClasses (23ms)
	RebuildNativeTypeToScriptingClass (8ms)
	initialDomainReloadingComplete (20ms)
	LoadAllAssembliesAndSetupDomain (220ms)
		LoadAssemblies (196ms)
		RebuildTransferFunctionScriptingTraits (0ms)
		AnalyzeDomain (95ms)
			TypeCache.Refresh (4ms)
				TypeCache.ScanAssembly (0ms)
			BuildScriptInfoCaches (84ms)
			ResolveRequiredComponents (3ms)
	FinalizeReload (470ms)
		ReleaseScriptCaches (0ms)
		RebuildScriptCaches (0ms)
		SetupLoadedEditorAssemblies (381ms)
			LogAssemblyErrors (0ms)
			InitializePlatformSupportModulesInManaged (8ms)
			SetLoadedEditorAssemblies (3ms)
			BeforeProcessingInitializeOnLoad (58ms)
			ProcessInitializeOnLoadAttributes (288ms)
			ProcessInitializeOnLoadMethodAttributes (21ms)
			AfterProcessingInitializeOnLoad (4ms)
			EditorAssembliesLoaded (0ms)
		ExecutionOrderSort2 (0ms)
		AwakeInstancesAfterBackupRestoration (11ms)
Refreshing native plugins compatible for Editor in 0.52 ms, found 3 plugins.
Preloading 0 native plugins for Editor in 0.00 ms.
Unloading 12 Unused Serialized files (Serialized files now loaded: 0)
Unloading 3689 unused Assets / (2.9 MB). Loaded Objects now: 4345.
Memory consumption went from 91.7 MB to 88.9 MB.
Total: 4.059200 ms (FindLiveObjects: 0.258700 ms CreateObjectMapping: 0.114000 ms MarkObjects: 2.816500 ms  DeleteObjects: 0.869500 ms)

Prepare: number of updated asset objects reloaded= 0
========================================================================
Received Prepare
Begin MonoManager ReloadAssembly
[Licensing::Client] Successfully resolved entitlement details
- Loaded All Assemblies, in  0.412 seconds
Refreshing native plugins compatible for Editor in 0.49 ms, found 3 plugins.
Native extension for Android target not found
Native extension for WindowsStandalone target not found
[Package Manager] Failed to launch server process. Reason: Unity was launched with the -noUpm command-line argument
[Package Manager] Unable to send message (not connected to server process).
[Package Manager] Cannot connect to Unity Package Manager local server
Mono: successfully reloaded assembly
- Finished resetting the current domain, in  0.478 seconds
Domain Reload Profiling: 891ms
	BeginReloadAssembly (138ms)
		ExecutionOrderSort (0ms)
		DisableScriptedObjects (4ms)
		BackupInstance (0ms)
		ReleaseScriptingObjects (0ms)
		CreateAndSetChildDomain (24ms)
	RebuildCommonClasses (23ms)
	RebuildNativeTypeToScriptingClass (8ms)
	initialDomainReloadingComplete (22ms)
	LoadAllAssembliesAndSetupDomain (221ms)
		LoadAssemblies (198ms)
		RebuildTransferFunctionScriptingTraits (0ms)
		AnalyzeDomain (92ms)
			TypeCache.Refresh (5ms)
				TypeCache.ScanAssembly (0ms)
			BuildScriptInfoCaches (80ms)
			ResolveRequiredComponents (3ms)
	FinalizeReload (479ms)
		ReleaseScriptCaches (0ms)
		RebuildScriptCaches (0ms)
		SetupLoadedEditorAssemblies (386ms)
			LogAssemblyErrors (0ms)
			InitializePlatformSupportModulesInManaged (7ms)
			SetLoadedEditorAssemblies (3ms)
			BeforeProcessingInitializeOnLoad (60ms)
			ProcessInitializeOnLoadAttributes (291ms)
			ProcessInitializeOnLoadMethodAttributes (20ms)
			AfterProcessingInitializeOnLoad (4ms)
			EditorAssembliesLoaded (0ms)
		ExecutionOrderSort2 (0ms)
		AwakeInstancesAfterBackupRestoration (11ms)
Refreshing native plugins compatible for Editor in 0.46 ms, found 3 plugins.
Preloading 0 native plugins for Editor in 0.00 ms.
Unloading 12 Unused Serialized files (Serialized files now loaded: 0)
Unloading 3689 unused Assets / (2.7 MB). Loaded Objects now: 4346.
Memory consumption went from 91.7 MB to 89.0 MB.
Total: 4.064500 ms (FindLiveObjects: 0.241100 ms CreateObjectMapping: 0.133000 ms MarkObjects: 2.808900 ms  DeleteObjects: 0.880400 ms)

Prepare: number of updated asset objects reloaded= 0
========================================================================
Received Prepare
Refreshing native plugins compatible for Editor in 0.41 ms, found 3 plugins.
Preloading 0 native plugins for Editor in 0.00 ms.
Unloading 12 Unused Serialized files (Serialized files now loaded: 0)
Unloading 3684 unused Assets / (2.9 MB). Loaded Objects now: 4346.
Memory consumption went from 91.9 MB to 89.0 MB.
Total: 6.476000 ms (FindLiveObjects: 0.257900 ms CreateObjectMapping: 0.102100 ms MarkObjects: 4.868000 ms  DeleteObjects: 1.246500 ms)

Prepare: number of updated asset objects reloaded= 0
========================================================================
Received Prepare
Begin MonoManager ReloadAssembly
[Licensing::Client] Successfully resolved entitlement details
- Loaded All Assemblies, in  0.426 seconds
Refreshing native plugins compatible for Editor in 0.37 ms, found 3 plugins.
Native extension for Android target not found
Native extension for WindowsStandalone target not found
[Package Manager] Failed to launch server process. Reason: Unity was launched with the -noUpm command-line argument
[Package Manager] Unable to send message (not connected to server process).
[Package Manager] Cannot connect to Unity Package Manager local server
Mono: successfully reloaded assembly
- Finished resetting the current domain, in  0.454 seconds
Domain Reload Profiling: 882ms
	BeginReloadAssembly (135ms)
		ExecutionOrderSort (0ms)
		DisableScriptedObjects (4ms)
		BackupInstance (0ms)
		ReleaseScriptingObjects (0ms)
		CreateAndSetChildDomain (26ms)
	RebuildCommonClasses (25ms)
	RebuildNativeTypeToScriptingClass (8ms)
	initialDomainReloadingComplete (21ms)
	LoadAllAssembliesAndSetupDomain (238ms)
		LoadAssemblies (208ms)
		RebuildTransferFunctionScriptingTraits (0ms)
		AnalyzeDomain (99ms)
			TypeCache.Refresh (7ms)
				TypeCache.ScanAssembly (1ms)
			BuildScriptInfoCaches (84ms)
			ResolveRequiredComponents (3ms)
	FinalizeReload (455ms)
		ReleaseScriptCaches (0ms)
		RebuildScriptCaches (0ms)
		SetupLoadedEditorAssemblies (366ms)
			LogAssemblyErrors (0ms)
			InitializePlatformSupportModulesInManaged (8ms)
			SetLoadedEditorAssemblies (3ms)
			BeforeProcessingInitializeOnLoad (62ms)
			ProcessInitializeOnLoadAttributes (272ms)
			ProcessInitializeOnLoadMethodAttributes (18ms)
			AfterProcessingInitializeOnLoad (4ms)
			EditorAssembliesLoaded (0ms)
		ExecutionOrderSort2 (0ms)
		AwakeInstancesAfterBackupRestoration (11ms)
Refreshing native plugins compatible for Editor in 0.50 ms, found 3 plugins.
Preloading 0 native plugins for Editor in 0.00 ms.
Unloading 12 Unused Serialized files (Serialized files now loaded: 0)
Unloading 3689 unused Assets / (2.9 MB). Loaded Objects now: 4347.
Memory consumption went from 91.7 MB to 88.8 MB.
Total: 4.073500 ms (FindLiveObjects: 0.292400 ms CreateObjectMapping: 0.137800 ms MarkObjects: 2.804500 ms  DeleteObjects: 0.838100 ms)

Prepare: number of updated asset objects reloaded= 0
========================================================================
Received Prepare
Begin MonoManager ReloadAssembly
- Loaded All Assemblies, in  0.406 seconds
Refreshing native plugins compatible for Editor in 0.42 ms, found 3 plugins.
Native extension for Android target not found
Native extension for WindowsStandalone target not found
[Package Manager] Failed to launch server process. Reason: Unity was launched with the -noUpm command-line argument
[Package Manager] Unable to send message (not connected to server process).
[Package Manager] Cannot connect to Unity Package Manager local server
Mono: successfully reloaded assembly
- Finished resetting the current domain, in  0.503 seconds
Domain Reload Profiling: 910ms
	BeginReloadAssembly (137ms)
		ExecutionOrderSort (0ms)
		DisableScriptedObjects (4ms)
		BackupInstance (0ms)
		ReleaseScriptingObjects (0ms)
		CreateAndSetChildDomain (23ms)
	RebuildCommonClasses (23ms)
	RebuildNativeTypeToScriptingClass (8ms)
	initialDomainReloadingComplete (21ms)
	LoadAllAssembliesAndSetupDomain (219ms)
		LoadAssemblies (202ms)
		RebuildTransferFunctionScriptingTraits (0ms)
		AnalyzeDomain (92ms)
			TypeCache.Refresh (5ms)
				TypeCache.ScanAssembly (0ms)
			BuildScriptInfoCaches (80ms)
			ResolveRequiredComponents (3ms)
	FinalizeReload (503ms)
		ReleaseScriptCaches (0ms)
		RebuildScriptCaches (0ms)
		SetupLoadedEditorAssemblies (400ms)
			LogAssemblyErrors (0ms)
			InitializePlatformSupportModulesInManaged (7ms)
			SetLoadedEditorAssemblies (3ms)
			BeforeProcessingInitializeOnLoad (62ms)
			ProcessInitializeOnLoadAttributes (305ms)
			ProcessInitializeOnLoadMethodAttributes (19ms)
			AfterProcessingInitializeOnLoad (4ms)
			EditorAssembliesLoaded (0ms)
		ExecutionOrderSort2 (0ms)
		AwakeInstancesAfterBackupRestoration (12ms)
Refreshing native plugins compatible for Editor in 0.43 ms, found 3 plugins.
Preloading 0 native plugins for Editor in 0.00 ms.
Unloading 12 Unused Serialized files (Serialized files now loaded: 0)
Unloading 3689 unused Assets / (2.9 MB). Loaded Objects now: 4348.
Memory consumption went from 91.7 MB to 88.8 MB.
Total: 5.020600 ms (FindLiveObjects: 0.271300 ms CreateObjectMapping: 0.114900 ms MarkObjects: 3.759400 ms  DeleteObjects: 0.874000 ms)

Prepare: number of updated asset objects reloaded= 0
========================================================================
Received Prepare
Begin MonoManager ReloadAssembly
- Loaded All Assemblies, in  0.404 seconds
Refreshing native plugins compatible for Editor in 0.69 ms, found 3 plugins.
Native extension for Android target not found
Native extension for WindowsStandalone target not found
[Package Manager] Failed to launch server process. Reason: Unity was launched with the -noUpm command-line argument
[Package Manager] Unable to send message (not connected to server process).
[Package Manager] Cannot connect to Unity Package Manager local server
Mono: successfully reloaded assembly
- Finished resetting the current domain, in  0.464 seconds
Domain Reload Profiling: 869ms
	BeginReloadAssembly (132ms)
		ExecutionOrderSort (0ms)
		DisableScriptedObjects (4ms)
		BackupInstance (0ms)
		ReleaseScriptingObjects (0ms)
		CreateAndSetChildDomain (24ms)
	RebuildCommonClasses (23ms)
	RebuildNativeTypeToScriptingClass (8ms)
	initialDomainReloadingComplete (20ms)
	LoadAllAssembliesAndSetupDomain (220ms)
		LoadAssemblies (197ms)
		RebuildTransferFunctionScriptingTraits (0ms)
		AnalyzeDomain (94ms)
			TypeCache.Refresh (5ms)
				TypeCache.ScanAssembly (0ms)
			BuildScriptInfoCaches (82ms)
			ResolveRequiredComponents (3ms)
	FinalizeReload (464ms)
		ReleaseScriptCaches (0ms)
		RebuildScriptCaches (0ms)
		SetupLoadedEditorAssemblies (373ms)
			LogAssemblyErrors (0ms)
			InitializePlatformSupportModulesInManaged (8ms)
			SetLoadedEditorAssemblies (3ms)
			BeforeProcessingInitializeOnLoad (60ms)
			ProcessInitializeOnLoadAttributes (280ms)
			ProcessInitializeOnLoadMethodAttributes (19ms)
			AfterProcessingInitializeOnLoad (4ms)
			EditorAssembliesLoaded (0ms)
		ExecutionOrderSort2 (0ms)
		AwakeInstancesAfterBackupRestoration (12ms)
Refreshing native plugins compatible for Editor in 0.56 ms, found 3 plugins.
Preloading 0 native plugins for Editor in 0.00 ms.
Unloading 12 Unused Serialized files (Serialized files now loaded: 0)
Unloading 3689 unused Assets / (2.9 MB). Loaded Objects now: 4349.
Memory consumption went from 91.7 MB to 88.8 MB.
Total: 4.112400 ms (FindLiveObjects: 0.244600 ms CreateObjectMapping: 0.107600 ms MarkObjects: 2.838500 ms  DeleteObjects: 0.920800 ms)

Prepare: number of updated asset objects reloaded= 0
========================================================================
Received Prepare
Refreshing native plugins compatible for Editor in 0.70 ms, found 3 plugins.
Preloading 0 native plugins for Editor in 0.00 ms.
Unloading 12 Unused Serialized files (Serialized files now loaded: 0)
Unloading 3684 unused Assets / (3.0 MB). Loaded Objects now: 4349.
Memory consumption went from 91.9 MB to 89.0 MB.
Total: 6.923200 ms (FindLiveObjects: 0.441700 ms CreateObjectMapping: 0.190200 ms MarkObjects: 4.410400 ms  DeleteObjects: 1.880100 ms)

Prepare: number of updated asset objects reloaded= 0
========================================================================
Received Prepare
Begin MonoManager ReloadAssembly
[Licensing::Client] Successfully resolved entitlement details
- Loaded All Assemblies, in  0.722 seconds
Refreshing native plugins compatible for Editor in 1.07 ms, found 3 plugins.
Native extension for Android target not found
Native extension for WindowsStandalone target not found
[Package Manager] Failed to launch server process. Reason: Unity was launched with the -noUpm command-line argument
[Package Manager] Unable to send message (not connected to server process).
[Package Manager] Cannot connect to Unity Package Manager local server
Mono: successfully reloaded assembly
- Finished resetting the current domain, in  0.793 seconds
Domain Reload Profiling: 1514ms
	BeginReloadAssembly (235ms)
		ExecutionOrderSort (0ms)
		DisableScriptedObjects (7ms)
		BackupInstance (0ms)
		ReleaseScriptingObjects (0ms)
		CreateAndSetChildDomain (43ms)
	RebuildCommonClasses (41ms)
	RebuildNativeTypeToScriptingClass (15ms)
	initialDomainReloadingComplete (36ms)
	LoadAllAssembliesAndSetupDomain (394ms)
		LoadAssemblies (358ms)
		RebuildTransferFunctionScriptingTraits (0ms)
		AnalyzeDomain (168ms)
			TypeCache.Refresh (13ms)
				TypeCache.ScanAssembly (1ms)
			BuildScriptInfoCaches (144ms)
			ResolveRequiredComponents (6ms)
	FinalizeReload (793ms)
		ReleaseScriptCaches (0ms)
		RebuildScriptCaches (0ms)
		SetupLoadedEditorAssemblies (635ms)
			LogAssemblyErrors (0ms)
			InitializePlatformSupportModulesInManaged (16ms)
			SetLoadedEditorAssemblies (6ms)
			BeforeProcessingInitializeOnLoad (113ms)
			ProcessInitializeOnLoadAttributes (461ms)
			ProcessInitializeOnLoadMethodAttributes (28ms)
			AfterProcessingInitializeOnLoad (10ms)
			EditorAssembliesLoaded (0ms)
		ExecutionOrderSort2 (0ms)
		AwakeInstancesAfterBackupRestoration (20ms)
Refreshing native plugins compatible for Editor in 1.13 ms, found 3 plugins.
Preloading 0 native plugins for Editor in 0.00 ms.
Unloading 12 Unused Serialized files (Serialized files now loaded: 0)
Unloading 3689 unused Assets / (2.8 MB). Loaded Objects now: 4350.
Memory consumption went from 91.7 MB to 88.9 MB.
Total: 6.117800 ms (FindLiveObjects: 0.448100 ms CreateObjectMapping: 0.168300 ms MarkObjects: 4.254400 ms  DeleteObjects: 1.246200 ms)

Prepare: number of updated asset objects reloaded= 0
========================================================================
Received Prepare
Refreshing native plugins compatible for Editor in 0.70 ms, found 3 plugins.
Preloading 0 native plugins for Editor in 0.00 ms.
Unloading 12 Unused Serialized files (Serialized files now loaded: 0)
Unloading 3684 unused Assets / (2.8 MB). Loaded Objects now: 4350.
Memory consumption went from 91.9 MB to 89.2 MB.
Total: 6.689400 ms (FindLiveObjects: 0.479100 ms CreateObjectMapping: 0.165600 ms MarkObjects: 4.749000 ms  DeleteObjects: 1.294600 ms)

Prepare: number of updated asset objects reloaded= 0
========================================================================
Received Prepare
Begin MonoManager ReloadAssembly
- Loaded All Assemblies, in  0.717 seconds
Refreshing native plugins compatible for Editor in 1.26 ms, found 3 plugins.
Native extension for Android target not found
Native extension for WindowsStandalone target not found
[Package Manager] Failed to launch server process. Reason: Unity was launched with the -noUpm command-line argument
[Package Manager] Unable to send message (not connected to server process).
[Package Manager] Cannot connect to Unity Package Manager local server
Mono: successfully reloaded assembly
- Finished resetting the current domain, in  0.781 seconds
Domain Reload Profiling: 1498ms
	BeginReloadAssembly (232ms)
		ExecutionOrderSort (0ms)
		DisableScriptedObjects (7ms)
		BackupInstance (0ms)
		ReleaseScriptingObjects (0ms)
		CreateAndSetChildDomain (55ms)
	RebuildCommonClasses (41ms)
	RebuildNativeTypeToScriptingClass (14ms)
	initialDomainReloadingComplete (36ms)
	LoadAllAssembliesAndSetupDomain (393ms)
		LoadAssemblies (356ms)
		RebuildTransferFunctionScriptingTraits (0ms)
		AnalyzeDomain (157ms)
			TypeCache.Refresh (10ms)
				TypeCache.ScanAssembly (1ms)
			BuildScriptInfoCaches (135ms)
			ResolveRequiredComponents (6ms)
	FinalizeReload (781ms)
		ReleaseScriptCaches (0ms)
		RebuildScriptCaches (0ms)
		SetupLoadedEditorAssemblies (628ms)
			LogAssemblyErrors (0ms)
			InitializePlatformSupportModulesInManaged (12ms)
			SetLoadedEditorAssemblies (5ms)
			BeforeProcessingInitializeOnLoad (112ms)
			ProcessInitializeOnLoadAttributes (460ms)
			ProcessInitializeOnLoadMethodAttributes (28ms)
			AfterProcessingInitializeOnLoad (10ms)
			EditorAssembliesLoaded (0ms)
		ExecutionOrderSort2 (0ms)
		AwakeInstancesAfterBackupRestoration (18ms)
Refreshing native plugins compatible for Editor in 0.77 ms, found 3 plugins.
Preloading 0 native plugins for Editor in 0.00 ms.
Unloading 12 Unused Serialized files (Serialized files now loaded: 0)
Unloading 3689 unused Assets / (2.9 MB). Loaded Objects now: 4351.
Memory consumption went from 91.8 MB to 88.8 MB.
Total: 6.090400 ms (FindLiveObjects: 0.455200 ms CreateObjectMapping: 0.167700 ms MarkObjects: 4.139800 ms  DeleteObjects: 1.326900 ms)

Prepare: number of updated asset objects reloaded= 0
========================================================================
Received Prepare
Refreshing native plugins compatible for Editor in 1.05 ms, found 3 plugins.
Preloading 0 native plugins for Editor in 0.00 ms.
Unloading 12 Unused Serialized files (Serialized files now loaded: 0)
Unloading 3684 unused Assets / (3.0 MB). Loaded Objects now: 4351.
Memory consumption went from 91.9 MB to 89.0 MB.
Total: 6.837500 ms (FindLiveObjects: 0.470700 ms CreateObjectMapping: 0.184600 ms MarkObjects: 4.663200 ms  DeleteObjects: 1.517800 ms)

Prepare: number of updated asset objects reloaded= 0
========================================================================
Received Prepare
Begin MonoManager ReloadAssembly
- Loaded All Assemblies, in  0.738 seconds
Refreshing native plugins compatible for Editor in 0.66 ms, found 3 plugins.
Native extension for Android target not found
Native extension for WindowsStandalone target not found
[Package Manager] Failed to launch server process. Reason: Unity was launched with the -noUpm command-line argument
[Package Manager] Unable to send message (not connected to server process).
[Package Manager] Cannot connect to Unity Package Manager local server
Mono: successfully reloaded assembly
- Finished resetting the current domain, in  0.806 seconds
Domain Reload Profiling: 1543ms
	BeginReloadAssembly (245ms)
		ExecutionOrderSort (0ms)
		DisableScriptedObjects (8ms)
		BackupInstance (0ms)
		ReleaseScriptingObjects (0ms)
		CreateAndSetChildDomain (43ms)
	RebuildCommonClasses (44ms)
	RebuildNativeTypeToScriptingClass (15ms)
	initialDomainReloadingComplete (37ms)
	LoadAllAssembliesAndSetupDomain (397ms)
		LoadAssemblies (376ms)
		RebuildTransferFunctionScriptingTraits (0ms)
		AnalyzeDomain (162ms)
			TypeCache.Refresh (11ms)
				TypeCache.ScanAssembly (1ms)
			BuildScriptInfoCaches (140ms)
			ResolveRequiredComponents (6ms)
	FinalizeReload (807ms)
		ReleaseScriptCaches (0ms)
		RebuildScriptCaches (0ms)
		SetupLoadedEditorAssemblies (653ms)
			LogAssemblyErrors (0ms)
			InitializePlatformSupportModulesInManaged (13ms)
			SetLoadedEditorAssemblies (4ms)
			BeforeProcessingInitializeOnLoad (124ms)
			ProcessInitializeOnLoadAttributes (474ms)
			ProcessInitializeOnLoadMethodAttributes (30ms)
			AfterProcessingInitializeOnLoad (8ms)
			EditorAssembliesLoaded (0ms)
		ExecutionOrderSort2 (0ms)
		AwakeInstancesAfterBackupRestoration (19ms)
Refreshing native plugins compatible for Editor in 0.83 ms, found 3 plugins.
Preloading 0 native plugins for Editor in 0.00 ms.
Unloading 12 Unused Serialized files (Serialized files now loaded: 0)
Unloading 3689 unused Assets / (2.9 MB). Loaded Objects now: 4352.
Memory consumption went from 91.8 MB to 88.9 MB.
Total: 6.603700 ms (FindLiveObjects: 0.440100 ms CreateObjectMapping: 0.154100 ms MarkObjects: 4.658600 ms  DeleteObjects: 1.349900 ms)

Prepare: number of updated asset objects reloaded= 0
========================================================================
Received Prepare
Begin MonoManager ReloadAssembly
- Loaded All Assemblies, in  0.397 seconds
Refreshing native plugins compatible for Editor in 0.38 ms, found 3 plugins.
Native extension for Android target not found
Native extension for WindowsStandalone target not found
[Package Manager] Failed to launch server process. Reason: Unity was launched with the -noUpm command-line argument
[Package Manager] Unable to send message (not connected to server process).
[Package Manager] Cannot connect to Unity Package Manager local server
Mono: successfully reloaded assembly
- Finished resetting the current domain, in  0.482 seconds
Domain Reload Profiling: 881ms
	BeginReloadAssembly (131ms)
		ExecutionOrderSort (0ms)
		DisableScriptedObjects (4ms)
		BackupInstance (0ms)
		ReleaseScriptingObjects (0ms)
		CreateAndSetChildDomain (23ms)
	RebuildCommonClasses (23ms)
	RebuildNativeTypeToScriptingClass (8ms)
	initialDomainReloadingComplete (21ms)
	LoadAllAssembliesAndSetupDomain (215ms)
		LoadAssemblies (194ms)
		RebuildTransferFunctionScriptingTraits (0ms)
		AnalyzeDomain (92ms)
			TypeCache.Refresh (4ms)
				TypeCache.ScanAssembly (0ms)
			BuildScriptInfoCaches (80ms)
			ResolveRequiredComponents (3ms)
	FinalizeReload (483ms)
		ReleaseScriptCaches (0ms)
		RebuildScriptCaches (0ms)
		SetupLoadedEditorAssemblies (387ms)
			LogAssemblyErrors (0ms)
			InitializePlatformSupportModulesInManaged (8ms)
			SetLoadedEditorAssemblies (3ms)
			BeforeProcessingInitializeOnLoad (59ms)
			ProcessInitializeOnLoadAttributes (293ms)
			ProcessInitializeOnLoadMethodAttributes (21ms)
			AfterProcessingInitializeOnLoad (4ms)
			EditorAssembliesLoaded (0ms)
		ExecutionOrderSort2 (0ms)
		AwakeInstancesAfterBackupRestoration (11ms)
Refreshing native plugins compatible for Editor in 0.38 ms, found 3 plugins.
Preloading 0 native plugins for Editor in 0.00 ms.
Unloading 12 Unused Serialized files (Serialized files now loaded: 0)
Unloading 3689 unused Assets / (2.9 MB). Loaded Objects now: 4353.
Memory consumption went from 91.8 MB to 88.9 MB.
Total: 4.071000 ms (FindLiveObjects: 0.231100 ms CreateObjectMapping: 0.104200 ms MarkObjects: 2.843300 ms  DeleteObjects: 0.891400 ms)

Prepare: number of updated asset objects reloaded= 0
========================================================================
Received Import Request.
  Time since last request: 6146.673231 seconds.
  path: Assets/3dObject/Studio Horizon/Simple Building Generic Free/FBX/Workshop.fbx
  artifactKey: Guid(b540ac0729719c94594e2b8b7a405e91) Importer(815301076,1909f56bfc062723c751e8b465ee728b)
Start importing Assets/3dObject/Studio Horizon/Simple Building Generic Free/FBX/Workshop.fbx using Guid(b540ac0729719c94594e2b8b7a405e91) Importer(815301076,1909f56bfc062723c751e8b465ee728b) (PreviewImporter) -> (artifact id: '8812094af39b8dbfc6e05a74c202403e') in 0.8601939 seconds
Number of updated asset objects reloaded before import = 0Number of asset objects unloaded after import = 8

========================================================================
Received Import Request.
  Time since last request: 0.000017 seconds.
  path: Assets/3dObject/Studio Horizon/Simple Building Generic Free/FBX/Fire_Station.fbx
  artifactKey: Guid(3c63446e9714a774e9326836a60061df) Importer(815301076,1909f56bfc062723c751e8b465ee728b)
Start importing Assets/3dObject/Studio Horizon/Simple Building Generic Free/FBX/Fire_Station.fbx using Guid(3c63446e9714a774e9326836a60061df) Importer(815301076,1909f56bfc062723c751e8b465ee728b) (PreviewImporter) -> (artifact id: 'ec5b71b98831807e9fcd2c5453082554') in 0.03593 seconds
Number of updated asset objects reloaded before import = 0Number of asset objects unloaded after import = 8

========================================================================
Received Import Request.
  Time since last request: 0.000023 seconds.
  path: Assets/3dObject/Studio Horizon/Simple Building Generic Free/FBX/Police_Station.fbx
  artifactKey: Guid(861e24a43738d2a4f884869d84521790) Importer(815301076,1909f56bfc062723c751e8b465ee728b)
Start importing Assets/3dObject/Studio Horizon/Simple Building Generic Free/FBX/Police_Station.fbx using Guid(861e24a43738d2a4f884869d84521790) Importer(815301076,1909f56bfc062723c751e8b465ee728b) (PreviewImporter) -> (artifact id: '993ce778d70aade9cc539c3155e5c6d1') in 0.0201418 seconds
Number of updated asset objects reloaded before import = 0Number of asset objects unloaded after import = 8

========================================================================
Received Import Request.
  Time since last request: 0.000015 seconds.
  path: Assets/3dObject/Studio Horizon/Simple Building Generic Free/FBX/Hospital.fbx
  artifactKey: Guid(bf248c063a81ab249aac3d6df14c5c33) Importer(815301076,1909f56bfc062723c751e8b465ee728b)
Start importing Assets/3dObject/Studio Horizon/Simple Building Generic Free/FBX/Hospital.fbx using Guid(bf248c063a81ab249aac3d6df14c5c33) Importer(815301076,1909f56bfc062723c751e8b465ee728b) (PreviewImporter) -> (artifact id: 'e515ecd81de8501c7f40c9bae8ac6a9d') in 0.0292833 seconds
Number of updated asset objects reloaded before import = 0Number of asset objects unloaded after import = 8

========================================================================
Received Import Request.
  Time since last request: 0.000015 seconds.
  path: Assets/3dObject/Studio Horizon/Simple Building Generic Free/FBX/Market.fbx
  artifactKey: Guid(426427d09eae15a489510a472a49d806) Importer(815301076,1909f56bfc062723c751e8b465ee728b)
Start importing Assets/3dObject/Studio Horizon/Simple Building Generic Free/FBX/Market.fbx using Guid(426427d09eae15a489510a472a49d806) Importer(815301076,1909f56bfc062723c751e8b465ee728b) (PreviewImporter) -> (artifact id: '09c2428405bca223f50f3fba58539084') in 0.0206494 seconds
Number of updated asset objects reloaded before import = 0Number of asset objects unloaded after import = 8

========================================================================
Received Prepare
Begin MonoManager ReloadAssembly
[Licensing::Client] Successfully resolved entitlement details
- Loaded All Assemblies, in  0.434 seconds
Refreshing native plugins compatible for Editor in 0.33 ms, found 3 plugins.
Native extension for Android target not found
Native extension for WindowsStandalone target not found
[Package Manager] Failed to launch server process. Reason: Unity was launched with the -noUpm command-line argument
[Package Manager] Unable to send message (not connected to server process).
[Package Manager] Cannot connect to Unity Package Manager local server
Mono: successfully reloaded assembly
- Finished resetting the current domain, in  0.517 seconds
Domain Reload Profiling: 953ms
	BeginReloadAssembly (151ms)
		ExecutionOrderSort (0ms)
		DisableScriptedObjects (3ms)
		BackupInstance (0ms)
		ReleaseScriptingObjects (0ms)
		CreateAndSetChildDomain (38ms)
	RebuildCommonClasses (24ms)
	RebuildNativeTypeToScriptingClass (8ms)
	initialDomainReloadingComplete (24ms)
	LoadAllAssembliesAndSetupDomain (228ms)
		LoadAssemblies (208ms)
		RebuildTransferFunctionScriptingTraits (0ms)
		AnalyzeDomain (91ms)
			TypeCache.Refresh (5ms)
				TypeCache.ScanAssembly (0ms)
			BuildScriptInfoCaches (80ms)
			ResolveRequiredComponents (3ms)
	FinalizeReload (518ms)
		ReleaseScriptCaches (0ms)
		RebuildScriptCaches (0ms)
		SetupLoadedEditorAssemblies (417ms)
			LogAssemblyErrors (0ms)
			InitializePlatformSupportModulesInManaged (10ms)
			SetLoadedEditorAssemblies (3ms)
			BeforeProcessingInitializeOnLoad (70ms)
			ProcessInitializeOnLoadAttributes (308ms)
			ProcessInitializeOnLoadMethodAttributes (22ms)
			AfterProcessingInitializeOnLoad (4ms)
			EditorAssembliesLoaded (0ms)
		ExecutionOrderSort2 (0ms)
		AwakeInstancesAfterBackupRestoration (11ms)
Refreshing native plugins compatible for Editor in 0.43 ms, found 3 plugins.
Preloading 0 native plugins for Editor in 0.00 ms.
Unloading 12 Unused Serialized files (Serialized files now loaded: 0)
Unloading 3689 unused Assets / (2.8 MB). Loaded Objects now: 4397.
Memory consumption went from 96.5 MB to 93.7 MB.
Total: 3.953100 ms (FindLiveObjects: 0.228000 ms CreateObjectMapping: 0.131900 ms MarkObjects: 2.725300 ms  DeleteObjects: 0.867100 ms)

Prepare: number of updated asset objects reloaded= 0
========================================================================
Received Prepare
Refreshing native plugins compatible for Editor in 0.83 ms, found 3 plugins.
Preloading 0 native plugins for Editor in 0.00 ms.
Unloading 12 Unused Serialized files (Serialized files now loaded: 0)
Unloading 3684 unused Assets / (2.8 MB). Loaded Objects now: 4397.
Memory consumption went from 96.7 MB to 93.8 MB.
Total: 6.529200 ms (FindLiveObjects: 0.451000 ms CreateObjectMapping: 0.170600 ms MarkObjects: 4.613500 ms  DeleteObjects: 1.293600 ms)

Prepare: number of updated asset objects reloaded= 0
========================================================================
Received Prepare
Begin MonoManager ReloadAssembly
- Loaded All Assemblies, in  0.750 seconds
Refreshing native plugins compatible for Editor in 0.65 ms, found 3 plugins.
Native extension for Android target not found
Native extension for WindowsStandalone target not found
[Package Manager] Failed to launch server process. Reason: Unity was launched with the -noUpm command-line argument
[Package Manager] Unable to send message (not connected to server process).
[Package Manager] Cannot connect to Unity Package Manager local server
Mono: successfully reloaded assembly
- Finished resetting the current domain, in  0.805 seconds
Domain Reload Profiling: 1554ms
	BeginReloadAssembly (247ms)
		ExecutionOrderSort (0ms)
		DisableScriptedObjects (7ms)
		BackupInstance (0ms)
		ReleaseScriptingObjects (0ms)
		CreateAndSetChildDomain (51ms)
	RebuildCommonClasses (42ms)
	RebuildNativeTypeToScriptingClass (14ms)
	initialDomainReloadingComplete (37ms)
	LoadAllAssembliesAndSetupDomain (408ms)
		LoadAssemblies (385ms)
		RebuildTransferFunctionScriptingTraits (0ms)
		AnalyzeDomain (161ms)
			TypeCache.Refresh (11ms)
				TypeCache.ScanAssembly (1ms)
			BuildScriptInfoCaches (137ms)
			ResolveRequiredComponents (8ms)
	FinalizeReload (805ms)
		ReleaseScriptCaches (0ms)
		RebuildScriptCaches (0ms)
		SetupLoadedEditorAssemblies (646ms)
			LogAssemblyErrors (0ms)
			InitializePlatformSupportModulesInManaged (13ms)
			SetLoadedEditorAssemblies (5ms)
			BeforeProcessingInitializeOnLoad (117ms)
			ProcessInitializeOnLoadAttributes (471ms)
			ProcessInitializeOnLoadMethodAttributes (31ms)
			AfterProcessingInitializeOnLoad (8ms)
			EditorAssembliesLoaded (0ms)
		ExecutionOrderSort2 (0ms)
		AwakeInstancesAfterBackupRestoration (20ms)
Refreshing native plugins compatible for Editor in 0.72 ms, found 3 plugins.
Preloading 0 native plugins for Editor in 0.00 ms.
Unloading 12 Unused Serialized files (Serialized files now loaded: 0)
Unloading 3689 unused Assets / (2.9 MB). Loaded Objects now: 4398.
Memory consumption went from 96.5 MB to 93.6 MB.
Total: 6.174800 ms (FindLiveObjects: 0.449200 ms CreateObjectMapping: 0.199500 ms MarkObjects: 4.216300 ms  DeleteObjects: 1.309000 ms)

Prepare: number of updated asset objects reloaded= 0
========================================================================
Received Prepare
Refreshing native plugins compatible for Editor in 1.02 ms, found 3 plugins.
Preloading 0 native plugins for Editor in 0.00 ms.
Unloading 12 Unused Serialized files (Serialized files now loaded: 0)
Unloading 3684 unused Assets / (2.9 MB). Loaded Objects now: 4398.
Memory consumption went from 96.7 MB to 93.8 MB.
Total: 6.788200 ms (FindLiveObjects: 0.447000 ms CreateObjectMapping: 0.170100 ms MarkObjects: 4.849600 ms  DeleteObjects: 1.320600 ms)

Prepare: number of updated asset objects reloaded= 0
========================================================================
Received Prepare
Begin MonoManager ReloadAssembly
- Loaded All Assemblies, in  0.729 seconds
Refreshing native plugins compatible for Editor in 0.96 ms, found 3 plugins.
Native extension for Android target not found
Native extension for WindowsStandalone target not found
[Package Manager] Failed to launch server process. Reason: Unity was launched with the -noUpm command-line argument
[Package Manager] Unable to send message (not connected to server process).
[Package Manager] Cannot connect to Unity Package Manager local server
Mono: successfully reloaded assembly
- Finished resetting the current domain, in  0.805 seconds
Domain Reload Profiling: 1532ms
	BeginReloadAssembly (244ms)
		ExecutionOrderSort (0ms)
		DisableScriptedObjects (7ms)
		BackupInstance (0ms)
		ReleaseScriptingObjects (0ms)
		CreateAndSetChildDomain (46ms)
	RebuildCommonClasses (41ms)
	RebuildNativeTypeToScriptingClass (15ms)
	initialDomainReloadingComplete (41ms)
	LoadAllAssembliesAndSetupDomain (386ms)
		LoadAssemblies (367ms)
		RebuildTransferFunctionScriptingTraits (0ms)
		AnalyzeDomain (159ms)
			TypeCache.Refresh (11ms)
				TypeCache.ScanAssembly (1ms)
			BuildScriptInfoCaches (138ms)
			ResolveRequiredComponents (6ms)
	FinalizeReload (806ms)
		ReleaseScriptCaches (0ms)
		RebuildScriptCaches (0ms)
		SetupLoadedEditorAssemblies (642ms)
			LogAssemblyErrors (0ms)
			InitializePlatformSupportModulesInManaged (14ms)
			SetLoadedEditorAssemblies (5ms)
			BeforeProcessingInitializeOnLoad (109ms)
			ProcessInitializeOnLoadAttributes (472ms)
			ProcessInitializeOnLoadMethodAttributes (30ms)
			AfterProcessingInitializeOnLoad (11ms)
			EditorAssembliesLoaded (0ms)
		ExecutionOrderSort2 (0ms)
		AwakeInstancesAfterBackupRestoration (22ms)
Refreshing native plugins compatible for Editor in 0.77 ms, found 3 plugins.
Preloading 0 native plugins for Editor in 0.00 ms.
Unloading 12 Unused Serialized files (Serialized files now loaded: 0)
Unloading 3689 unused Assets / (2.7 MB). Loaded Objects now: 4399.
Memory consumption went from 96.5 MB to 93.8 MB.
Total: 6.067600 ms (FindLiveObjects: 0.467500 ms CreateObjectMapping: 0.178700 ms MarkObjects: 4.114700 ms  DeleteObjects: 1.305700 ms)

Prepare: number of updated asset objects reloaded= 0
Editor requested this worker to shutdown with reason: Scaling down because of idle timeout
AssetImportWorkerClient::OnTransportError - code=2 error=End of file
AssetImportWorker is now disconnected from the server
Process exiting
Exiting without the bug reporter. Application will terminate with return code 0